Title,Method,Product Type,Population,Measurements Used,Study Design,Key Findings,Year,Journal Source,Quality Level
The Current State of 3D-Printed Prostheses Clinical Outcomes: A Systematic Review,"Methods reported include 3D scanning and digital design workflows, 3D printing/additive manufacturing, photograph-based distance measurements with ImageJ scaling, manual anthropometry (tape measure, skinfold caliper, goniometer), CAD/3D modeling, and comparative analysis of digitally versus manually designed sockets","Upper-limb prostheses (3D-printed hands, wrist-driven and myoelectric devices) and lower-limb prostheses (including sockets and amphibious designs)","Combined sample across included studies: 177 participants (various ages and amputation levels reported in individual studies, e.g., trans-radial, partial hand, trans-tibial)","Measurements used include photograph-based linear measurements calibrated with a ruler, direct anthropometry (circumferences, skinfolds), range of motion, strength testing, socket geometric measures (volume, height) and patient-reported Socket Comfort Scores","Systematic review summarizing included primary studies of mixed designs: cross-sectional, prospective cohort, comparative, observational, pilot and feasibility studies","3D-printed prostheses can enhance personalization, fit, comfort, and satisfaction; digital/photograph-based sizing can be accurate and enable remote fitting; digital sockets differ geometrically from manual casts and are often preferred by users, but evidence is limited by small sample sizes and variable quality",2025,Journal of Functional Biomaterials (J. Funct. Biomater.),Overall evidence quality: Mostly moderate/low (majority rated 'fair'; one 'good'; one 'poor')
Antropometric Based Optimization Of Wheelchair Design For Enhanced User Ergonomics,"Anthropometric data collection and analysis using manual anthropometry (implied), with statistical analysis including data normality test, data uniformity test, data sufficiency test, and percentile calculation to determine design criteria",Wheelchair (assistive mobility device),Elderly wheelchair users; sample size and age range not specified in source. The study reports significant variation in anthropometric dimensions among users,"Seat width, backrest height, footrest position; specific anthropometric landmarks or exact measurements not provided in text",Observational study with anthropometric data collection and statistical analysis to derive percentile-based design criteria (procedure described in methods),"Anthropometric-based adjustments (seat width, backrest height, footrest) produced prototype improvements in pressure distribution and sitting posture and yielded design criteria better matching elderly ergonomic needs",2025,Universitas Ahmad Dahlan Public Health Conference Proceeding,"Moderate: study applies statistical anthropometric analysis and prototype testing with reported improvements, but full details on sample size and experimental rigour are not provided in the source text"
Topologically Optimized Anthropomorphic Prosthetic Limb: Finite Element Analysis and Mechanical Evaluation Using Plantogram-Derived Foot Pressure Data,3D scanning of an actual foot using an Artec Eva scanner; use of plantogram-derived foot pressure data to set boundary/loading conditions; Finite Element Analysis (explicit dynamics) for static and dynamic simulation and topology optimization; fabrication/testing of TPMS gyroid lattice specimens via SLS additive manufacturing and mechanical compression/loading-unloading tests to measure energy absorption and damping,Prosthetic foot / lower limb prosthetic,Plantogram data from a single male basketball athlete (75 kg) used for loading conditions; informed consent obtained,"Plantogram foot pressure contours and derived regional dimensions (metatarsal, calcaneus) for ROI and loading; stress values from plantogram (pressure) and FEA stress/strain outputs; 3D scan geometry of a male foot to derive anthropomorphic shape",Experimental/engineering study combining computational FEA simulations and laboratory mechanical testing of fabricated specimens informed by empirical plantogram data,A gyroid TPMS anthropomorphic prosthetic foot (40% relative density) matched plantogram-derived loading and showed unified stress distribution; TPU-GTR composite with gyroid lattice provided adequate energy absorption and damping (loss factor ~0.18) suitable for dynamic loads; minimum functional relative density estimated ~33% from scaling laws,2025,Biomimetics,"Moderate: engineering experimental study with FEA and lab tests supporting design decisions, but limited external validity due to use of plantogram data from a single athlete and no shared datasets"
Applying 3D Scanning and Printing Techniques to Produce Upper Limb Prostheses: Bibliometric Analysis and Scoping Review,"Uses 3D scanning and 3D printing workflows: surface capture with commercial 3D scanners, CT scanning, and photogrammetry to collect geometry; CAD/model adjustment and 3D printing (FDM, SLS, SLA) for fabrication; bibliometric and qualitative analysis of methods across studies","Upper limb prostheses (arm, hand, finger)","Studies synthesized from literature (n=274 papers); populations across included studies vary and include patients, children, and people with upper-limb deficiency but specific sample sizes per study are not provided in this source","Body geometry capture (external surface meshes) via CT, commercial optical 3D scanners, and photogrammetry; measurements for socket/shape/size, and parameters for scaling/parameterizing open-source designs. Specific anthropometric landmarks/dimensions not enumerated in this source",Scoping review (bibliometric analysis and qualitative synthesis) of published literature following PRISMA-ScR,"3D scanning/printing enable faster, more customizable, and lower-cost production of upper-limb prostheses; trends include increased use of scanners, focus on finger mechanisms, control/sensing advances, and accessibility via open-source designs. Scanning methods (CT, optical scanners, photogrammetry) offer alternatives to casting but have limitations capturing nuanced features affecting fit",2025,MDPI (proceedings/journal PDF provided) — full citation not explicitly stated in source; original PDF URL: https://www.mdpi.com/2673-1592/7/2/26/pdf?version=1740996517,"Moderate: systematic scoping review with large literature inclusion (n=274) and PRISMA-ScR methods, but limitations include heterogeneity of included studies, variable reporting of primary-study methods, and exclusion of non-English and proprietary sources"
Methods to assess lower limb prosthetic adaptation: a systematic review,"Predominant methods reported: mobility evaluation, gait analysis, measurement of physical variables, and stability assessment (including functional tests and self-report questionnaires)",Lower limb prosthetic devices,Studies of people with lower limb amputation (various samples aggregated in review); specific sample sizes vary by included study — review covers studies published 2011–2023,"Measurements include residual limb characterization and interface/socket variables, mobility and functional test scores, gait parameters, and physical variables related to stump/socket interface",Systematic review of studies published 2011–2023,Mobility evaluation is the primary predictor of prosthetic fitting; functional tests and self-report questionnaires are the most widely used methods; laboratory-specific methods for measuring specific variables are less implemented in clinical practice and should be adapted for clinical use,2025,Journal of NeuroEngineering and Rehabilitation (J Neuroeng Rehabil),Moderate (systematic review synthesizing multiple studies; quality depends on included studies—review methodology reported but primary-study heterogeneity limits strength)
METHOD FOR CREATING A DIGITAL ATLAS OF 3D MODELS OF HUMAN ANATOMY FOR PROSTHETICS,"Describes automated digital methods: conversion of DICOM (DCM) CT/MRI scans and 3D scans to 3D models using Python scripts and PyVista, file-format unification (STL/OBJ/BLEND), text-based model search and API-driven requests for model adaptation and export for 3D printing","Prosthetic devices (reference limb models, prosthetic limbs, implants)",Not mentioned in source.,"Specifies storage and use of 3D anatomical characteristics and models derived from CT/MRI DICOM data and 3D scans (mesh formats STL/OBJ), but does not list specific anthropometric landmarks or numerical body dimensions",Methodological/technical development paper describing a system and proposed methodology (development study),"Presents that an integrated digital atlas and automated conversion pipeline can improve 3D reconstruction accuracy, simplify prosthesis design workflows, enable adaptation of reference models to individual anatomy, and streamline export for 3D printing and clinical use",2025,Pratsi (institutional/technical journal) — PDF available from pratsi.op.edu.ua,Moderate — technical/method development paper describing system architecture and implementation; lacks reported empirical validation on sample populations or quantitative user studies
EVALUATION OF OFFICE CHAIR DESIGN FROM ERGONOMIC AND ANTHROPOMETRIC PERSPECTIVES,Collected seated anthropometry (11 parameters) and subjective Nordic Body Map questionnaire; statistical analysis including normality tests and percentile calculations (P50/P95) to perform mismatch analysis and percentile-based redesign of chair dimensions,office chair (workplace seating),"32 employees (16 men, 16 women), age 24–42 years, employees of Politeknik Industri Furnitur dan Pengolahan Kayu Kendal","Seated anthropometric measures: popliteal height; buttock-popliteal length; shoulder width; hip width; shoulder height; eye height; seated erect height; seat-to-knee height; buttock-to-knee length; buttock-to-elbow height; backrest inclination angle. Used biomechanical ratios (e.g., seat height vs. popliteal height, seat depth vs. buttock-popliteal length) for mismatch criteria",Observational ergonomic study combining cross-sectional anthropometric measurements and questionnaire-based discomfort assessment; followed by design redesign (applied ergonomics) using percentile-based analysis,"Found severe anthropometric mismatch (seat height 100%; seat depth 94% men, 88% women) and recommended redesign reducing seat height by 30 mm and seat depth by 66 mm; redesigned dimensions align with national and international ergonomic standards, expected to reduce discomfort",2025,E-Journal of Ganesha Technopolis (?) — source is an e-journal entry available at the provided URL. Title and repository given in source metadata,Moderate — observational study with a small sample (n=32) using systematic anthropometric methods and applied redesign; limited by sample size and lack of extensive usability validation
Evaluation of Office Chairs to Enhance Comfort and Reduce Musculoskeletal Risk in Sedentary Work Environments,"Used workforce-specific anthropometric measurements (seat height, seat depth, backrest height, armrest positioning) to redesign chair dimensions; evaluated application with observational ROSA assessments and statistical analysis (paired-sample t-test) to assess ergonomic impact",Office chair (furniture seating),Polytechnic employees; sample size N=32; age 17–61 years; mixed gender (60% female); heights 155–185 cm,"Anthropometric dimensions: seat height (popliteal height), seat depth, backrest height (shoulder height), armrest positioning; demographic measures: height, weight, BMI","Mixed-methods observational intervention (pre-post within-subject trial) with quantitative ROSA assessments, surveys/interviews, and paired-sample t-test analysis","Redesigned chair based on anthropometric data significantly reduced ergonomic risk (ROSA mean 7.03 -> 5.19; mean difference 1.84; paired t-test T=-9.98, p=0.000). Authors note dimensional changes improve fit but recommend adding adjustable features for broader accommodation",2025,"Journal with e-ISSN 2714-7010, Vol.6 No.2, April 2025","Moderate: small sample (N=32) and within-subject pre-post design with objective ROSA measures and statistical testing support findings, but limited generalizability and single-site context"
Methods to assess lower limb prosthetic adaptation: a systematic review,"Systematic review extracting and synthesizing methods reported across studies: literature search and PRISMA screening, data extraction into categories (variables, instruments, conclusions), and critical appraisal. Reported anthropometric/measurement methods in included studies: manual measurements, residual limb volume measurement and accommodation, 3D scanning, pressure sensors, motion capture, instrumented surfaces, alignment tools, specialized software, questionnaires and functional tests",Lower-limb prosthetic devices (transtibial and transfemoral sockets and components),"Studies included varied populations across the literature; the review synthesized 48 papers on residual limb measurements in people with lower-limb amputation (various ages, amputation levels transtibial and transfemoral) and publication dates 2011–2023","Residual limb measurements: limb volume and shape, distances, interface pressure, socket air pressure, temperature, ground reaction forces, angular momentum; measurement techniques include 3D scanning, optical scanners, pressure sensors, instrumented surfaces, motion capture, and automated socket sizing systems","Systematic review (synthesis of 48 included studies spanning experimental, observational, case studies, and technical briefs)",Key findings: mobility and functional tests are the most-used predictors of prosthetic adaptation; questionnaires dominate instruments but are subjective; volume/shape measurements (via 3D scanning/optical scanners) and pressure/force measures provide objective design-relevant data; many tools lack prosthesis-specific validation; recommendation to combine objective measurements with functional and self-report measures and to integrate advanced tools into clinical practice to improve fitting and design implications,2025,Journal of NeuroEngineering and Rehabilitation,"Moderate: systematic-review level synthesis but many included studies had small/heterogeneous samples, non-randomized designs, and measurement limitations, reducing overall evidence strength"
"OpenLimbTT, a transtibial residual limb shape model for prosthetics simulation and design: creating a statistical anatomic model using sparse data",Statistical Shape Model (SSM) construction from MRI/CT volume imaging and segmented surface meshes; mesh registration using non-rigid ICP; size-normalisation to estimated full tibia length; Principal Component Analysis (PCA) to extract modes of variation; prediction methods: Gappy POD/pseudo-inverse and linear regression to predict internal bone geometry from external skin scans; cross-validation via Leave-One-Out testing,Transtibial residual limb / prosthetic socket design and prosthetic limb biomechanics,"Primary imaging sources comprised 33 MRI/CT scans combined; core MRI subject set described as 11 transtibial amputee participants, with the final SSM training set reduced to 10 after outlier exclusion; participants varied in amputation causes, age and time since amputation (not fully enumerated)","Segmented 3D anatomical surface meshes (skin and internal bones: tibia, fibula, patella, distal femur); size normalisation using estimated full tibia length; PCA mode scores quantifying amputation height, soft tissue bulk (slender–bulbous), and regional tissue distribution; quantitative error metrics (RMSE of surface deviations) reported for reconstruction and prediction",Methodological/observational study developing and validating a Statistical Shape Model using MRI/CT datasets with Leave-One-Out cross-validation (SSM development and evaluation),SSM can predict internal bone geometry from external skin scans with median bone-prediction RMSE ≈6.5 mm using linear regression; dominant shape variance is amputation height (~82%) and soft tissue bulk (~7.5%); model reconstruction RMSEs for left-out shapes ranged ~4.8–8.9 mm; provides a shared open-access dataset/model to support prosthetic socket design and simulation,2024,medRxiv preprint (full text available at provided medRxiv URL),"Moderate-to-low: methodological advance but limited by small training dataset (SSM trained on n≈10 after outlier exclusion), validated with LOO cross-validation—useful proof-of-concept but requires larger, more diverse data for high confidence"
A New Automatic Process Based on Generative Design for CAD Modeling and Manufacturing of Customized Orthosis,"Photogrammetry using a smartphone camera for 3D acquisition, reconstruction with Agisoft Metashape, automatic generative-design CAD modeling (Grasshopper/Rhinoceros), and fabrication via FDM 3D printing; clinician/patient usability testing",Customized wrist orthosis (orthotic device),Case study of at least one patient (approx. 130 photos of the patient's wrist); clinician evaluation by orthopedist. No formal sample size or age range reported,"3D surface geometry from photogrammetry capturing wrist/hand shape; derived dimensions (wrist width, finger length/width, palm size); boundary landmarks defined interactively on the 3D mesh","Case study / methods development with prototype evaluation (observational, design-methods study)","Generative-design pipeline using smartphone photogrammetry produced clinically usable wrist orthosis prototypes; method is user-friendly for non-experts and reduces need for specialized technicians, but limited clinical testing and unknown accuracy metrics were noted",2024,Applied Sciences (Appl. Sci.),Low — single case-study / prototype evaluation with limited clinical testing and no reported quantitative accuracy or larger sample validation
Standard Guide for Assessing Fit Accommodation of Exoskeletons for Manufacturers and Designers,"Provides recommendations to use anthropometric databases matched to target populations, distinguish static vs dynamic fit, and assess accommodation rates using population percentiles and ROM evaluations",Exoskeletons,Intended user population for exoskeletons; recommends matching anthropometric datasets to the target population (no specific sample size given),Body size and shape measures; example: shoulder breadth in standardized postures; use of anthropometric database dimensions and ROM-related clearances,Standards/guide document (consensus standard) rather than primary experimental study,"Provides design guidance: use appropriate anthropometric databases, estimate accommodation rates, consider subgroup disaccommodation, provide sizing and adjustment criteria, and evaluate static and dynamic fit to inform design and user instructions",2024,ASTM International standard F3661-24 (DOI: 10.1520/F3661-24),Moderate — consensus standard providing best-practice recommendations; not primary empirical study (no sample size)
Customized Orthosis Design Based on Surface Reconstruction from 3D-Scanned Points,"Develops and applies a 3D scan-based surface reconstruction pipeline: point-cloud acquisition (laser/structured-light scanners) and preprocessing, iterative B-Spline curve approximation and B-Spline surface interpolation, and optimization using the Levenberg–Marquardt algorithm to minimize reconstruction error",Orthotic device (customized orthosis for finger and foot parts),"Two scanned human body parts (finger and foot); specific sample size, age range, and participant demographics not mentioned in source",3D point-cloud coordinates from laser/structured-light scans; derived geometric landmarks and planar cross-sections used to approximate B‑Spline curves and surfaces; reconstruction quality quantified by MRMS/RMS error metrics,Method development with numerical experiments and two case studies (observational/technical case study),"Proposed B‑Spline curve–based reconstruction yields lower reconstruction errors than a prior method and produces accurate surfaces suitable for rapid prototyping of customized orthoses, improving fit and potential patient comfort",2024,Applied Sciences (MDPI),"Moderate: technical methods and quantitative error metrics with two case studies support validity, but limited sample size and lack of clinical/real-user trials reduce evidence strength"
A Review on 3D Scanners Studies for Producing Customized Orthoses,"Review of non‑radiative 3D digitization methods for anthropometry: laser scanning, structured light, photogrammetry, and optical scanners; data processing into CAD/mesh, reverse engineering workflows, and additive manufacturing (3D printing) for producing custom orthoses","Custom orthoses (foot orthoses, ankle-foot orthoses, spinal orthosis examples discussed)",Varied across included studies; review included human participants in orthotics studies (examples include single-subject AFO studies and clinical users of AFO/FO); specific sample sizes and age ranges are reported per included study in the review rather than as a unified sample in this paper,3D point clouds and meshes derived from optical triangulation (surface geometry capture); mesh/mesh processing in CAD for dimensional measurements and model adjustment (no specific anatomical landmark list provided),Systematic review of studies using 3D scanners for custom orthoses (PRISMA-guided),"Photogrammetry highlighted as most suitable for human limb acquisition; 3D scanning+AM enables accurate geometry and improved user satisfaction vs plaster casting; trade-offs include processing time, cost and training barriers for clinical adoption",2024,Sensors (MDPI),Moderate — systematic review methodology (PRISMA) synthesizing 20 included studies; quality depends on heterogenous small‑sample primary studies noted by authors
Anatomical-Based Customized Cervical Orthosis Design in Automation,"Methods include surface 3D scanning using a handheld scanner (Go!Scan 50) to capture neck geometry, automatic anatomical feature identification via a pre-set 12-point template with bipartite graph matching and the Hungarian algorithm for feature matching after distance normalization, template normalization/denormalization and coordinate transforms (Cartesian⇔ cylindrical) to map templates to individual scans and generate centerlines and coverage regions for orthosis geometry, procedural mesh operations (offsetting, Laplacian smoothing, Boolean ops) to create inner/outer layers and allowances, and application of finite element analysis (ANSYS) to assess structural strength and determine minimum thickness requirements.",Cervical orthosis (custom 3D-printed two-piece rigid neck orthosis),Not clearly specified sample demographics; study used scanning procedures on subjects (scanning protocol described) and finite element analysis based on one subject model.,"Used 3D surface geometry with 0.5 mm resolution and a set of 12 anatomical landmark features (chin, mandibular angles, side neck points, clavicles, sternum, external occipital protuberance, mastoid processes, C7 spinous process) as measurement anchors; coordinate systems and centerlines extracted from scan mesh for dimensional offsets and allowances","Design and methods paper with computational development, case-based prototyping and simulation (automated design workflow description + FEA on one-subject model) — observational/development study rather than large-scale experimental trial.","Key findings: automated CAD workflow using 3D scans and anatomical-template matching can generate customized cervical orthoses; FEA indicates minimum PLA thickness of ~5 mm for safety at 20% infill; software embeds anatomical landmarks and allowances to improve fit, ventilation and comfort and reduce manual design effort",2024,Applied Sciences (MDPI),"Moderate-to-low: development and simulation study with detailed methods but limited validation (FEA based on one-subject model, no clinical trial or large sample)."
Insights into the spectrum of transtibial prosthetic socket design from expert clinicians and their digital records,"Analysis of 3D residual limb and CAD/CAM socket surface meshes from paired scans; alignment using ampscan toolbox and iterative closest point (ICP); manual identification of rectification clusters and quantification of carve/build depths; statistical analyses including Spearman correlations, linear regression, kernel density estimation (KDE) and Gaussian Naïve Bayes classification to interpret associations and predict design patterns",Transtibial prosthetic sockets (prosthetic limb sockets),"134 individuals (163 sockets), 36 female and 97 male; mean age 58.6 years (range 19.6–94.1); sockets fitted between Nov 2018 and Nov 2022","Local rectification sizes measured as depth of carve or height of build-up between limb and socket surfaces; volume reduction (VR) computed from mean cross-sectional area differences at 10 sections between mid-patella tendon and distal tibia; use of landmarks (mid-patella, distal tibia) and principal axis for alignment; 3D mesh vertex-based metrics (98th percentile deviation)",Observational cohort study (retrospective analysis of CAD/CAM and 3D scan records),"PTB sockets tended to have larger local rectifications while TSB sockets had greater gross volume reduction; socket designs exist on a PTB–TSB spectrum with many hybrids; significant correlations and probabilistic associations between certain rectification sizes (e.g., medial and lateral paratibial carves) were identified; Naïve Bayes models can predict likely rectification combinations and could inform CAD/CAM design templates to support clinician decision-making",2024,Frontiers in Rehabilitation Sciences (doi:10.3389/fresc.2024.1354069),"Moderate — observational cohort with a relatively large sample of 163 sockets/134 individuals and robust quantitative methods, but limited by retrospective CAD/CAM-only data, lack of soft-tissue palpation data and restricted generalisability"
Current Issues Related to Anthropometry in Engineering,"Reports manual anthropometry (anthrometer, sliding caliper, measuring tape) and body weight scales for dimensional measures, 3D scanning and 3D-model augmentation for detailed shape (pinnae/HRTF), low-cost depth cameras (Kinect) as alternatives, and force-plate-based measures to estimate segment masses and torso COM","Head-worn devices and wearables (including HRTF-related designs), hand-related products/tools, protective/sports/orthopaedic devices, and garment sizing implications",Not mentioned in source.,"Hand dimensions (length, width, depth), waist and hip circumferences, pinnae anatomical dimensions, small-segment widths/depths (hands/feet), and segment masses/torso COM estimates from force-plate data",Review article,"Anthropometry-informed design improves product fit, comfort, and sustainability; conventional manual and some 3D methods have cost/efficiency limits; 3D models improve accuracy for complex shapes (pinnae); and up-to-date, population-specific reference data are necessary for effective ergonomic design",2024,Malaysian Journal of Engineering Research (source PDF),Moderate (review article summarising methods and issues; no primary experimental sample reported)
Shape Analysis of Prosthetic Socket Rectification Procedure for Transtibial Amputees,"High-accuracy 3D surface scanning (EinScan Pro laser scanner) combined with an open-source shape analysis toolbox (AmpScan) including ICP alignment and cross-sectional slicing for extraction of geometric measures; post-processing and MATLAB analysis of extracted metrics (volume, perimeter, sagittal/coronal widths)",Prosthetic socket for transtibial (below-knee) prosthesis,44 transtibial residual limb casts (participants recruited from a single prosthetic facility in India); specific age range not mentioned in source,"Geometric measures extracted: volume, perimeter, cross-sectional area, sagittal and coronal widths; 2 mm axial slicing; alignment to mid-patella reference; use of surface meshes (.stl)",Observational analytical study of paired unrectified and rectified casts using 3D scans (cross-sectional observational study with quantitative shape analysis),"Rectification is concentrated at mid-patella and distal regions (notably 0-25% and distal end), with a mean local volume change ~6.02% (mid-patella to 25%); consistent sagittal-plane modifications; identification of five patient groups based on rectification patterns; results support creating data-driven socket design templates and training resources for clinicians",2024,MDPI journal (article PDF URL indicates MDPI publication) — full journal name not explicitly stated in source text.,"Moderate — observational study with a modest sample size (44 casts), validated scanning protocol, quantitative analysis but limited generalisability per authors' own limitations"
THE PRODUCTION OF HYBRID PROSTHETIC SOCKETS THROUGH THE INTEGRATION OF 3D PRINTING AND CONVENTIONAL LAMINATION,"3D scanning of the residual limb using a structured-light scanner and orientation marks, CAD-based digital modification of the stump model, and additive manufacturing (FFF 3D printing of a PETG socket matrix) combined with conventional lamination (resin-saturated fabrics and silicone filling) for hybrid socket fabrication",Transtibial (below-knee) prosthetic socket,"Single-subject pilot (one 45-year-old male, transtibial/amputated below-knee, weight 65 kg, K-level/Functional Classification Level 4)","3D scan-derived spatial resolution and depth parameters (resolution x/y 0.9 mm, depth resolution 1 mm) and landmark-based digital modifications: measurements and offsets relative to tibial condyles, distal end (e.g., 20 mm from distal end), added/removed mass in mm at specified regions for relief and pressure distribution (e.g., 2–4 mm modifications)",Pilot single-subject case study (experimental prototyping and mechanical testing),The hybrid 3D-printed PETG matrix with laminated outer layer maintained structural integrity under static and dynamic tests (no deviations at walking speeds tested) and was rated more comfortable by the user; hybrid design resisted failure modes seen in purely FFF sockets (supracondylar failures),2024,Civil and Technical Journal (DOI: https://doi.org/10.14311/ctj.2024.2.03),Low (single-subject pilot study with limited generalizability)
Techniques for Measuring the Fluctuation of Residual Lower Limb Volume in Clinical Practices: A Systematic Review of the Past Four Decades,"Systematic review of measurement methods including: water displacement, anthropometric circumference measurements using frustum/cylinder calculations, contact probes, optical/laser 3D scanning (silhouetting, fringe projection, handheld laser scanners), imaging modalities (SXCT, MRI, ultrasound) and bioimpedance (multifrequency electrode-based impedance to estimate extracellular fluid volume).",Residual lower-limb prosthetic sockets (transtibial and transfemoral contexts),Individuals with lower-limb amputation; majority of source studies involve transtibial amputees (36 studies) and fewer transfemoral (5 studies); some studies used able-bodied or model limbs.,Segmental circumferences (tape measures) converted to volume via frustum/cylinder formulas; radial surface geometry and volumes from optical/laser 3D scans; in-socket extracellular fluid/volume changes from multifrequency bioimpedance with electrode placements.,"Systematic review of the literature covering 1975–2022; synthesized 39 peer-reviewed studies of varied designs (validation studies, reliability/test-retest studies, observational/experimental comparisons).",Anthropometry (circumference) is simple and clinic-friendly but poorly correlates with true volume changes; laser/optical 3D scanning provides high-precision surface geometry suitable for digital socket design and shows good reliability/validity in several studies; bioimpedance is highly sensitive for real-time in-socket volume fluctuation measurement but mostly validated for transtibial limbs and measures change rather than absolute volume. Recommendations: choose technique based on clinical phase and aim (anthropometry for early macroscopic monitoring; scanning/imaging for volumetric accuracy; bioimpedance/SXCT for sensitive change detection).,2024,Applied Sciences (MDPI),"Overall review-rated source studies as: 22 high-quality, 14 moderate-quality, 3 low-quality (the review used a 13-item adapted QUADAS-2 based quality scale)"
A high precision laser scanning system for measuring shape and volume of transtibial amputee residual limbs: Design and validation,Uses an automated laser-line 3D scanning system (Micro-Epsilon scanCONTROL 2500-100) combined with a two-camera motion-capture based motion correction; automated linear and rotary stages to translate/rotate the scanner for repeatable scans,Transtibial prosthetic socket/residual limb measurement (prosthetic limb design implications),Validation on a single unilateral transtibial amputee (60-year-old male); sample size = 1 (plus validation on geometric cylinder model),"Laser-line distance profiles (32 Hz, 640 points per line) to capture surface geometry; marker-based motion tracking (6-mm dots) for motion correction; derived cross-sectional diameters, surface area, and volume from meshed point clouds",Experimental validation study (system development and validation using physical cylinder model and single-subject human testing),The scanner achieved high spatial and volumetric accuracy (mean volumetric error 0.17% static; cylinder and human scans with low TEM and high ICC); motion-correction reduced dynamic scan errors; demonstrated repeatable residual limb volume measures and detection of short-term volume change (~4% increase after standing),2024,PLOS ONE (article PDF hosted at journals.plos.org),"Moderate — high technical validation on models (low measurement error, strong reliability metrics), but limited human sample size (n=1) reduces generalizability"
A scoping review of digital fabrication techniques applied to prosthetics and orthotics: part 1 prostheses,"Scoping review extracting methods across studies, focusing on digital anthropometry workflows: digital scanning of residual limbs, CAD-based modeling and rectification, and additive manufacture (CAD/CAM and AM) stages; systematic literature search and data extraction into tabulated fields including workflows and TRL","Prosthetic devices: lower-limb prosthetic sockets, prosthetic feet, upper-limb prosthetic hands and fingers",Not mentioned in source.,"Residual limb dimensions (manual measurements and 3D scanning), anatomical scans used for CAD rectification; measurement techniques summarized as manual measurement, 3D scanning within AnatCADAM workflows","Scoping review (literature review) synthesizing peer-reviewed studies up to July 28, 2021","Many studies use CAD/CAM or AnatCADAM workflows (3D scanning→CAD rectification→AM) but often lack documentation of postprocessing and rectification; evidence gaps include few long-term, large-scale trials and limited reporting on training and modification practices, limiting design translation",2024,Prosthetics and Orthotics International,Moderate (scoping review summarizing mostly low-to-moderate quality primary studies concentrated at TRL 3–4 with few higher-TRL trials)
A scoping review of digital fabrication techniques applied to orthosis fabrication,"Scoping review extracting methods across studies, including digital anatomical capture (3D scanning), manual measurements, CAD-based rectification (including clinically informed CAD), finite element analysis for design optimization, pressure mapping and gait analysis for evaluation, and various additive manufacturing/CAD-CAM fabrication workflows","Orthoses (lower-limb orthoses: insoles, AFOs; upper-limb orthoses: wrist/hand orthoses and casts; spinal orthoses: TLSOs/collars)",Not mentioned in source.,"Common measurements and techniques reported across included studies include plantar pressure mapping, CT-based geometry for FEA, 3D surface scans of anatomical regions, and standard clinical metrics for scoliosis such as Cobb angle, apical vertebral rotation and trunk listing","Scoping review of original research comprising experimental trials, randomized controlled trials, observational cohort studies, case studies, and technical evaluations (mixed study designs)","Digital workflows (3D scanning + CAD rectification + AM/CAM) are increasingly used; strong evidence supports CAD/CAM for spinal braces and insoles, but gaps include limited long-term on-patient evaluation for many device types, incomplete reporting of rectification steps, and variability in materials and durability affecting fit and comfort recommendations",2024,Prosthetics and Orthotics International,"Mixed: high-moderate for CAD/CAM in spinal orthotics and insoles (several RCTs and large cohort studies), but overall evidence is variable with many small, early-stage studies limiting generalizability"
Utilizing Additive Manufacturing for Economical Prosthetic Limb Prototyping: A Guide from Regression Modelling,"Manual anthropometric measurement (flexible measuring tape for ASIS to medial malleolus and acromion to olecranon) on 250 participants, statistical analysis with descriptive statistics and multivariate regression modelling to produce predictive equations, and CAD-based 3D prosthesis prototyping using SolidWorks for additive manufacturing",Lower-limb prosthetic (below-knee prosthetic) prototype intended for prosthetic limb design and additive manufacturing,"250 healthy young adults (male and female), ages 22–35 years","Linear segment measurements: total leg length (ASIS to medial malleolus) and elbow/upper arm length (acromion to olecranon) measured with flexible tape; RLL, LLL, REL, LEL recorded in cm",Observational descriptive study with multivariate regression modelling to develop predictive equations for limb length,"Developed a multivariate regression model with very high predictive accuracy (r=0.993, r²=0.986) allowing estimation of right leg length from left leg and elbow lengths; derived equation (RLL = 2.253 + 0.959 LLL + 0.054 LEL) and demonstrated translation to a 3D-printed lower-limb prosthetic prototype, recommending further validation across diverse populations",2024,Semantic Scholar entry for the article (full journal name not provided in source),"Moderate quality: reasonable sample size (n=250) and clear methods with regression validation, but limited by single-population sampling (healthy young adults, Nigeria) and no clinical testing on amputee users"
Relationship between Learning Environment Design and Musculoskeletal Disorders in Learners,"Manual anthropometric data collection using stadiometer and tape measure, each measurement averaged over three trials, statistical analysis including means, SD, percentiles (5th,50th,95th), and match/mismatch calculations using one-way and two-way limits equations to compare body measurements with furniture dimensions",Classroom furniture (chair-with-table) — ergonomic furniture design,"University students from Kumasi Technical University, Ghana; sample n=188 (108 males, 80 females); age 18–32, mean 22.86 years","Anthropometric measures: popliteal-to-floor height, elbow-to-seat height, thigh thickness, sitting height, buttock-to-popliteal length, buttock-to-knee length, elbow-to-elbow breadth, width of bitrochanter, subscapular height, sitting shoulder height, and stature; Design dimensions: seat height, backrest upper edge, seat width, seat depth, table length/width/height, backrest height, footrest",Observational cross-sectional anthropometric study with statistical analysis (descriptive percentiles and match/mismatch comparisons),"High prevalence of mismatch between student anthropometry and classroom furniture: notably seat width, seat depth, backrest height/upper edge, and table height (up to 92.6–100% mismatch). Authors provide percentile-based recommended furniture dimensions to improve ergonomic fit and reduce MSD risk",2024,Semantics Scholar record / unspecified journal (source metadata),Moderate — cross-sectional study with reasonable sample size (n=188) and standard anthropometric methods; limited by single-site sampling and unspecified peer-reviewed journal details
A Workflow for Studying the Stump	6Socket Interface in Persons with Transtibial Amputation through 3D Thermographic Mapping,Integrated 2D thermal image acquisition and 3D surface scanning with spatial registration using 3D thermographic markers; Kinect-based 3D scanning with Skanect; thermal camera calibration and image-to-geometry registration in MeshLab; color-temperature mapping using MATLAB image processing and an ANN to map RGB to temperature,Prosthetic socket / lower-limb prosthesis (transtibial),Single-case: 65-year-old man with traumatic third-proximal transtibial amputation (n=1),Thermal temperature matrices (240x320 pixels) mapped onto high-resolution 3D meshes (~16k vertices) using 3D thermographic markers; registration accuracy reported (median error 2.7 mm),Method development and feasibility case study (experimental single-subject),"Feasibility: successful integration of thermal and 3D data with median registration error 2.7 mm; identified hot spots post-walking useful to inform socket adjustments; protocol uses low-cost, widely available tools and markers and can support socket manufacturing decisions",2023,"Sensors (MDPI), 2023",Low (single-subject feasibility study; limited generalizability)
Review and critique of current testing protocols for upper-limb prostheses: a call for standardization amidst rapid technological advancements,"Systematic narrative review of task-based assessment protocols; extraction and analysis of methods used in identified tests including motion capture and eye-tracking (GaMA), task-based object manipulation protocols such as AHAP using standardized object sets and rater scoring.",Upper-limb prostheses (prosthetic hands/arms),Pediatric and adult prosthesis users as represented in reviewed studies; varied sample sizes across included tests (not summarized in source),"Measurement techniques include motion capture and eye-tracking for kinematics and gaze (GaMA), inertial measurement units and pressure mats for movement/deviation metrics (PHAM), and standardized object dimensions/counts for task scoring (BBT).",Narrative review of peer-reviewed assessment studies and protocols (summary and critique of 25 validated tests),"Identified gaps: lack of standardized measures, limited integration of patient feedback in most tests; recommendation for dual clinical/research testing streams to balance efficiency and comprehensiveness; highlighted design-relevant factors affecting prosthesis use such as socket fit and comfort that influence adoption.",2023,Frontiers in Robotics and AI (Front. Robot. AI),Moderate — peer-reviewed narrative review synthesizing many validated assessment studies; provides broad critique but does not present new primary anthropometric data
Functionality and Comfort Design of Lower-Limb Prosthetics: A Review,"Discusses manual plaster casting, 3D scanning and digital modeling, CAD/CAM workflows for 3D printing, finite element analysis (FEA), and pressure-mapping/computer simulation methods for socket design and load distribution","Lower-limb prosthetic devices (transtibial/transtemporal sockets, transfemoral prostheses, prosthetic feet and knees)",Individuals with lower-limb amputations; specific cited studies include transtibial and transfemoral populations but source does not consistently list sample sizes or age ranges for all referenced papers,"Residual limb shape and dimensions (3D surface geometry), socket–residual limb interface pressures/pressure mapping, stump–socket interface stress, and limb volume (to address volume fluctuations)",Systematic literature review (design synthesizing peer-reviewed studies),"Highlights that anthropometric and anatomical capture methods (plaster casting, 3D scanning) combined with CAD/FEA and pressure-mapping inform socket design; design recommendations include adjustable sockets to accommodate volume changes and use of simulation/pressure data to optimize load distribution and comfort",2023,Journal of Disability Research,"Moderate — systematic review summarizing many peer-reviewed studies (91 references), but level depends on quality of included studies rather than new primary data"
"Advances in the measurement of prosthetic socket interface mechanics: a review of technology, techniques, and a 20-year update","Narrative review of sensor and measurement methods including insertion of thin-film pressure sensors (force-sensitive resistors) between residual limb and socket, force transducer load-cells embedded in socket walls, capacitive sensors, fiber Bragg grating (fiber optic) sensors, fluid-filled (pneumatic) sensors, electronic skin (E-skin), benchtop testing and in-socket clinical measurements, and discussion of 3D-printed integrated sensor designs","Lower-limb and upper-limb prosthetic sockets (transtibial, transfemoral, transradial, transhumeral, shoulder disarticulation)","Aggregated literature across 87 articles covering participants with transtibial, transfemoral, transradial, transhumeral amputations and shoulder disarticulation; individual study sample sizes vary across included papers (not detailed in this review)","Interface mechanical measures: normal pressures (reported range 12.5–760 kPa), shear stresses (~45–78 kPa), force magnitudes, pressure distributions, and related metrics captured via sensor placement either between limb and liner or between liner and socket",Narrative review of experimental and clinical measurement studies (review synthesizing 87 articles covering benchtop experiments and in-socket clinical measurements),"Sensor technologies can provide quantitative data to inform socket fabrication and assessment, but many experimental sensors lack clinical validation and ease-of-use; commercially available systems (e.g., Tekscan F-Socket) are commonly used despite accuracy limits, and larger, standardized clinical studies are needed to translate methods into practice",2023,Prosthetics and Orthotics International (journal),Moderate — narrative review synthesizing 87 studies including benchtop and small clinical studies; highlights experimental methods but notes limited large-scale clinical validation across technologies
Low limb prostheses and complex human prosthetic interaction: A systematic literature review,"Systematic literature review extracting methods reported across studies: manual/biopotential measurements (sEMG/iEMG), EEG-based BCI, IMU and environmental sensors (force plates, cameras, GRF), 3D motion capture (Vicon), and machine learning for interpretation and control","Lower-limb prostheses (ankle-foot, knee-ankle, transfemoral, transtibial)",Not mentioned in source.,"Inertial measurements (IMU: acceleration, angular rate), ground reaction force (GRF), motion capture kinematics (Vicon), sEMG/iEMG, EEG, pressure sensors, and encoder/current sensors for joint angles/power",Systematic literature review (review) summarising 194 selected articles,"Identified need for standardised design structure (HPI, sensing, electronics, control), gaps in energy management, and recommendation to integrate anthropometric/biomechanical sensing (IMU, GRF, motion capture) and ML-based interpretation for fit, ergonomics and control",2023,Frontiers in Robotics and AI (Front. Robot. AI),Moderate (systematic review summarising 194 articles; provides breadth but depends on included studies)
The Perfect Fit : Using 3 D technologies to create custom-fitted prosthetic arm sockets,Not mentioned in source.,Prosthetic arm sockets,Not mentioned in source.,Not mentioned in source.,Not mentioned in source.,The study reports substantial manufacturing cost reductions (~60%) and time savings (400 work hours per year) from using 3D technologies for custom-fitted prosthetic arm sockets,2016,Not mentioned in source.,Not mentioned in source.
Ergonomic guidelines for the design interfaces of additive modules for manual wheelchairs: sagittal plane,Motion-capture using video markers (AruCo markers) with GoPro HERO7 and OpenCV-based proprietary software to extract 2D point clouds; alpha-shape contouring and averaging; post-processing in Rhinoceros/Grasshopper to standardise loops and define averaged hand-reach areas,Manual wheelchair (additional accessory interfaces),Ten manual wheelchair users (N=10); participants chosen to reflect 50th-percentile anthropometric dimensions; similar age and physical condition (no detailed age range reported),"2D positional measurements of hand marker (ID1) relative to wheelchair reference marker (ID0) in sagittal plane; extracted point clouds converted to contours (alpha-shape), averaged to define four reach areas; control points and confidence intervals reported; shoulder height measured experimentally",Experimental observational study with in-situ motion capture; repeated measures (three tests per participant) averaged to define reach areas (N=30),"Defined four sagittal-plane hand-reach zones (AoC, AoA, AoR, AoP) with control points and confidence intervals to guide placement of accessory interfaces; recommend placing frequently-used or force-requiring controls within AoC/AoA and locating infrequent or low-force controls in AoR; provide point lists for plotting on wheelchair frames",2023,Scientific Reports (Nature Publishing Group),Moderate: peer-reviewed experimental study with clear methods and open-data availability but small sample size (N=10) limits generalisability
An Integrative Computational Design Workflow and Validation Methodology for 3D-Printed Personalized Orthopedic Devices: Case Study of a Wrist‑Hand Orthosis (WHO),"3D surface scanning to capture limb point clouds, CAD processing and mesh cleaning/repair, parametric/visual-programming-based CAD customization (Grasshopper + Rhinoceros), and FEA for design validation and optimization; applied in a semi-automated workflow to generate 3D-printable orthosis geometry",Wrist-hand orthosis (WHO),Patients requiring immobilization for distal radial/ulnar and carpal fractures; specific sample size and age range not mentioned in source.,"3D surface point clouds with high-resolution laser scanning (50 μm nominal, 30 μm accuracy); manual reference linear and circumferential measurements (wrist-elbow distance, arm length, palm/wrist/elbow circumferences); mesh processing steps (noise removal, decimation, tessellation, hole repair) used to produce watertight STL for CAD",Methodology development and case study with prototype fabrication and multi-modal validation (observational/experimental case study),A parametric 3D scanning-to-CAD workflow produced a functional dual-material WHO that withstood mechanical loads in testing without failure; FEA guided design changes (added fastening band); dimensional accuracy showed substantial portions of surfaces within ±0.1 mm tolerances; materials showed no significant proinflammatory response in vitro—supporting feasibility of the workflow for personalized orthosis design,2023,Processes (MDPI),Moderate: single case-study/method development with prototype fabrication and laboratory validation but without large user trials or clinical sample size; data available upon request supports transparency
Product Development of Assistive Technology for the Feet of a Person with Cerebral Palsy,3D scanning of a plaster mold; generation of 3D CAD model; additive manufacturing (Fused Deposition Modeling).,Customized foot orthosis (assistive orthotic device),Single case study: one child with cerebral palsy (no additional demographic details provided in source).,Geometry of plaster mold captured via 3D scan; limb dimensions implied from plaster cast (specific landmarks/dimensions not detailed).,Case study / product development study (single-subject),3D scanning of a plaster mold combined with CAD and FDM allowed creation of a customized orthosis with good results in the reported case; method supports personalized assistive product development.,2017,Not mentioned in source.,"Low (single case study; limited generalizability)"""
"Introduction to the Special Issue, Anthropometry in Design","Discussion of multiple anthropometric methods: manual/standard measurements and ranges, 3D/4D body scanning for surface capture, and multivariate/statistical techniques including PCA and Virtual Fit Test (VFT) using CAESAR data.",Wearable products and furniture (including school furniture); general discussion applicable to prosthetic/assistive product design.,"Referenced datasets: ANSUR2 (6,068 US Army personnel: 4,082 males, 1,986 females) and CAESAR (≈5,000 civilian subjects aged 18–65).","General anthropometric measures: circumferences, segment lengths, body mass; datasets contain many specific measurements (e.g., ANSUR2 includes 93 measurements).","Editorial/overview introducing a special issue (literature overview and data-source discussion), not an original experimental study.","Highlights the value of 3D/4D scanning for capturing body surfaces in motion, recommends multivariate methods (PCA, VFT) for estimating accommodation in multivariate designs, and notes context-dependent fit tolerances including tight tolerance needs for prostheses.",2023,Special issue introduction (repository.tudelft.nl) / editorial in the special issue 'Anthropometry in Design',Moderate (overview/editorial summarizing methods and datasets; useful for methods and theory but not primary empirical prosthetics studies)
A Method for the Development of Personalised Orthosis Using Three-Dimensional Technologies,Not mentioned in source.,Not mentioned in source.,Not mentioned in source.,Not mentioned in source.,Not mentioned in source.,Not mentioned in source.,2023,Not mentioned in source.,Not mentioned in source.
Design and development of a novel 3D-printed non-metallic self-locking prosthetic arm for a forequarter amputation.,Not mentioned in source.,Not mentioned in source.,Not mentioned in source.,Not mentioned in source.,Not mentioned in source.,Not mentioned in source.,2020,Not mentioned in source.,Not mentioned in source.
"An Interplay of Chair Dimensions, Anthropometric Measures, Posture, and Comfort Among Students",Not mentioned in source.,Not mentioned in source.,Not mentioned in source.,Not mentioned in source.,Not mentioned in source.,Not mentioned in source.,2023,Not mentioned in source.,Not mentioned in source.
The design of a family of parametric anatomically-based compliant buttock models to evaluate wheelchair cushion performance,Not mentioned in source.,Not mentioned in source.,Not mentioned in source.,Not mentioned in source.,Not mentioned in source.,Not mentioned in source.,2023,Not mentioned in source.,Not mentioned in source.
Association between anthropometric measurements of chairs and biomechanical variables leading to musculoskeletal problems in students at different government universities of Multan.,"Manual anthropometric measurement of 23 body dimensions and measurement of 11 chair dimensions, with analysis of fit using combinational equations",Chairs (seating),"383 university students in Multan, Pakistan (no age range given)","Body dimensions including shoulder height, shoulder breadth, knee height, popliteal height, sitting elbow height, elbow-fingertip length, abdominal depth, buttock-popliteal length, thigh thickness, forearm width; and chair dimensions including seat height, depth, width, desk dimensions, backrest height/depth, seat pan depth",Cross-sectional observational study,"Most existing chairs did not match student anthropometry, leading to musculoskeletal problems; study provides recommended chair dimensions (e.g., seat height 33.2 cm, seat width 43.6 cm, seat depth 42 cm)",2023,Not mentioned in source.,Moderate (cross-sectional design with a relatively large sample of 383)
Design and development of a novel 3D-printed non-metallic self-locking prosthetic arm for a forequarter amputation.,Not mentioned in source.,Prosthetic arm (forequarter/cosmetic prosthesis).,Single user with acquired forequarter amputation; specific sample size not stated in source summary.,Not mentioned in source.,Device design; iterative user-centred design and prototyping.,"The customised 3D-printed prosthesis provided precise fit, improved user satisfaction on QUEST 2.0 for effectiveness, size accuracy, ease of use and suspension compared to a traditional device; durability lower and weight 100 g heavier than prior prosthesis.",2020,Not mentioned in source.,Low (single-case device design study with no full-text details available).
Customizable Design of 3D Printed BodyPowered Prosthesis for Trans-Radial and Shoulder Disarticulation Amputees,"Measurements taken manually and stump scanned with a 3D scanner; stages: measurement, 3D scanning, 3D modeling, 3D printing, examination, analysis",Body-powered prosthesis for trans-radial and shoulder disarticulation amputees,Trans-radial and shoulder disarticulation amputees (sample size not mentioned),Manual hand size measurements and 3D scans of the stump/amputation area (specific dimensions/landmarks not mentioned),Design and manufacturing study (development/experimental case study),"3D printed prostheses enabled customizable designs suitable for trans-radial and shoulder disarticulation amputees; trans-radial prosthesis weight ~600 g, shoulder disarticulation ~900 g; functional features (detangler, auto-locking, voluntary open grip) allowed daily activities",2019,Semantic Scholar entry (source URL) — original venue not provided in source metadata.,Low (developmental/design case study; full text and sample size not provided)
Ergonomics Leg Prosthetic Redesign Using An Anthropometric Approach,"Static anthropometric measurement of a single user (manual body dimension measurements captured as named dimensions D6–D31) and application of percentile-based adjustments (95th percentile referenced) to redesign the prosthetic limb, with iterative trial fitting and material/component selection",Leg prosthetic (lower-limb prosthesis),Single case: one 61-year-old male unilateral (right) foot amputee (resident-based case),"Specific body dimensions labeled D6–D31 (examples: D6=87.5 cm, D7=64 cm, D11=38 cm, D12=11.8 cm, D13=39 cm, D14=37 cm, D15=52 cm, D16=40.2 cm, D30=20.5 cm, D31=8 cm); static manual anthropometric measurements",Single-case observational design with a redesign intervention and trial fitting (case study),"Redesign using user-specific anthropometric measurements (adjusted via 95th percentile approach) produced improved comfort, reduced weight, and eliminated need for walking aid in this case",2022,MATEC Web of Conferences (ICST2022),Low — single-case study with limited generalizability and no quantitative controlled comparison
Automated Design and Rapid Manufacturing of Low-Cost Customized Upper Limb Prostheses,"Methods: 3D scanning of stumps and contralateral limb, custom algorithms for 3D scan data processing, intelligent parametric CAD models that adapt geometry automatically to scan data, and additive manufacturing (FDM 3D printing) for prototype fabrication","Upper-limb prostheses (mechanical prosthesis and cosmetic prosthesis); components: prosthetic socket, forearm, and hand","Two patients: a 30-year-old male and an 11-year-old female, both with left transradial (forearm) amputations; sample size = 2",Measurements: 3D scan-derived mesh planar section coordinates exported as point coordinates; seven parallel planes with closed splines defined by 8 control points each; parameters include arm/forearm lengths and stump circumference among others,"Case study / methodological development reporting two design/manufacturing cases using 3D scanning, CAD automation, and 3D printing (observational/descriptive)","Key findings: Automated CAD-driven workflow based on 3D scans can generate customized upper-limb prostheses; printed sockets matched stump geometry in collision analyses; approach reduced design time to minutes and lowered costs, though clinical fitting and broader validation remain necessary",2022,"Journal of Physics: Conference Series (GCMM 2021), IOP Publishing",Moderate: methodological case study with detailed methods and prototype testing but small sample size (n=2) and no quantitative accuracy/clinical validation reported
Design of an Individual Cover for a Lower Limb Prosthesis,"Collected surface geometry via optical 3D scanning (Artec Eva), reverse‑engineering to create CAD models, and additive manufacturing for production; sizing/alignment calibrated using a measured prosthetic tube adapter diameter (d = 35 mm)",Lower limb prosthesis cover (cosmetic/protective cover for transfemoral prosthesis),"Single subject case: 45‑year‑old male, left transfemoral amputation (residual limb with transfemoral prosthesis)",Surface geometry of both limbs obtained by 3D scan (including residual limb with prosthesis and prosthetic knee region); a physical reference measurement: prosthetic tube adapter diameter (35 mm) used for scale/alignment,Design methodology case study / technical design report (single‑subject design),"3D scanning + CAD enables practical, time‑saving capture of individual anatomy for bespoke cover design; AM production can reduce cost versus commercial designer covers; methodology requires replication on multiple subjects for verification",2022,Acta Mechanica Slovaca (conference/journal PDF at provided URL),"Low — single‑subject design, technical/case study without broader validation"
The Perfect Fit : Using 3 D technologies to create custom-fitted prosthetic arm sockets,Not mentioned in source.,Not mentioned in source.,Not mentioned in source.,Not mentioned in source.,Not mentioned in source.,Not mentioned in source.,2016,Not mentioned in source.,Not mentioned in source.
"Comparison of Traditional, MRI, and 3D Scanning Anthropometric Measurements in Hand Prosthesis Design","Collected measurements using MRI, 3D scanning, and traditional manual anthropometry; analysed using one-way ANOVA and Bland-Altman plots",Hand prosthesis (custom prosthesis design),"Single participant: 29-year-old male with proximal phalanx amputation of right-hand fingers (index, ring, little)","Thirty different hand measurements using 36 anatomical markers placed on both hands; measurements obtained from STL 3D models (Geomagic Studio) and traditional tools (tape, calipers)","Observational measurement-comparison study (single-subject experimental comparison) with statistical analysis (ANOVA, Bland-Altman)","No significant differences between traditional, MRI and 3D scanning measurements (p<0.98); 3D scanning closely matched MRI and is recommended for custom prosthesis design due to cost-effectiveness, speed, reliability and repeatability",2022,Semantic Scholar record (original journal/conference not specified in source),Low (single-subject study limits generalisability; observational comparison with limited sample)
Automation of Measurements for Personalized Medical Appliances by Means of CAD Software—Application in Robin Sequence Orthodontic Appliances,"Digitization with an extraoral surface scanner followed by semi-automatic CAD-based processing and measurement using Rhinoceros 7 + Grasshopper (custom scripts/plugins) with user-selected anatomical landmarks, construction of base and sectional planes, automated extraction of sectional curves, centroids, widths, thicknesses, areas, lengths, angles and volumes, and CSV export of measurements",Orthodontic personalized medical appliance: Tübingen Palatal Plate (TPP) intraoral device used in Robin sequence treatment,Newborns and small infants (three TPP cases: one newborn first-plate; two infants receiving second plates); sample = 3 devices/cases,"Landmark-based metrics: incisive papilla, Q1/Q2, extension end; sectional curves S0-S5 with centroids; widths, thicknesses, sectional areas, sagittal and effective lengths, inter-centroid angles, effective extension volume; measurements derived from mesh geometry following plane-sectioning",Proof-of-concept experimental/technical study with measurements on three case samples,"CAD-based automated measurement enabled quantification of small morphological differences across TPPs, reduced measurement time and operator error, and has potential to inform standardization and guideline development for device design and fitting",2022,Bioengineering (MDPI),"Low (proof-of-concept, n=3 cases; technical validation rather than large-sample evaluation)"
Design for All – Design for Disabled: How important is anthropometry?,Position paper summarizing workshop contributions and existing standardization efforts; discusses anthropometric data sources and gaps rather than original measurement methods,"Mobility and accessibility products / environments (assistive devices, wheelchairs, built-environment accessibility)",People with disabilities; no specific sample size or age range reported in this position paper,Not mentioned in source.,Position paper / workshop summary (review/opinion),Identifies significant gaps in anthropometric data for people with disabilities and calls for standardized data collection to support accessible product and environment design,2022,"Work (journal), supplement 73(s1): S57-S65",Low — position paper / expert workshop summary (no original empirical data)
3D Body Scan as Anthropometric Tool for Individualized Prosthetic Socks,"Used a Vitronic VITUSSMART LC full 3D body scanner with custom scanning scenario and Anthroscan software configuration; manual tape measurements per ISO 7250 for validation; measurements extracted via software length and cross-sectional tools; statistical analysis included paired t-tests, MAD, TEM, CV, and reliability constant calculations",Prosthetic interface textile: individualized prosthetic socks / prosthetic stockings for upper-limb (arm) amputations,"Eight adult volunteers (4 men, 4 women); participants were persons without mobility disorders; sample size = 8","Three longitudinal length measures and three circumferential measures per arm (total 12 locations); lengths measured between physical markers, circumferences via planar cross-sections in scanner software; markers placed to align manual and digital measures",Experimental validation study (pre-study + data collection) comparing 3D scanning to manual tape measurements with statistical analysis (paired t-tests),"A seated scanning scenario (arms slightly away) with specific scan angles (45° and 315° for different regions) produced usable scans; no significant mean differences between scanner and manual measures by paired t-test, scanned data had lower error for 9/12 measures indicating higher precision; scanner showed good external reliability though some validity and internal reliability limits noted; recommended further development and larger sample and work to convert scans to knit patterns for individualized prosthetic socks",2021,Autex Research Journal (article available at sciendo.com),Low — small sample (n=8) experimental validation; authors recommend larger sample (≥85) for stronger statistics
Customized Designs and Biomechanical Analysis of Transtibial Prosthetic Leg,"3D scanning of the residual limb to capture geometry, CAD modification in 3-Matic to create socket designs, and Finite Element Analysis (FEA) to evaluate socket designs and materials",Trans-tibial prosthetic leg (socket-focused),One transtibial amputee (single-case),"Residual limb geometry from 3D scan; socket dimensions specified (widths, length, wall thickness) and placement/size of perforations/windows recorded",Design study with computational biomechanical evaluation (FEA) — single-case experimental/engineering analysis,Perforated/open designs reduced von Mises stress and displacement compared with conventional socket; ABS material provided greater stability than PP and similar performance to PLA; FEA indicates customized 3D-scanned sockets are promising for improved biomechanical performance,2021,Journal of Physics: Conference Series (IOP Conference paper),Low (single-subject engineering study with computational FEA and limited generalizability)
Customizable Design of 3D Printed BodyPowered Prosthesis for Trans-Radial and Shoulder Disarticulation Amputees,Measurements taken manually; 3D scanning of the stump; 3D modeling; 3D printing; examination and analysis stages.,Body-powered prosthesis for trans-radial and shoulder disarticulation amputees,Not mentioned in source.,Manual hand size measurements and 3D scan of the stump amputation area,Not mentioned in source.,"3D printed prostheses can provide customizable, body-powered prostheses for trans-radial and shoulder disarticulation amputees; reported weights and load capacities for device variants; inclusion of mechanisms for pronation/supination and auto-locking/voluntary open grip to support activities of daily living",2019,Not mentioned in source.,Low (developmental/design case study; full text and sample size not provided)
Custom Prosthetic Cover Development Methodology,Manual band-gauge anthropometric measurement plus optical 3D scanning with an Artec Eva; export to STL and CAD processing; scan processing and overlap using VG Studio MAX; averaging circumferential contours and creating size-category average models in Fusion 360 (CAD) for design and additive-manufacturing prototyping,Transtibial prosthetic covers (lower-limb prosthesis covers),"17 subjects (11 female, 6 male), age range 18–70 years; 34 foreleg scans (left and right)","Circumferential and length measurements referenced to three marked anthropometric points/axes around the knee joint (e.g., circumference below knee, minimum circumference above ankle, maximum length from knee axis to outer ankle); sectional circumferential contours taken every 50 mm and a transverse plane at ~340 mm from outer ankle",Observational/descriptive study (database creation and methodological development combining manual measurement and 3D scanning for design purposes),Proposed a size-category methodology (S/M/L) and CAD workflow enabling low-cost AM production of transtibial prosthetic covers; 3D scanning was superior to manual measurement for efficiency and precision; recommendation to use both length and a circumferential measure for improved size classification,2021,3DBody.Tech conference proceedings / paper PDF available at 3dbody.tech (source document),Moderate (methodological development with practical application; limited sample size of 17 limits generalizability)
Personalization of a Human Body Model Using Subject-Specific Dimensions for Designing Clothing Patterns,"Manual anthropometric measurements with tailor tape (23 clothing-industry dimensions) and scaling of a reference biomechanical model, followed by a Python-implemented personalization algorithm that applies polynomial interpolation to morph the scaled model to subject-specific dimensions (mesh morphing/polynomial-based surface personalization)","Personal protective equipment / clothing patterns (PPE) and general virtual human body models applicable to PPE, orthopedic tools, and vehicle safety systems","220 subjects total: Czech groups N=152 (children, adolescents, adults; ages 6–56), Chinese adults N=68 (ages 24–60). Males and females equally represented","23 clothing-industry body dimensions (torso, head-neck, extremities) measured manually with tape and rectilinear height—examples include neck, chest, waist, hip circumferences, sleeve/arm/thigh/leg lengths, wrist/ankle circumferences",Observational anthropometric study with methodological development (measurement study plus algorithm development/implementation),"Measured subjects showed meaningful variation from population averages, supporting need for subject-specific models; developed a polynomial-based personalization algorithm that creates subject-specific biomechanical models from 23 simple measurements, enabling faster, lower-cost personalization versus 3D scanning and improving virtual prototyping for PPE and related products",2021,Applied Sciences (MDPI),"Moderate — moderate sample size across varied age groups (N=220), observational measurement study with algorithm implementation but limited to specific populations and lacking broader external validation"
Customizable Design of 3D Printed BodyPowered Prosthesis for Trans-Radial and Shoulder Disarticulation Amputees,Measurements taken manually; 3D scanning of the stump; 3D modeling; 3D printing; examination and analysis stages.,Body-powered prosthesis for trans-radial and shoulder disarticulation amputees,Not mentioned in source.,Manual hand size measurements and 3D scan of the stump amputation area,Not mentioned in source.,"3D printed prostheses can provide customizable, body-powered prostheses for trans-radial and shoulder disarticulation amputees; reported weights and load capacities for device variants; inclusion of mechanisms for pronation/supination and auto-locking/voluntary open grip to support activities of daily living",2019,Not mentioned in source.,Low (developmental/design case study; full text and sample size not provided)
Design and development of a novel 3D-printed non-metallic self-locking prosthetic arm for a forequarter amputation.,Not mentioned in source.,Prosthetic arm (forequarter/cosmetic forequarter prosthesis).,Single-user case (acquired forequarter amputation); sample size: 1.,Not mentioned in source.,Device design / iterative user-centred design case study.,"3D scanning, CAD modelling and 3D printing enabled a fully customised cosmetic forequarter prosthesis with improved fit and user satisfaction compared to traditional device; lower cost (~20% less) and improvements in effectiveness, size accuracy, ease of use and suspension, but durability concerns and slightly heavier weight.",2020,Semantic Scholar entry (original journal/conference not specified in source),Low (single-case device development study).
Perancangan mekanisme prototipe 3d scanner untuk penangkapan informasi objek (awal perancangan 3d scanner tangan manusia),Not mentioned in source.,Prosthetic hand / cosmetic glove design (implied),Not mentioned in source.,Not mentioned in source.,Prototype development and experimental testing of a 3D scanner for object geometry capture,"Prototype scanner can capture object contours under certain light positions, but produced image quality remained low, indicating need for better image capture hardware; implies potential for capturing hand geometry to support cosmetic glove/prosthetic hand design",2012,Semantic Scholar entry (source) / Unclear peer-reviewed venue — likely thesis or conference report,Low (prototype/early-stage study with no detailed sample or validated measurements reported)
Digital Human Modeling for Workspace Design,Not mentioned in source.,Not mentioned in source.,Not mentioned in source.,Not mentioned in source.,Not mentioned in source.,Not mentioned in source.,2008,Not mentioned in source.,Not mentioned in source.
Evaluation of the effect of shape on a contemporary CAD system,Assessed TracerCAD digital shape-capture via repeated tracing of a trans-tibial stump model and comparison to high-accuracy data acquisition measurements (0.005 mm),Trans-tibial prosthetic socket / residual limb capture,Physical plaster model of a trans-tibial residual limb (model-based study); no human subjects reported,Dimensional measurements of stump model volume and geometry captured by TracerCAD and gold-standard data acquisition (5 micron accuracy); repeated surface traces used for comparison,Experimental validation study using a physical model with repeated measurements,"TracerCAD showed reduced consistency/accuracy on complex trans-tibial geometry compared to a simple cylindrical model, implying shape affects digital anthropometric capture and may impact socket design if uncorrected",2008,Prosthetics and Orthotics International (journal URL indicates source),"Moderate — experimental bench study with high-accuracy reference measurements but limited to a single plaster model and single operator, limiting generalisability"
Shape sensing for computer aided below-knee prosthetic socket design,Not mentioned in source.,Below-knee prosthetic socket (prosthetic limb component),Not mentioned in source.,Not mentioned in source.,Instrument development / descriptive study (description of two instruments for shape sensing),"Shape sensing supports (1) inputting characteristic prosthetic shapes developed by prosthetists, and (2) providing accurate and rapid measurement of the anatomical shape of the stump, supporting computer-aided prosthetic fitting",1985,Prosthetics and Orthotics International (URL provided),Not mentioned in source.
Digital Human Models: What is Available and Which one to Choose,Not mentioned in source.,Not mentioned in source.,Not mentioned in source.,Not mentioned in source.,Not mentioned in source.,Not mentioned in source.,2001,Not mentioned in source.,Not mentioned in source.
The role of anthropometry in design of work and life environments of the disabled population,Discusses use of anthropometric measurements to determine workspace reaches including Maximum Transverse Reach (MTR) and Maximum Sagittal Reach (MSR); anthropometric measurements applied to clothing construction for disabled users,"Assistive products and environments for disabled users, including workspace design and adaptive clothing (garments)",Not mentioned in source.,Maximum Transverse Reach (MTR) and Maximum Sagittal Reach (MSR); various anthropometric measurements used for workspace and clothing design,Discussion / review of anthropometric applications (descriptive review),Anthropometry supplies design data for disabled users; methods enable determination of workspace reaches for people with motion dysfunctions and the construction of adaptive clothing,1996,International Journal of Industrial Ergonomics,Moderate (review/discussion paper outlining methods and applications but without primary large-sample empirical data)
Techniques in anthropometry applied to disabled and elderly populations.,Not mentioned in source.,Not mentioned in source.,Not mentioned in source.,Not mentioned in source.,Not mentioned in source.,Not mentioned in source.,1995,Not mentioned in source.,Not mentioned in source.
3D reconstruction of the structure of a residual limb for customising the design of a prosthetic socket.,Not mentioned in source.,Not mentioned in source.,Not mentioned in source.,Not mentioned in source.,Not mentioned in source.,Not mentioned in source.,2005,Not mentioned in source.,Not mentioned in source.
Ankle morphometry for development of ankle prosthesis,Not mentioned in source.,Not mentioned in source.,Not mentioned in source.,Not mentioned in source.,Not mentioned in source.,Not mentioned in source.,2011,Not mentioned in source.,Not mentioned in source.
A CAD CAM digitizing adapter for spinal casts,Not mentioned in source.,Not mentioned in source.,Not mentioned in source.,Not mentioned in source.,Not mentioned in source.,Not mentioned in source.,1996,Not mentioned in source.,Not mentioned in source.
Design and manufacturing process optimization for prosthesis of the lower limb,Not mentioned in source.,Not mentioned in source.,Not mentioned in source.,Not mentioned in source.,Not mentioned in source.,Not mentioned in source.,2020,Not mentioned in source.,Not mentioned in source.
A new design paradigm for the development of custom-fit soft sockets for lower limb prostheses,Not mentioned in source.,Not mentioned in source.,Not mentioned in source.,Not mentioned in source.,Not mentioned in source.,Not mentioned in source.,2010,Not mentioned in source.,Not mentioned in source.
The joint prosthesis design project: an anatomy database for the design of joint replacement,Not mentioned in source.,Not mentioned in source.,Not mentioned in source.,Not mentioned in source.,Not mentioned in source.,Not mentioned in source.,2005,Not mentioned in source.,Not mentioned in source.
Design and 3d-printing of a body-powered prosthetic limb for amputee,Not mentioned in source.,Not mentioned in source.,Not mentioned in source.,Not mentioned in source.,Not mentioned in source.,Not mentioned in source.,2020,Not mentioned in source.,Not mentioned in source.
Design of an automatic optical system to measure anthropometric hand parameters,Not mentioned in source.,Not mentioned in source.,Not mentioned in source.,Not mentioned in source.,Not mentioned in source.,Not mentioned in source.,2020,Not mentioned in source.,Not mentioned in source.
Design and development of smart AI-based voice assistive ergonomic commode wheelchair for mobility and rehabilitation,Not mentioned in source.,Not mentioned in source.,Not mentioned in source.,Not mentioned in source.,Not mentioned in source.,Not mentioned in source.,2024,Not mentioned in source.,Not mentioned in source.
Ergonomic assessment of an exoskeleton for hospital logistics,Not mentioned in source.,Not mentioned in source.,Not mentioned in source.,Not mentioned in source.,Not mentioned in source.,Not mentioned in source.,2021,Not mentioned in source.,Not mentioned in source.
3D Scanning Image Analysis and Design of Orthoses and Prostheses,Not mentioned in source.,Not mentioned in source.,Not mentioned in source.,Not mentioned in source.,Not mentioned in source.,Not mentioned in source.,2019,Not mentioned in source.,Not mentioned in source.
A measurement device to assist amputee prothetic fitting,Not mentioned in source.,Not mentioned in source.,Not mentioned in source.,Not mentioned in source.,Not mentioned in source.,Not mentioned in source.,1994,Not mentioned in source.,Not mentioned in source.
3D-Printed Prosthetic Hands: A Review,Not mentioned in source.,Not mentioned in source.,Not mentioned in source.,Not mentioned in source.,Not mentioned in source.,Not mentioned in source.,2020,Not mentioned in source.,Not mentioned in source.
A NOVEL APPROACH FOR CUSTOMIZED PROSTHETIC SOCKET DESIGN,Not mentioned in source.,Not mentioned in source.,Not mentioned in source.,Not mentioned in source.,Not mentioned in source.,Not mentioned in source.,2016,Not mentioned in source.,Not mentioned in source.
Prosthetic Socket Shape As Related to Anatomy in Lower Extremity Amputees,Not mentioned in source.,Not mentioned in source.,Not mentioned in source.,Not mentioned in source.,Not mentioned in source.,Not mentioned in source.,1964,Not mentioned in source.,Not mentioned in source.
Computer integrated design and manufacturing of patient specific lower limb orthoses through 3D reconstruction / Morshed Alam,Not mentioned in source.,Not mentioned in source.,Not mentioned in source.,Not mentioned in source.,Not mentioned in source.,Not mentioned in source.,2014,Not mentioned in source.,Not mentioned in source.
A Case Study on Designing a Passive Feeding-Assistive Orthosis for Arthrogryposis,Not mentioned in source.,Not mentioned in source.,Not mentioned in source.,Not mentioned in source.,Not mentioned in source.,Not mentioned in source.,2020,Not mentioned in source.,Not mentioned in source.
Orthotic design through 3D reconstruction: A passive-assistance ankle--foot orthotic (from source id 18916ed20a7e08934237178b59139080),Not mentioned in source.,Not mentioned in source.,Not mentioned in source.,Not mentioned in source.,Not mentioned in source.,Not mentioned in source.,2006,Not mentioned in source.,Not mentioned in source.
Dynamic Socket Design for Transtibial Prosthesis (title from source metadata),Not mentioned in source.,Not mentioned in source.,Not mentioned in source.,Not mentioned in source.,Not mentioned in source.,Not mentioned in source.,2021,Not mentioned in source.,Not mentioned in source.
A CAD CAM digitizing adapter for spinal casts,Not mentioned in source.,Not mentioned in source.,Not mentioned in source.,Not mentioned in source.,Not mentioned in source.,Not mentioned in source.,1996,Not mentioned in source.,Not mentioned in source.
Using CAD 	6 CAM Technology in The Design of Prosthetic Devices,Not mentioned in source.,Not mentioned in source.,Not mentioned in source.,Not mentioned in source.,Not mentioned in source.,Not mentioned in source.,2020,Not mentioned in source.,Not mentioned in source.
Computer integrated design and manufacturing of patient specific lower limb orthoses through 3D reconstruction / Morshed Alam,Not mentioned in source.,Not mentioned in source.,Not mentioned in source.,Not mentioned in source.,Not mentioned in source.,Not mentioned in source.,2014,Not mentioned in source.,Not mentioned in source.
Research on Rehabilitation Device by the Ergonomics Analysis of CATIA V5,Not mentioned in source.,Not mentioned in source.,Not mentioned in source.,Not mentioned in source.,Not mentioned in source.,Not mentioned in source.,2008,Not mentioned in source.,Not mentioned in source.
Design of a Wearable Walking Aid Based on Anthropometric Measurement of Cerebral Palsy Children in Malaysia,Not mentioned in source.,Not mentioned in source.,Not mentioned in source.,Not mentioned in source.,Not mentioned in source.,Not mentioned in source.,2018,Not mentioned in source.,Not mentioned in source.
Predictive Prosthetic Socket Design Part 2: person-specific concept design using multi-objective Genetic Algorithms,Not mentioned in source.,Not mentioned in source.,Not mentioned in source.,Not mentioned in source.,Not mentioned in source.,Not mentioned in source.,2019,Not mentioned in source.,Not mentioned in source.
Usage of 3D Anthropometric Data in CAD/CAM Individual Measurement List,Not mentioned in source.,Not mentioned in source.,Not mentioned in source.,Not mentioned in source.,Not mentioned in source.,Not mentioned in source.,2015,Not mentioned in source.,Not mentioned in source.
Workplace Environment Digitization Using A Portable Measurement System: A Standardized Methodology,Not mentioned in source.,Not mentioned in source.,Not mentioned in source.,Not mentioned in source.,Not mentioned in source.,Not mentioned in source.,1996,Not mentioned in source.,Not mentioned in source.
Computer Designed Prosthetic Socket from Analysis of Computed Tomography Data,Not mentioned in source.,Not mentioned in source.,Not mentioned in source.,Not mentioned in source.,Not mentioned in source.,Not mentioned in source.,1989,Not mentioned in source.,Not mentioned in source.
Investigation of an Initial Data Set for Decision Support System Development of a lower Leg Prosthesis Individual Prosthetic Socket Selection,Not mentioned in source.,Not mentioned in source.,Not mentioned in source.,Not mentioned in source.,Not mentioned in source.,Not mentioned in source.,2021,Not mentioned in source.,Not mentioned in source.
Design and manufacturing process optimization for prosthesis of the lower limb (thesis title as provided),Not mentioned in source.,Not mentioned in source.,Not mentioned in source.,Not mentioned in source.,Not mentioned in source.,Not mentioned in source.,2020,Not mentioned in source.,Not mentioned in source.
3DPro—Development of Low-Cost Prosthetics Using 3D Printing Technologies,Not mentioned in source.,Not mentioned in source.,Not mentioned in source.,Not mentioned in source.,Not mentioned in source.,Not mentioned in source.,2017,Not mentioned in source.,Not mentioned in source.
Development of a made to measure process for customizing lumbar orthotics for obese people,Not mentioned in source.,Not mentioned in source.,Not mentioned in source.,Not mentioned in source.,Not mentioned in source.,Not mentioned in source.,2014,Not mentioned in source.,Not mentioned in source.
Design and Analysis of Man-machine System about Wheelchair,Not mentioned in source.,Not mentioned in source.,Not mentioned in source.,Not mentioned in source.,Not mentioned in source.,Not mentioned in source.,2012,Not mentioned in source.,Not mentioned in source.
A 3D Scanner System for Building the Prosthetic Leg Model Based on the Reality Capture Technique,Not mentioned in source.,Not mentioned in source.,Not mentioned in source.,Not mentioned in source.,Not mentioned in source.,Not mentioned in source.,2020,Not mentioned in source.,Not mentioned in source.
Design for Customized AdditiveManufactured Exoskeleton Using Bio CADModeling (from source id: 18916ed305562ec0caf16222badcbfcd),Not mentioned in source.,Not mentioned in source.,Not mentioned in source.,Not mentioned in source.,Not mentioned in source.,Not mentioned in source.,2014,Not mentioned in source.,Not mentioned in source.
Scanning Technologies Adoption for Transtibial Residual Limb Shape Characterization,Not mentioned in source.,Not mentioned in source.,Not mentioned in source.,Not mentioned in source.,Not mentioned in source.,Not mentioned in source.,2025,Not mentioned in source.,Not mentioned in source.
Development of an Active Orthosis for Inferior Limb with Light Structure,Not mentioned in source.,Not mentioned in source.,Not mentioned in source.,Not mentioned in source.,Not mentioned in source.,Not mentioned in source.,2017,Not mentioned in source.,Not mentioned in source.
A data set on anthropometric measurements and degree of discomfort of physically disabled workers for ergonomic requirements in work space design,Not mentioned in source.,Not mentioned in source.,Not mentioned in source.,Not mentioned in source.,Not mentioned in source.,Not mentioned in source.,2020,Not mentioned in source.,Not mentioned in source.
Digital Plaster: Enabling 3D Scanning and Printing Workflows in Orthotics,Not mentioned in source.,Not mentioned in source.,Not mentioned in source.,Not mentioned in source.,Not mentioned in source.,Not mentioned in source.,2017,Not mentioned in source.,Not mentioned in source.
Design and 3D Printing of Lower Limb Prosthetic Socket *,Not mentioned in source.,Not mentioned in source.,Not mentioned in source.,Not mentioned in source.,Not mentioned in source.,Not mentioned in source.,2024,Not mentioned in source.,Not mentioned in source.
3 dimensional body measurement technology in apparel industry,Not mentioned in source.,Not mentioned in source.,Not mentioned in source.,Not mentioned in source.,Not mentioned in source.,Not mentioned in source.,2006,Not mentioned in source.,Not mentioned in source.
Measurements of the interface pressure between the stump and the socket and its relevance to the prosthetic socket design,Not mentioned in source.,Not mentioned in source.,Not mentioned in source.,Not mentioned in source.,Not mentioned in source.,Not mentioned in source.,2004,Not mentioned in source.,Not mentioned in source.
Parametrización geométrica del diseño de prótesis transtibial considerando las medidas antropométricas del paciente,Not mentioned in source.,Not mentioned in source.,Not mentioned in source.,Not mentioned in source.,Not mentioned in source.,Not mentioned in source.,2018,Not mentioned in source.,Not mentioned in source.
Advanced prototyping of variable impedance prosthetic sockets for trans-tibial amputees : polyjet matrix 3D printing of comfortable prosthetic sockets using digital anatomical data,Not mentioned in source.,Not mentioned in source.,Not mentioned in source.,Not mentioned in source.,Not mentioned in source.,Not mentioned in source.,2012,Not mentioned in source.,Not mentioned in source.
Fit Comparison of Custom Casts Created Through Photogrammetry & FDM Rapid-Prototyping of Ipsilateral Versus Mirrored Contralateral Extremities,Not mentioned in source.,Not mentioned in source.,Not mentioned in source.,Not mentioned in source.,Not mentioned in source.,Not mentioned in source.,2025,Not mentioned in source.,Not mentioned in source.
REVERSE ENGINEERING A TRANSHUMERAL PROSTHETIC DESIGN FOR ADDITIVE MANUFACTURING,Not mentioned in source.,Not mentioned in source.,Not mentioned in source.,Not mentioned in source.,Not mentioned in source.,Not mentioned in source.,2017,Not mentioned in source.,Not mentioned in source.
Patient-Specific Optimization of Prosthetic Socket Construction and Fabrication Using Innovative Manufacturing Processes : A Project in Progress,Not mentioned in source.,Not mentioned in source.,Not mentioned in source.,Not mentioned in source.,Not mentioned in source.,Not mentioned in source.,2010,Not mentioned in source.,Not mentioned in source.
Digital human modelling in a virtual environment of CAD parts and a point cloud,Not mentioned in source.,Not mentioned in source.,Not mentioned in source.,Not mentioned in source.,Not mentioned in source.,Not mentioned in source.,2017,Not mentioned in source.,Not mentioned in source.
A New Non-Contact Anthropometric Measuring System,Not mentioned in source.,Not mentioned in source.,Not mentioned in source.,Not mentioned in source.,Not mentioned in source.,Not mentioned in source.,1994,Not mentioned in source.,Not mentioned in source.
Antropornetry for HMD design,Not mentioned in source.,Helmet / head-mounted display (HMD) systems,Not mentioned in source.,Not mentioned in source.,Not mentioned in source.,Not mentioned in source.,2004,SPIE Helmet-Mounted Displays III proceedings (as listed on Semantic Scholar entry),Not mentioned in source.
Anthropometric data of adult wheelchair users for Mexican population,Not mentioned in source.,Not mentioned in source.,Not mentioned in source.,Not mentioned in source.,Not mentioned in source.,Not mentioned in source.,2012,Not mentioned in source.,Not mentioned in source.
Wheelchair users’ anthropometric data: analysis of existent available information,Not mentioned in source.,Not mentioned in source.,Not mentioned in source.,Not mentioned in source.,Not mentioned in source.,Not mentioned in source.,2017,Not mentioned in source.,Not mentioned in source.
Establishment of antropometric reference values for design with regard to dental ergonomics,Not mentioned in source.,Not mentioned in source.,Not mentioned in source.,Not mentioned in source.,Not mentioned in source.,Not mentioned in source.,2003,Not mentioned in source.,Not mentioned in source.
Ergonomic assessment of an exoskeleton for hospital logistics,Not mentioned in source.,Not mentioned in source.,Not mentioned in source.,Not mentioned in source.,Not mentioned in source.,Not mentioned in source.,2021,Not mentioned in source.,Not mentioned in source.
The Compliance of 3D Scanned Anthropometric Data with a CAD Grafis Measurement Chart,Not mentioned in source.,Not mentioned in source.,Not mentioned in source.,Not mentioned in source.,Not mentioned in source.,Not mentioned in source.,2015,Not mentioned in source.,Not mentioned in source.
Towards a digital process chain for the automated manufacturing of pediatric orthoses,Not mentioned in source.,Not mentioned in source.,Not mentioned in source.,Not mentioned in source.,Not mentioned in source.,Not mentioned in source.,2019,Not mentioned in source.,Not mentioned in source.
Digital Human Modeling: What is Available and Which one to Choose,Not mentioned in source.,Not mentioned in source.,Not mentioned in source.,Not mentioned in source.,Not mentioned in source.,Not mentioned in source.,2001,Not mentioned in source.,Not mentioned in source.
3D-Printed Prosthetic Hands: A Review,Not mentioned in source.,Not mentioned in source.,Not mentioned in source.,Not mentioned in source.,Not mentioned in source.,Not mentioned in source.,2020,Not mentioned in source.,Not mentioned in source.
AUTOMATED SHAPE MODIFICATION FOR THE CAD MODEL OF RESIDUAL LIMB,Not mentioned in source.,Not mentioned in source.,Not mentioned in source.,Not mentioned in source.,Not mentioned in source.,Not mentioned in source.,2002,Not mentioned in source.,Not mentioned in source.
A trans-femoral brim adapter for CAD CAM measurements,Not mentioned in source.,Not mentioned in source.,Not mentioned in source.,Not mentioned in source.,Not mentioned in source.,Not mentioned in source.,1994,Not mentioned in source.,Not mentioned in source.
A pilot study on using photogrammetry to monitor clubfoot correction during Ponseti treatment: are we there yet?,Not mentioned in source.,Not mentioned in source.,Not mentioned in source. pregnancies.,Not mentioned in source.,Not mentioned in source.,Not mentioned in source.,2023,Not mentioned in source.,Not mentioned in source.
Usability of 3D anthropometrical data in CAD/CAM patterns (source id: 18916ed3059534b254c384f8eb220c0b),Not mentioned in source.,Not mentioned in source.,Not mentioned in source.,Not mentioned in source.,Not mentioned in source.,Not mentioned in source.,2018,Not mentioned in source.,Not mentioned in source.
3D surface reconstruction from multiple digital images for prosthetic design,Not mentioned in source.,Not mentioned in source.,Not mentioned in source.,Not mentioned in source.,Not mentioned in source.,Not mentioned in source.,2011,Not mentioned in source.,Not mentioned in source.
"BODYSPACE: ANTHROPOMETRY,",Not mentioned in source.,Not mentioned in source.,Not mentioned in source.,Not mentioned in source.,Not mentioned in source.,Not mentioned in source.,1995,Not mentioned in source.,"Not mentioned in source.ERGONOMICS, AND DESIGN"
"BEYOND PERCENTILES: AN EXAMINATION OF OCCUPANT ANTHROPOMETRY AND SEAT DESIGN. IN: HUMAN FACTORS IN DRIVING AND TELEMATICS, AND SEATING COMFORT",Not mentioned in source.,Not mentioned in source.,Not mentioned in source.,Not mentioned in source.,Not mentioned in source.,Not mentioned in source.,2004,Not mentioned in source.,Not mentioned in source.
Biomechanical Studies and Optical Digitizer Development for Enhanced Orthopedic Footware,Not mentioned in source.,Not mentioned in source.,Not mentioned in source.,Not mentioned in source.,Not mentioned in source.,Not mentioned in source.,2002,Not mentioned in source.,Not mentioned in source.
Antropometria e ergonomia no design para cadeirante desportista,Not mentioned in source.,Not mentioned in source.,Not mentioned in source.,Not mentioned in source.,Not mentioned in source.,Not mentioned in source.,2014,Not mentioned in source.,Not mentioned in source.
Diseño y Desarrollo de una Máquina por Medidas Antropometricas,Not mentioned in source.,Not mentioned in source.,Not mentioned in source.,Not mentioned in source.,Not mentioned in source.,Not mentioned in source.,2004,Not mentioned in source.,Not mentioned in source.
Dimensional accuracy of ankle-foot orthoses constructed by rapid customization and manufacturing framework.,Not mentioned in source.,Not mentioned in source.,Not mentioned in source.,Not mentioned in source.,Not mentioned in source.,Not mentioned in source.,2011,Not mentioned in source.,Not mentioned in source.
Design and manufacturing process optimization for prosthesis of the lower limb,Not mentioned in source.,Not mentioned in source.,Not mentioned in source.,Not mentioned in source.,Not mentioned in source.,Not mentioned in source.,2020,Not mentioned in source.,Not mentioned in source.
A novel system for the measurement of body shape and construction of seating supports for patients,Not mentioned in source.,Not mentioned in source.,Not mentioned in source.,Not mentioned in source.,Not mentioned in source.,Not mentioned in source.,2009,Not mentioned in source.,Not mentioned in source.
Development and Evaluation of a Customized Wrist-Hand Orthosis using 3D Technology for a Child with Cerebral Palsy - A Case Study,Not mentioned in source.,Not mentioned in source.,Not mentioned in source.,Not mentioned in source.,Not mentioned in source.,Not mentioned in source.,2019,Not mentioned in source.,Not mentioned in source.
Design of an automatic optical system to measure anthropometric hand parameters,Not mentioned in source.,Not mentioned in source.,Not mentioned in source.,Not mentioned in source.,Not mentioned in source.,Not mentioned in source.,2020,Not mentioned in source.,Not mentioned in source.
Design and custom fabrication of specialized orthoses for the upper-limb stabilization in childhood dyskinesia,Not mentioned in source.,Not mentioned in source.,Not mentioned in source.,Not mentioned in source.,Not mentioned in source.,Not mentioned in source.,2022,Not mentioned in source.,Not mentioned in source.
ERGONOMIC ASSESSMENT IN CONCEPTUAL AND EMBODIMENT DESIGN,Not mentioned in source.,Not mentioned in source.,Not mentioned in source.,Not mentioned in source.,Not mentioned in source.,Not mentioned in source.,2010,Not mentioned in source.,Not mentioned in source.
Determination of the workspace of wheelchair users,Not mentioned in source.,Not mentioned in source.,Not mentioned in source.,Not mentioned in source.,Not mentioned in source.,Not mentioned in source.,1996,Not mentioned in source.,Not mentioned in source.
Quantified Lives and Vital Data (chapter title),Not mentioned in source.,Not mentioned in source.,Not mentioned in source.,Not mentioned in source.,Not mentioned in source.,Not mentioned in source.,2018,Not mentioned in source.,Not mentioned in source.