Paper Title,Paper Type,Parametric Methods,Am Technologies,Customization Approach,Key Findings,Application Domain,Scalability Aspects
Democratizing science with the aid of parametric design and additive manufacturing: Design and fabrication of a versatile and low-cost optical instrument for scattering measurement,case study,"Parametric design was implemented using Grasshopper (visual programming for Rhinoceros 3D) and custom parameter-driven geometry-generation algorithms controlling shape, tolerances, and infill; a component-specific algorithm governs support base, base cylinder, inner cylinder and pipe holder generation.",Additive manufacturing used FDM desktop 3D printing (MakerBot II) with thermoplastics (PLA and tested ABS and Carbon-reinforced PLA); slicing/software workflow used CuraEngine/Repetier and GCode-based printers.,"Customization is achieved by exposing geometry parameters in Grasshopper (profile shapes, radii, heights, tolerances, infill, etc.), a sequential algorithm that recalculates on parameter change, and modular reusable blocks allowing mixing standard off-the-shelf parts (PVC pipes, electronics) with custom printed parts.","Key findings: parametric design + AM enable minimized tolerances and press-fit assembly, material and time savings through tailored infill and geometry (20-80% infill/material savings reported), modular, low-cost functional instrument demonstrated as proof-of-concept.",Primary application: scientific instrumentation / optical measurement (experimental physics). Authors also suggest broader applicability across low-cost instruments and OSAT contexts.,"Scalability is addressed via modular component design, parameter-driven re-scaling and profile substitution (virtually limitless designs), printable-size constraints awareness, and pre-print estimates of time/cost to support scalable production decisions."
Optimization Methodology for Additive Manufacturing of Customized Parts by Fused Deposition Modeling (FDM). Application to a Shoe Heel,applied research,"The paper uses visual programming parametric design implemented in Grasshopper, combined with Python scripting for custom computations and scripts (e.g., Gh Python). The workflow defines parametric variables for heel geometry (multiple design variables controlling shape, curvature, support surface and offsets) and constructs the initial parametric volume in four subsections to enable automated variation and optimization.","The study targets Fused Deposition Modeling (FDM) using ABS filament and configures manufacturing constraints (minimum bar diameters, printing direction considerations, tolerances) to suit FDM processes.","Customization is achieved by feeding user-specific data (scanned foot geometry and gait analysis) into a parametric model whose parameters (heel position along waist curve, curvature, support offset, infill cell size, shell scale factor, etc.) are varied and optimized in a continuous workflow, producing individualized optimized geometries and lattice structures.","The paper demonstrates a continuous methodology that integrates topology optimization, lattice/infill design and size optimization to produce a variable-density cellular heel tailored to user data; key results include a manufacturable FDM-compatible topology-optimized heel with optimized infill and wireframe shell, variable bar diameters driven by local stresses, and a Pareto-based multi-objective optimization workflow yielding trade-offs between volume and structural stress.",Product design with a biomechanical/ergonomic focus (footwear — shoe heel); authors also suggest applicability to medical/biomechanical devices and other structural parts or furniture.,"Scalability and variation are addressed by a continuous parametric-dataflow that allows automatic generation and multi-objective optimization of many design variants (e.g., Octopus-driven evolutionary optimization yielding populations and Pareto fronts). Design variables (infill cell size, heel advance, width offsets, shell scale) are bounded to manufacturing limits so the workflow can produce many manufacturable variants suitable for mass customization."
"Integration of Additive Manufacturing, Parametric Design, and Optimization of Parts Obtained by Fused Deposition Modeling (FDM). A Methodological Approach",framework,"Parametric design is implemented through Grasshopper (visual/graphical programming) integrated with Rhinoceros; generative/algorithmic modeling, parametric variables, visual programming nodes and plug-ins (e.g., Millipede, Karamba, Octopus mentioned as compatible) are central to the approach.",Primary AM technologies discussed and used for validation are FDM (focused in case studies) and SLS (tested); general discussion of layer-by-layer additive manufacturing and infill/shell concepts are included.,"Customization/personalization is achieved by parameterizing designs within a continuous Grasshopper workflow (variables control initial volume, infill, shell, load/support locations), producing variant solutions without remodelling; supports mass customization contexts especially with FDM.","Key findings: presents a methodology integrating additive manufacturing, parametric design (Grasshopper) and optimization (topology, size, multi-objective) in a continuous workflow; demonstrates variable-density infill and wireframe shell optimization producing lightweight, manufacturable parts; method supports mass customization and is validated on FDM case studies.","Application domains: product design and small-prototype manufacturing (validated on FDM), suggested applicability to medical devices/orthoses, fashion, ergonomics and construction contexts where customized lightweight parts are relevant.",Scalability/variation: enables rapid generation of variants via parametric variables (no remodelling) and supports multi-objective optimization (Octopus) to explore Pareto fronts; proposes continuous and hierarchical workflows to manage computational complexity and decompose problems for higher-detail or alternative designs—facilitating scalability from coarse to fine levels and many variants.
Integrating randomness in parametric design: A tool for developing crafty additive manufactured designs,framework,Not mentioned in source.,Not mentioned in source.,The paper achieves customization by integrating randomised elements into parametric design to produce mass-diversification with a crafty identity.,"The paper's key findings/contributions are that integrating randomness into parametric design enables mass-diversification and a crafts-informed identity for AM-produced items, and that PD and AM form complementary methods where PD supplies complex models that AM can produce.",Product design / design and manufacturing paradigm focusing on crafted AM products.,Scalability and variation are addressed by proposing mass-diversification through randomized parametric elements that blend craft variability with mass-production capacity.
DESIGN AND DEVELOPMENT OF A PARAMETRIZABLE ELECTRIC GUITAR THROUGH ADDITIVE MANUFACTURING,applied research,Not mentioned in source.,Not mentioned in source.,Customization/personalization is achieved by adapting product geometry to individual user ergonomics in a fully automatic process using additive manufacturing (fused deposited modeling).,The paper finds that additive manufacturing supports Industry 4.0 transformations by enabling flexible product design and new business models oriented to mass customization.,"Product design (consumer product - electric guitar), industrial design and ergonomics.","Scalability and variation are addressed through the flexibility of AM to produce complex geometries and by automating geometry adaptation per user, supporting mass customization."
Parametric design workflow of periodic lattice structures for additive manufacturing: A case study,case study,The paper uses algorithmic parametric modeling implemented via a visual programming application to parameterize 3D models and drive simulation and optimization.,Multi Jet Fusion additive manufacturing is the AM technology used in the study.,"Customization/personalization is achieved by parameterizing design features and generating solution variants by iterating parameter ranges provided by the designer, demonstrated on a personalized bike saddle and suggested for orthotics and personalized sports equipment.","Key findings: the parametric workflow facilitates comparison of design alternatives through visualization and feedback, addressing a gap in computational design support for selecting unit cell types and strut diameters for functionally graded lattice structures.","Application domains: product design (bike saddle), and potential extension to medical devices (orthotics) and personalized sports equipment.","Scalability and variation are handled by exhaustive iteration of parameter ranges to generate many design variants, and by enforcing manufacturability constraints (minimum unit cell gap and strut diameter) to ensure printability at scale."
INFLUENCES OF ADDITIVE MANUFACTURING ON DESIGN PROCESSES FOR CUSTOMISED PRODUCTS,Not mentioned in source.,Not mentioned in source.,Not mentioned in source.,"The paper describes a graduated approach to customization enabled by AM, ranging from standardised individualisation (elaborated individualisation processes) to specific product adaptation, and demonstrates this through a case of personalised vascular replications.","The paper finds that AM significantly impacts fabrication of customised components and presents AM-specific influences on customised design processes, indicating a need for further analysis of AM implications for design.",Medical devices / biomedical applications (personalised vascular replications).,"Scalability and variation are addressed by proposing a gradual range of product design processes corresponding to different levels of customization, from standardised individualisation to specific product adaptation."
Integrating parametric design and additive manufacturing knowledge in industrial design education,Not mentioned in source.,Not mentioned in source.,Not mentioned in source.,Not mentioned in source.,Not mentioned in source.,"The paper focuses on industrial design education and the broader application domain of industrial/product design, noting AM technologies are present across many industries and emphasizing Industrial Design Engineering curriculum integration.",Not mentioned in source.
The Potential of Product Customization Using Technologies of Additive Manufacturing,Not mentioned in source.,Not mentioned in source.,Not mentioned in source.,Not mentioned in source.,Not mentioned in source.,Not mentioned in source.,Not mentioned in source.
Multidisciplinary design optimization to identify additive manufacturing resources in customized product development,applied research,Not mentioned in source.,The paper discusses additive manufacturing (AM) techniques in general as the manufacturing approach for customized products.,"Customization is achieved by formulating a multidisciplinary design optimization (MDO) that selects components, materials, AM processes, and dimensional parameters to match individual customers' performance requirements; demonstrated via a case study of customized trans-tibial prostheses.","The paper applies a multi-objective genetic algorithm (with a chromosome encoding pattern) to solve the MDO, producing clusters of Pareto-optimal solutions that reveal trade-offs among utility, performance matching, and cost, enabling manufacturers to choose designs based on market strategy.",Medical devices / prosthetics (trans-tibial prostheses).,"Scalability and variation are addressed by generating clusters of Pareto-optimal solutions that present a range of trade-offs (utility vs cost), allowing selection of designs suited to different market segments and strategies; however, specific methods for production scaling are not detailed."
REDEFINING PRODUCT FAMILY DESIGN FOR ADDITIVE MANUFACTURING,applied research,Not mentioned in source.,Not mentioned in source.,"Customization is achieved by defining a customization space and optimizing individual products using a utility-based objective function, then identifying exploitable commonalities and incorporating an AM cost model to assess effects of reduced commonality.","The proposed AM-aware product family design method yields significant performance improvements over conventional methods and maintains consistently low customization cost, enabling affordable customization without compromising individual product performance.",Product design (mechanical components) — demonstrated with a family of finger pumps.,"Scalability and variation are addressed by allowing elimination of commonality constraints to expand design space and using an AM cost model to keep customization costs low, supporting scalable customization."
Design Automation for Mass Customisation via Additive Manufacture: A Case Study on Continuous Positive Airway Pressure Mask,case study,"Parametric design approach using a large-scale statistical shape model learnt from 9,663 facial scans, with an automated pipeline that generates CAD from a single facial image.",Additive Manufacturing (AM) generally discussed as the production technology enabling one-off/custom items; specific AM processes or machines are not mentioned in the provided text.,"Customization achieved via an automated parametric pipeline that uses a single facial image to generate a patient-specific CPAP mask CAD model rapidly, removing manual CAD steps and simplifying data acquisition.","Demonstrated a fully automated parametric pipeline for creating patient-specific CPAP mask CAD models from a single photograph, trained on a large statistical shape model of 9,663 scans; achieved rapid CAD generation (<1 minute), significant reduction in design time and removal of manual modelling, and proposed transferability of the workflow to other wearables to promote AM adoption for mass customization.",Medical devices / wearables (case study on CPAP mask).,"Scalability enabled by AM's low tooling cost for one-off items and by automated design pipeline which reduces per-item design cost and time, allowing broader adoption and potential application to other wearables."
Product customization and generative design,applied research,"The paper describes parametric/generative (algorithmic) design methods, emphasizing computer-based mathematical/algorithmic modeling and parameter-driven geometry where changing parameters creates variants.","Discusses additive manufacturing/3D printing as the enabling fabrication technology, including selective laser sintering and 3D-printed soles/garments and complex lattice/internal mesh fabrication enabled by AM.","Customization is achieved by parameter-driven generative workflows that produce many variants from specified requirements and by user-input data (e.g., body scans) to generate personalized geometries for 3D printing.","Generative/parametric design enables rapid creation of many product variants, can produce novel shapes beyond designer intuition, and when combined with AM allows manufacture of complex, optimized internal structures leading to weight and performance gains.","Application domains include automotive, aerospace, architecture, footwear, jewellery, and apparel (product design and architecture).",Scalability and variation are addressed through algorithmic generation of large numbers of design iterations and immediate parametric feedback enabling rapid variant generation and selection; examples cite tens of thousands of iterations versus manual dozens.
PARAMETRIC MODELING OF BIO-INSPIRED LUMINAIRES FOR ADDITIVE MANUFACTURING TECHNOLOGIES,applied research,"Parametric modeling is performed using Grasshopper (a Rhinoceros plugin) for generating textures and complex geometries, with further refinement and dimensional control in SolidWorks.","Additive manufacturing technologies used are Fused Filament Fabrication (FFF) and Fused Granular Fabrication (FGF), with specific machines WASP 4070 pro (FFF) and Discovery 3D Granza (FGF) mentioned.","Customization/personalization is achieved via parametric scripts that vary parameters to modify geometry and textures (including controlled randomness), and by modular parts whose dimensions (e.g., heights) can be altered to change function or appearance.","Key findings: Parametric modeling combined with AM and sustainable materials enables development of functional bio-inspired luminaires; the paper presents a defined methodology/workflow from concept to modeling and manufacture; outcomes can add cultural/environmental value by valorizing local materials (e.g., cork).",Application domains: product design (lighting/luminaires) with potential extension to architecture (facades) and urban furniture; use of local/sustainable materials is emphasized.,"Scalability and variation addressed via parameter-driven variation in parametric models enabling easy modification of geometry; manufacturing constraints (nozzle size, layer height) are considered and leveraged (e.g., vase mode in FGF) to scale detail vs production speed and to process different materials, supporting variation and production trade-offs."
An interactive product customization framework for freeform shapes,applied research,"The system uses interactive geometric operations to define and edit styling curves on reference freeform models, i.e., parametric/interactive curve-based modeling for customization.",Additive manufacturing / 3D printing is the targeted fabrication technology for producing the customized freeform shapes described in the paper.,"Customization is achieved by letting users interactively define and edit styling curves on reference freeform models, which are then converted into 3D-printable geometry via a fabrication interface.","The prototype was validated across four example applications (hollow patterned bicycle helmet; T-rex with skin frame structure; face mask with Voronoi patterns; AM-specific night dress with hollow patterns), demonstrating the system's ability to produce varied freeform, AM-tailored designs, and the prototype is publicly available.","Product design / digital fabrication applications (consumer products, wearable items, and figurative objects).","Scalability and variation are addressed through AM's capacity to fabricate complex geometries without tooling, and by supporting user-driven parametric edits of styling curves to generate multiple design variants; explicit scalability analyses are not mentioned in source."
An additive manufacturing process model for product family design,applied research,Not mentioned in source.,"The study uses Fused Deposition Modeling (FDM) as the primary AM technology, mentioning it as a layer-by-layer extrusion process. A Panowin F321 FDM printer was used in the case study, and Polylactic Acid (PLA) was the feedstock material.","Customization is achieved by using topology optimization to generate optimal, variant-specific geometries for each product variant, exploiting AM's ability to fabricate complex, tool-free parts. The model evaluates many designs and selects suitable ones based on combined performance and cost metrics, with final realization via FDM fabrication.","The model can enable affordable customization by integrating topology optimization, FEA and cost modeling to select product family designs; physical fabrication and testing validated the approach. It increases customization compared to traditional product family methods by exploiting AM capabilities while balancing cost and performance. FEA predictions matched experimental deflections within expected material property bounds.",Product design / mechanical components (case study on cantilever beams).,"Scalability is addressed by defining a 'scalable product family' where platform parameters (dimensions/material fraction) are varied to generate a continuum of variants; the model evaluates an effectively infinite design space via topology optimization and interpolates performance and cost to select designs, enabling variation and scaled customization."
PULSE: Integrated Parametric Modeling for a Shading System : From Daylight Optimization to Additive Manufacturing,applied research,"The paper uses parametric modeling and computational optimization loops as core methods, supported by detailed parametric models for structural and manufacturing constraints.","Additive manufacturing / 3D-printing is the primary digital fabrication technology discussed, with emphasis on minimizing material use and 3D-printing time.","Customization is achieved by generating individually unique sun-shading panels optimized for local daylighting requirements and viewing areas, using parametric models and optimization loops.","Key contributions: demonstrating parametric models as an integrative tool for multidisciplinary constraints (daylight optimization through to AM), and showing how parametric modelling controls geometric complexity and integrates structural and AM constraints.",Architecture / building facade systems (shading systems).,"Scalability and variation are addressed by using simplified models and parametric optimization loops for iterative exploration, and by integrating AM constraints to minimize material and printing time, enabling production of multiple unique panels efficiently."
Parametric design and adaptive sizing of lattice structures for 3d additive manufacturing,applied research,"Parametric geometric parameterization using bounding-box dimensions, aspect ratios, and thickness to define lattice unit-cell geometry; analytical automation with a rigidity model using 3D beam elements for adaptive sizing and mechanical parameter adjustment.","3D additive manufacturing (general 3D printing) with reference to material extrusion (MEX) benchmark lattices (cross, hexagonal) and use of FEM validation tools (ANSYS Mechanical) for manufacturability and structural analysis.","Customization via fully parameterized lattice unit cells: adjusting bounding-box dimensions, aspect ratios and thickness to tailor geometry to load states and constraints, coupled with analytical/numerical (FEM) validation and manufacturability simulations to ensure printable, support-free designs.",Proposed pyramidal lattice achieves superior structural efficiency (better mass-to-displacement ratio) compared to cross and hexagonal lattices; analytical rigidity model validated by FEM shows consistent structural predictions; design is manufacturable without supports in 3D printing simulations.,Industrial design engineering / product components (plastic parts) for additive manufacturing applications.,Scalability via parametric definition and superposition: unit-cell parameterization allows scaling and tiling into matrices; analytical rigidity models enable evaluation of larger assemblies and adaptation to varying load/boundary conditions.
A Parametric Product Design Framework for the Development of Mass Customized Head/Face (Eyewear) Products,Not mentioned in source.,Not mentioned in source.,Not mentioned in source.,Customization is achieved by a parametric modelling algorithm that uses measured parameter points from scanned 3D head models (defined using planimetry) to generate individualized 3D face models which serve as reference geometry for customized eyewear design.,Developed a parametric design method for mass-customised head/face products; discussed challenges and opportunities for mass-customized head/face products and potential of parametric approaches to enable rapid manufacturing and mass customization; explored implementation of a parametric design framework as an early-stage NPD strategy.,"Head/face products, specifically customized eyewear.",Scalability and variation are addressed by using a parametric model driven by measurable parameters from multiple scanned head models to automatically generate individualized 3D face references for designing multiple variations of eyewear.
Design for Mass Customization using Additive Manufacture: Case-Study of a Balloon-Powered Car,case study,Not mentioned in source.,Fused Deposition Modeling (FDM) using uPrint SE Plus.,"Customization is achieved by students individually designing the car body and wheels, producing 2300 unique designs, and applying AM process constraints upfront in the design to limit design-print iterations.",Nine AM process constraints were identified to limit design-print iterations to at most one; nearly all of the 2300 fabricated unique designs functioned as intended with only one set of wheels and initial car bodies (missing press-fit joint) failing.,Educational product design (student projects / instructional case study).,Demonstrated scalability by producing 2300 unique designs using predefined AM constraints that enabled high first-iteration success and reduced iteration cycles.
Customer driven mass-customisation and innovative product development with parametric design & generative modeling,Not mentioned in source.,Not mentioned in source.,Not mentioned in source.,"Customization is achieved through parametric design and generative modelling which enable rapid development of product varieties, improved customer-company communication and involvement, and reduced time to market via faster product design and 3D modelling.",The paper presents key challenges in designing mass-customized products and highlights successful case studies and solutions for mass-customisation.,"Product design and related services, involving 3D modelling and product development processes.",Scalability and variation are addressed by enabling rapid development of product varieties and reducing time to market through faster design and 3D modelling.
The value of personalised consumer product design facilitated through additive manufacturing technology,applied research,Not mentioned in source.,Not mentioned in source.,"Personalisation is achieved by enabling end-users to manipulate 3D designs via easy-to-use design toolkits, assessing user-perceived value and WTP through surveys, and providing designers with a formal added-value identification method (V+APP Design Method workbook) to prepare personalisable product designs.",Personalisation increases product value by better matching user preferences; there is a lack of design methods/tools to exploit AM for personalisation; the developed added-value identification method (V+APP) is promising to help designers identify value-adding personalisation features.,Consumer product design.,Not mentioned in source.
OPORTUNIDADES DE LA FABRICACIÓN ADITIVA PARA OPTIMIZAR EL DISEÑO DE PRODUCTOS,Not mentioned in source.,Not mentioned in source.,Not mentioned in source.,Not mentioned in source.,"The paper states that additive manufacturing greatly increases design freedom in geometry, topology and functionality, and studies opportunities to optimize products for additive manufacturing to achieve more personalized and lighter products.",Design,Not mentioned in source.
Additive manufacturing and its effect on sustainable design,chapter / review,"The chapter references parametric modeling and parametric design representations (3D CAD models and parametric modeling methods) as part of the AM design workflow; specific tools (e.g., Grasshopper) are not named in the text.","Discusses the full ASTM F2792 taxonomy of AM technologies: material extrusion (FDM), powder bed fusion (SLS, SLM, DMLS, EBM), vat photopolymerization (SLA), material/binder jetting, sheet lamination (LOM), and directed energy deposition; the chapter also discusses specific systems (e.g., Fortus 450mc) and process details.","Customization/personalization is achieved via digital CAD/STL workflows and on-demand printing (print-on-demand), enabling one-off or short-run bespoke parts without tooling; the chapter emphasizes designer-maker workflows and distributed manufacturing as mechanisms for user-specific adaptation.","Findings: AM enables sustainability opportunities (material efficiency, lightweighting, part consolidation), supports extensive customization and distributed on-demand production, and enables new DFAM/DFP methods (topology optimization, lattice/cellular design). However, the authors call for more quantitative research and lifecycle-integrated design methods; they propose a sustainable DFAM methodology and show a case study (triple clamp) demonstrating reduced parts count and lower environmental impacts.","Application domains covered include aerospace, automotive, biomedical, consumer products, jewellery, furniture, designer-maker/craft contexts, and an applied case study in motorcycle components (triple clamp).","Scalability and variation are addressed via digital parametric/voxel-based modeling enabling high degrees of design freedom, topology optimization and lattice/cellular structures for lightweighting, part consolidation to reduce part counts, and distributed on-demand manufacturing to scale production geographically; the chapter also discusses limitations (energy, support material, post-processing) and need for lifecycle-aware optimization."
A Cost-Driven Design Methodology for Additive Manufactured Variable Platforms in Product Families,applied research,Not mentioned in source.,Not mentioned in source.,"Customization is achieved via an additive manufactured 'variable product platform' concept combined with a process setting platform; design and process adjustments are constrained within a bounded feasible space to limit cost increases, and platform parameter limits are computed with a Mamdani-type expert system and used as constraints in design optimization to maximize customer perceived utility.",A fuzzy time-driven activity-based costing method (FTDABC) with ANFIS is used to estimate AM production costs based on process settings; the feasible space boundary for process adjustments is found via multi-objective optimization; case studies show optimized variable platforms improve performance at lower cost than consistent platform-based designs.,Product design (consumer product: R/C racing car family),"Scalability and variation are managed by constraining design and process adjustments within a bounded feasible space to limit cost increments, and by computing platform parameter limits via an expert system used as optimization constraints to support scalable variation while optimizing customer utility."
Cloud-Based Automated Design and Additive Manufacturing: A Usage Data-Enabled Paradigm Shift,review,"The paper discusses parametric design models and highly parametric/root-design approaches for automated adaptation of designs, including storing design parameter values for variant generation and extending parametric design to include local material properties.","AM is central: the paper names AM process classes (material extrusion, material jetting, powder bed fusion, directed energy deposition, binder jetting, sheet lamination, vat photopolymerization) and highlights directed energy deposition and multi-material approaches for sensor integration and local property control.","Customization/personalization is achieved via a Usage Data-Enhanced Cloud-based Design and Manufacturing (UDE-CBDM) workflow: products collect usage/PEID data into a cloud repository; a DaaS (Design-as-a-Service) tool uses root-design parametrization and usage data to adapt parameter values and generate individualized variants; AM fabricates variants, enabling tailor-made production and mass-customization.","Key findings: authors propose the UDE-CBDM paradigm combining usage-data, cloud services (DaaS), parametric/automated design, and AM; AM enables item-level customization and sensor integration but technical gaps remain (no single AM process for full 3D sensor integration, multi-material challenges, software/toolchain gaps); many enabling components exist yet integration, certification, privacy/security, and virtual testing remain open research needs.","Application domains covered: medical implants (patient-specific implants/prosthetics), robotics (robot components and closed-loop adaptive systems), and consumer products (athletic shoes/mass-customization); also broader mentions of tools, tooling, spare parts, and IoT-enabled products.","Scalability and variation: the paper situates AM in Conner et al.'s regions, highlighting AM's role in mass-customization (Region VI) and discusses storing parameter sets for scalable variant generation; cloud infrastructure and multi-agent systems are proposed to scale data processing and distributed manufacturing, but current MAS prototypes and AM production rates present scalability limits that require development."
Geometric Variability in Parametric 3D Models: Implications for Engineering Design,Not mentioned in source.,Not mentioned in source.,Not mentioned in source.,Not mentioned in source.,"The paper emphasizes the importance of robustness, flexibility, and responsiveness to geometric variations in parametric 3D modeling, documents inefficient industrial parametric modeling practices and their detrimental effects on engineering activities such as design changes, optimization, simulation, and product/part family configuration, notes impacts on generative design, AI-based parametric modeling, and MBSE, and calls for research to improve parametric model quality.","Engineering design and product development, including product/part family configuration and Model-Based System Engineering (MBSE).","The paper discusses scalability-related concerns by stressing robustness, flexibility, and responsiveness to geometric variations as necessary for handling variation and product/part family configuration, and by identifying how low-quality parametric models hinder design changes, generative design, optimization and simulation which affect scalable variation management."
Customized Design for Ergonomic Products via Additive Manufacturing Considering Joint Biomechanics,applied research,Not mentioned in source.,Discusses additive manufacturing (AM) as the fabrication method.,Customization achieved by building ergonomic models from joint biomechanics and reconstructing anatomical geometry using imaging and 3D scanning; applying those models to design custom shoes/insoles; and using lattice structures with variable porosity via topology optimization to tailor mechanical properties and fit.,"Shows that the customized design method enables tailored wearable ergonomic products via 3D printing with reduced cost, time, and material consumption, and that FEA can simulate biomechanical performance to support design validation.",Wearable ergonomic products (shoes and insoles) for rehabilitation/medical applications.,"Addresses variation and scalability by using topology-optimized lattice structures with variable porosity to tune properties across customized designs, and claims efficiency gains (lower cost, time, materials) that support scalable customization workflows."
User Driven Custom Design - the solution to simplify customisation according to consumer needs,case study,"Parametric design methodology based on ergonomic analysis and anthropometry, supported by a 3D modelling component for direct parts customization, and integration with a Users' Behaviour Model that parameterizes patient data for fitting.",Additive manufacturing technologies are mentioned as the production method for customized accessories and tools; specific AM processes are not detailed in the source.,"Customization is achieved via a user-facing web configuration platform allowing selection and direct customization of wheelchair components (frame, accessories, cushion, footrest), combined with parametric modelling driven by anthropometric and behavioural data and a recommendation engine to map user inputs to product specifications.","The approach enables customer-driven customization while reducing time, cost, material waste, and unnecessary machining through anthropometry-driven parametric design; it demonstrates replication and scale-up potential in medical applications.","Medical devices (wheelchairs) as the primary case study, with suggested applicability to fashion, furniture, and sports equipment.",Scalability is discussed in terms of replication and scale-up potential in medical domain and enabling mass customization via AM for accessories and tools; specifics on production scale or process scaling are not provided.
Parametric Topology Optimization Toward Rational Design and Efficient Prefabrication for Additive Manufacturing,applied research,"The paper uses parametric level-set based topology optimization methods, specifically a distance-regularized parametric level set approach.",Stereolithography (SLA) additive manufacturing is the primary AM technology discussed; the framework outputs mask images directly usable in the AM process.,"Customization is enabled through topology optimization that can produce multiscale and multimaterial structures, supporting mass customization by creating designs with high geometric complexity.","The framework reduces prefabrication computational cost by integrating parametric topology optimization with SLA-aware outputs and a prefabrication-friendly procedure, verified by simulation and experiments showing significant cost reduction without sacrificing design intent or functionality.",Product/structural design domain demonstrated via test examples: a free-form 3D cantilever beam and a multiscale meta-structure.,Scalability and variation are addressed by generating multiscale and multimaterial structures and by reducing prefabrication numerical complexity to make production of complex or mass-customized variants computationally feasible.
Mathematical pattern for parametric design: the case study of Grey-Scott cross diffusion model,applied research,Not mentioned in source.,Not mentioned in source.,"Customization is achieved by varying input parameters of a Grey-Scott reaction-diffusion model to generate many patterns, using those patterns for customization of objects produced via additive manufacturing (3D printers), and producing a catalog of objects generated through a visual script with patterns mapped onto customizable target surfaces.","The study demonstrates the feasibility of generating a large, potentially infinite catalog of unique patterns and objects via a visual script using the Grey-Scott reaction-diffusion model, and that these mathematically generated patterns enable production of complex, unique pieces quickly through additive manufacturing.",Product design / digital fabrication (objects and prototypes for AM).,"Scalability and variation are addressed by parameter variation in the reaction-diffusion model, enabling generation of a large or potentially infinite catalog of patterns and objects via an automated visual script."
PLM Process and Information Mapping for Mass Customization Based on Additive Manufacturing,applied research,"The paper uses parametric CAD modeling for product variation, explicitly describing a parametric product and parameterized geometry (gutter shaped by parameters) with 22 parameters controlling cross-section ellipses. It references 3D modeling systems and CAD workflows (STL export) as part of the parametric pipeline.","The paper discusses additive manufacturing broadly and lists technologies including SLA, SLS, and FDM. The implemented scenario uses low-cost FDM (3D Cloner ST) with PLA material and specified build volume constraints. The paper also describes AM's layer-wise process.",Customization is achieved via client-provided data (elicitation) that parametrically generates a unique geometry variant for each customer; variants are tracked with unique IDs and managed through PLM (elicitation → parametric design → AM manufacturing).,"The paper demonstrates a PLM+AM enabled tailored customization scenario and maps the process and information flows required to support customer-specific parametric product variants, concluding that integration of lifecycle information with manufacturing is critical for MC and that tailored customization remains challenging in industry.","Assistive technology / medical assistive devices (forearm support) in a product-design context; the paper also references broader AM application domains such as aerospace, automotive, and biomedical.",Scalability is addressed conceptually through mass customization aims and PLM-managed product structure/variant management to handle many individualized variants; the paper demonstrates parameterization (22 parameters) and modular architecture to increase variety while noting the need to manage data and process integration for scalability.
An Ergonomic Customized-Tool Handle Design for Precision Tools using Additive Manufacturing: A Case Study,case study,"The paper uses a 3D parametric CAD model where median diameter (DM) is the primary scaling parameter; other geometric parameters (DS, DI, R1, R2) are defined as ratios to DM and the model is scaled to surgeon hand size.",Additive manufacturing via 3D printing (rapid prototyping) using ABS plastic for fabrication of physical prototypes and customized handles; general reference to 3D printing benefits.,"Customization is achieved by measuring the surgeon's Palm Length Measured (PLM), computing DM = PLM / 2.967, then scaling the 3D parametric CAD model accordingly and fabricating the customized handle by 3D printing; examples of scaled CAD models were produced and tested.","The study demonstrates scalable 3D parametric handle designs that adapt to individual surgeon hand sizes, identifies PLM as a single reliable anthropometric predictor for scaling, and shows that additive manufacturing combined with ergonomic criteria enables efficient customized production and successful validation with surgeons.",Primary application domain: medical devices (laparoscopic surgical instrument handles); authors note potential applicability to other sectors.,"Scalability is implemented via a single scaling parameter DM with fixed geometric ratios for other dimensions (DS, DI, R1, R2), enabling rapid generation of multiple size variants; validated by producing physical prototypes via rapid prototyping for many subjects."
Algorithms for Jewelry Industry 4.0,applied research,"Parametric modeling with Mathematica and Grasshopper is used, employing mathematical patterns (curves, knots) and parametric spaces; parametric workflows structured as Direct Acyclic Graphs (DAGs) grouped into 'User Object' units to drive generative variation.",Wax-based resin 3D printing is used as the additive manufacturing technology to produce chosen configurations for subsequent artisan finishing.,"Customer-driven modification of parametric 3D virtual models and visualization; the DAG/User Object parametric system generates a large space of unique configuration combinations from base schemata, enabling personalization by designer or customer choice.",Proposes a parametric design method (DAG/User Object) to enhance Industry 4.0 smart manufacturing in jewelry; demonstrates through two case studies that mathematical/parametric processes can be transformed into physical artifacts via AM and traditional finishing.,Jewelry manufacturing / artisanal jewelry production.,"Scalability of variation is achieved via parametric DAG-based representation that can produce a large combinatorial space of configurations, shifting emphasis to a digital process that can be sampled by designers or customers to scale variety."
Parametric modeling approach in laser wire additive manufacturing process,applied research,"Parametric design is implemented using Grasshopper as the visual programming environment, with parametric surfaces and mathematical formula–based cross-sections to generate geometry. Scripting (Python) and a layer-thickness algorithm are used to generate layer toolpaths and patterns programmatically. A Grasshopper robot-control plugin (HAL) is used to convert parametric points into robot targets for execution.","The paper focuses on Laser Wire Additive Manufacturing (LWAM) as the AM technology, describing wire-fed laser deposition and melt-pool bead formation. The experimental setup uses an ABB 7-axis robot, a 10 kW IPG fibre laser, and a CoaxPrinter laser head for wire delivery. The paper situates LWAM within metal AM alongside arc- and electron-beam methods.","Customization/personalization is achieved via parametric models that encode geometry and process parameters (power, wire-feed, travel speed, bead geometry) so designs can be varied digitally and converted directly into robot programs without G-code. Parametric patterning (raster, zigzag, contour, concentric) and adjustable bead/layer parameters permit tailored infill, profiles and shapes. The result is a reusable digital parametric object that can generate multiple robot-executable variants.","The study demonstrates feasibility: the parametric modeling framework can generate robot-executable toolpaths and successfully print wall, hollow cylinder and complex metal parts with good dimensional agreement to models, without requiring G-code. It provides an open-source, sustainable workflow from CAD to manufacturing for medium/large parts and shows the approach is adaptive for LWAM process parameters and robot control.","Primary application domain is metal additive manufacturing for medium-to-large scale parts, with relevance to sectors such as automotive, aerospace, medical implants and dental restoration, and fashion noted as possible application areas; validated examples are generic metal parts (wall, hollow cylinder, complex model) rather than a specific industry component.","Scalability and variation are addressed by parametric definitions that support variable layer thickness, pattern replication across layers, and automated generation of multiple robot programs from a single parametric object, enabling medium-to-large scale printing and adaptable toolpaths for different geometries and sizes."
Using the potentials of additive manufacturing by a systematic linkage of the manufacturing process to product design,framework,Not mentioned in source.,"The paper discusses powder bed fusion via selective laser melting (SLM), and polymer extrusion/FFF-like materials (examples printed with TPU and carbon-filled PLA) used for multi-material printing.","Customization/personalization is achieved by modifying part geometry and adding individualized features (e.g., embossing, color) while keeping a common product base, enabled by the ease of changing geometry in AM.","The paper presents a design pattern matrix that links AM manufacturing-induced design elements (material, geometry, topology) and their properties to product development; emphasizes AM's freedom of geometry and topology, part consolidation, lattice/truss structures for lightweighting and cost reduction, and improved functional performance (e.g., cooling) via integrated AM solutions.","Applications discussed include product design across domains: art/fashion, biomedical (scaffolds), aerospace, and tooling (example: redesign of an injection moulding tool).","Scalability and variation are addressed through part consolidation, lattice/truss topologies for material and weight savings, rapid re-design and re-manufacture from stored CAD models enabling quick iteration and variant production, and using AM-enabled cooling geometries to improve cycle time (hence production scalability)."
Additive Manufacturing: Changing the Rules of Manufacturing,Not mentioned in source.,Not mentioned in source.,Not mentioned in source.,Not mentioned in source.,Not mentioned in source.,Not mentioned in source.,Not mentioned in source.
Additive manufacturing for daylight - towards a customized shading device,Not mentioned in source.,Not mentioned in source.,Not mentioned in source.,"Customization is achieved through a user-facing interface selecting geometries from a design library and adjusting geometry parameters to individual needs, producing a bespoke external sunshading device as a ""from file to factory"" product that can be 3D-printed locally or ordered online.","The paper finds (1) a direct relation between geometry, fabrication and light control performance; (2) that parametric and computational design techniques combined with AM enable personalized shading devices; and (3) that AM plus Web 2.0 supports distributed production and new product-design/entrepreneurship models ().",Building/facades and product design (external sunshading devices for window frames).,"Scalability and variation are addressed via a ""from file to factory"" model enabling distributed production and local fabrication (""design anywhere, build anywhere""), allowing many individualized variants to be produced on-demand by users or through online ordering."
Computational Design and Digital Manufacturing,Not mentioned in source.,Not mentioned in source.,Not mentioned in source.,Not mentioned in source.,Not mentioned in source.,Not mentioned in source.,Not mentioned in source.
Integrating Parametric Design with Robotic Additive Manufacturing for 3D Clay Printing: An Experimental Study,applied research,Not mentioned in source.,Not mentioned in source.,Not mentioned in source.,Not mentioned in source.,Not mentioned in source.,Not mentioned in source.
Additively manufactured textiles and parametric modelling by generative algorithms in orthopaedic applications,applied research / case study,"Parametric modelling using generative algorithms and visual programming in Grasshopper (Rhinoceros) for algorithmic/parametric CAD generation, including parameterization of module geometry and mapping (paneling) onto surfaces.","Selective Laser Sintering (SLS) using PA 2200 on an EOS FORMIGA P100, and the paper leverages Additively Manufactured Textiles (AMT) as the fabricated flexible structures.","Customization via reverse-engineering 3D scanning of the patient's arm to create patient-specific CAD geometry, then parametric/generative modelling (Grasshopper) to map AMT modules onto the surface, producing tailored flexible non-structural parts and customised structural frames.","The generative Grasshopper algorithm successfully resolves deformation and misalignment issues encountered with conventional CAD paneling, enabling accurate mapping of complex AMT modules onto double-curved patient surfaces and producing a functional SLS prototype with good surface finish.",Orthopaedic devices (customised elbow orthosis).,"Scalability addressed through parametric parameterization of module geometry and grid spacing, enabling easy variation of module sizes and mapping across surfaces for different patient anatomies; manufacturing scalability limited to small series/custom production enabled by SLS equipment."
New Customized Elbow Orthosis Made by Additive Manufacturing,applied research,"Parametric modeling using generative algorithms is central; specifically, Grasshopper was used to implement two algorithms including pattern generation on complex surfaces and Voronoi tessellation.",Selective Laser Sintering (SLS) with PA 2200 material; specifically produced on an EOS FORMIGA P100 printer.,"Customization achieved by patient-specific reverse engineering (plaster cast -> 3D scan -> CAD model of patient's arm) combined with parametric generative algorithms to create surface-fitted patterns and Voronoi tessellations whose parameters (e.g., number of points, element size, pattern density) can be adjusted.",The paper presents a validated method for designing a fully AM-manufacturable customized elbow orthosis: generative parametric algorithms (patterns and Voronoi) were developed and shown to be robust and efficient; a Voronoi-patterned prototype was fabricated via SLS and structural FEM analyses validated the design under test loads.,Medical devices / orthopedics (custom elbow orthosis).,"Scalability/variation supported via parameterized algorithms where pattern density, element counts (U/V), Voronoi parameters (number of points, polygon widths) can be adjusted to create variations; production scalability noted as small-series/custom production feasible on the EOS FORMIGA P100 SLS system."
CUSTOMIZATION DESIGN KNOWLEDGE REPRESENTATION TO SUPPORT ADDITIVE MANUFACTURING,framework,Not mentioned in source.,Not mentioned in source.,"Customization is achieved by representing design knowledge about customer desired product use, perceived preferences, and functional features, and encoding this knowledge using Affordance Theory and Finite State Automata (FSA).",Key contributions: AM removes traditional DFM constraints enabling customization; the paper proposes a two-step DFAM-centered approach: (1) represent design knowledge for customization and (2) systematically reflect customized design factors into DFAM frameworks.,Product design / customization domain.,Not mentioned in source.
Customization of a 3D Printed Prosthetic Finger Using Parametric Modeling,applied research,"Parametric solid modeling is used to create a product family by changing parameters, specifically independent control of finger length and width using Autodesk Fusion 360 parameters.","Fused deposition modelling (FDM) 3D printing was used (Ultimaker 2.0+), exporting CAD to STL and slicing in Cura, using PLA material and typical FDM print settings.","Customization is achieved by parameterizing fingerLength and fingerWidth in the CAD model (Autodesk Fusion 360) so designers input individual measurements and export tailored STL files for 3D printing, replacing uniform scaling.","Parametric modeling produced prosthetic fingers whose ROM closely matched natural finger paths, outperforming uniformly scaled models which often produced large length mismatches; parametric models kept lengths within ±5% while 52% of uniformly scaled models deviated >5%.","Medical devices / prosthetics (upper-limb, specifically index finger prosthesis) using additive manufacturing.",Scalability is enabled via parametric modeling from one master CAD file to generate a product family by changing parameters (length and width) quickly; fabrication time per finger (~82–93 min) demonstrates practical small-batch/custom production but implies throughput limits for mass production.
An Additive Manufacturing resource process model for product family design,framework,The paper uses topology optimization and Finite Element Analysis (FEA) as parametric/algorithmic design methods.,The paper discusses Additive Manufacturing (AM) / 3D printing as the primary digital fabrication technology.,"Customization/personalization is achieved by integrating AM capabilities with topology optimization to generate complex, tool-free component geometries and by producing performance surfaces used to select optimal components within product families.","Key contributions: (1) proposal of an AM resource process model that integrates topology optimization and FEA to inform product family design; (2) demonstration that AM enables production of arbitrarily complex, tool-free structures usable in product families; (3) production of performance surfaces to select optimal components aiming at profitability and sustainability.",Product family design for consumer products (mass customization).,"Scalability and design variation are addressed via performance surfaces derived from topology optimization and FEA which allow selection of optimal components across a product family to balance performance, profitability and sustainability."
Axiomatic Design of Customised Additive Manufacturing Artefacts,Not mentioned in source.,Not mentioned in source.,Not mentioned in source.,Not mentioned in source.,"The paper introduces a systematic design approach for customised AM artefacts using axiomatic design concepts and tools. It emphasises that part quality depends on AM system parameters and process selection, and includes a detailed case study to demonstrate the approach.",General AM application in design and manufacturing domains.,Not mentioned in source.
"Mass Customization: a critical perspective on parametric design, digital fabrication and design democratization",review,"Discusses parametric design and parametric modeling as central methods, including parametric expressions and constraints; mentions dynamic/open parameters exposed via digital interfaces, node-based editors (Mattermachine), SketchUp plug-in (Wikihouse), and Sketchchair's parametric 2D-section approach","Discusses digital fabrication technologies broadly: CNC and Computer Numerical Control tools, and mentions additive manufacturing/3D printing as accessible routes for end-users and makers; references file-to-factory digital prefabrication processes","Customization is achieved through parametric definitions exposed via digital interfaces/configurators, meta-design platforms (Mattermachine), co-design systems (Assa Ashuach), user toolkits enabling direct manipulation of design parameters and file-to-factory workflows for production","Argues critically that parametric design + digital fabrication enable mass customization but that 'design democratization' is complex and can be superficial; recommends framing democratization as conversational cycles, code sharing/copy-transform, system thinking across stakeholders, and cautions against menu-picking configurators and false linear 'digital continuum' claims","Primarily architecture and built environment, with examples in furniture, consumer products (jewelry, puzzles), and housing systems; focuses on architectural practice and digital fabrication in construction","Addresses scalability via parametric definitions enabling economy of scale, file-to-factory digital prefabrication, modularization (e.g., Hometeka's modules), databases/meta-design platforms for reuse and recombination, and configurators that trade-off openness vs producibility"
PARAMETRIC MODELING FOR ADDITIVE CLAY MANUFACTURING AS A VECTOR FOR SUSTAINABILITY/CIRCULARITY IN DESIGN EDUCATION,Not mentioned in source.,Not mentioned in source.,Not mentioned in source.,Not mentioned in source.,Not mentioned in source.,Not mentioned in source.,Not mentioned in source.
Exploring Parametric Design: Consumer customization of an everyday object,Not mentioned in source.,Not mentioned in source.,Not mentioned in source.,Not mentioned in source.,Not mentioned in source.,Not mentioned in source.,Not mentioned in source.
A New Methodology of Constructing Products Using Additive Manufacturing Technology: Case Study of a Push Button,case study,The paper uses a parametric CAD system that generates parts with parameterization and constraints.,Additive Manufacturing (3D printing) technologies are discussed generally as the manufacturing approach.,Customization/personalization is achieved by embedding multiple parts into the main geometry and integrating parts into a single part using parametric CAD parameterization and constraints.,The methodology effectively enables producing an integrated single-part push button; effectiveness is validated through finite element simulation and mechanical testing focused on fatigue strength and stroke distance.,Product design/manufacturing (mechanical product: push button).,"Scalability and variation are addressed by reducing part count through embedding components into the main geometry, which aims to simplify assembly and improve lifecycle; however, specific strategies for mass scalability are not detailed in the summary."
Personalization in Design through New Technological Achievements,framework,Not mentioned in source.,"The paper discusses additive technologies, specifically mentioning fused deposition modeling (FDM) as an accessible AM technology for home users, and refers broadly to additive technologies and CAD systems as part of the technological context for personalization.","Customization is achieved via a proposed Product Configuration Model (PCM) that provides a user-friendly interface for novice CAD users to create personalized CAD models, enabling users to design or acquire CAD models online and produce them (e.g., at home) using AM like FDM.","Key findings: additive technologies enable new possibilities for personalization and remove series size and geometric complexity as cost barriers; there is a need to support novice users in CAD, which the paper addresses by proposing a PCM for creating personalized parts.","The application domain is product design and mass customization for consumer goods, with implications for home fabrication using consumer AM machines.","Scalability: The paper states that additive technologies remove constraints related to series size and geometric complexity, implying that unique or small-batch production is scalable without additional cost penalties."
Additive Manufacturing in the Design of an Engine Air Particle Separator,applied research,Not mentioned in source.,The paper discusses additive manufacturing (3D printing) as the fabrication approach used for producing complex geometries and components in the project.,"Customization/personalization is achieved by leveraging additive manufacturing to remove traditional manufacturing constraints, enabling rapid design iteration and exploration of novel geometries; the team completed full design-test-print cycles within a day to iterate designs quickly.",Key findings: the experimental results suggest that an existing ‘‘rule of thumb’’ for axial-to-radial spacing may extend to hybrid particle separators; and the project demonstrates AM's value for enabling exploration of previously inaccessible design space and very rapid design iteration.,Aerospace component design (engine air particle separator for unmanned aerial vehicle).,"Scalability/variation: AM enabled exploration of a wide design space and very rapid iterative prototyping, supporting multiple design variants quickly (full iteration in one day), though the paper does not discuss mass production scalability or parametric scaling strategies."
Role of parametrised design from development process to product manufacturing,case study,Not mentioned in source.,Not mentioned in source.,"Customization is achieved via a parametrised 3D CAD model that can be easily adjusted to produce multiple design variants for testing and simulation, and by anticipating possible design changes early in the development so parameters allow rapid modification of the product.","The paper finds that parametrised design assists development by enabling multiple variants and supports testing (thermal/mechanical), and investigates the trade-off between design/parameter complexity and the usefulness of the parametrised approach.",Product design with engineering testing contexts (thermal and mechanical simulation).,"Scalability is discussed in terms of producing multiple design variants via parameter control, and evaluating practical limits where increasing design and parameter complexity may reduce the value of the parametrised approach."
Parametric Design for Online User Customization of 3D Printed Assistive Technology for Rheumatic Diseases,applied research,Not mentioned in source.,Not mentioned in source.,Not mentioned in source.,Not mentioned in source.,Not mentioned in source.,Not mentioned in source.
Design of an online customization platform for nearsighted spectacles based on additive manufacturing,applied research,"Parametric CAD modeling using SolidWorks with a custom parametric human-machine interface implemented via Python integration (Win32com). Parametric design is driven by 3D-scanned point cloud feature extraction and algorithmic registration to derive dynamic feature parameters from the reconstructed 3D model. The platform uses parameterized eyewear design templates (rim width, rim height, bridge width, temple width, lens curve angle, leg length) to generate customized frames.","Additive manufacturing (3D printing) is used to manufacture complete spectacles, with post-processing applied to printed parts. Specific AM technologies or materials are not explicitly named in the text provided.","Customization is achieved by 3D scanning the user's head to obtain point cloud data and reconstruct a 3D model, extracting 13 facial feature points and surfaces to drive parametric frame and lens templates in SolidWorks; prescription (degree) is input to parametrize lens geometry for precise optics.","Parametrically customized 3D-printed spectacles meet national/international standards for appearance and dimensional accuracy (measured errors within allowable ranges). Structural simulations show stress and deformation under impact are within material allowable limits (e.g., 32 MPa and 0.12 mm deformation at 10 m/s). The study successfully integrates 3D scanning, SolidWorks parametrization via Python, and AM manufacturing to produce compliant customized spectacles.",Optical/eyewear product design (custom spectacles).,"Scalability is supported via an online parametric platform architecture with modular components (login, frame selection, lens selection, frame design, lens design) enabling repeated customization workflows and template-driven generation of variations; variation is achieved by parameter ranges (13 facial feature points and prescription inputs) driving automated model rebuilding. The paper does not provide production-scale throughput or cost analysis details."
Design Process for Additive Manufacturing,review,"The paper reports use of traditional CAD modeling techniques and geometry optimization methods in CAD workflows, and mentions a simplified calculation/design method for thin-walled reactor modules.","Discussed AM technologies include Fused Deposition Modeling (FDM), Masked Stereolithography (mSLA), 3D Concrete Printing (3DPC), and extrusion-based bioprinting hardware innovations (modified extrusion bioprinter). The paper also references standards ISO/ASTM 52900 and 52910 and generally notes a diverse range of AM techniques.","Customization is achieved via integrated design approaches combining reverse engineering (scanning) with CAD and geometry optimization to produce personalized products (e.g., orthopedic insoles).","Key findings: (1) Standards and standardized design guidelines are lacking for key quality aspects (mechanical strength, tolerancing, surface roughness); (2) design and manufacturing stages must be synchronized for optimal results; (3) applied studies show effective personalization (auxetic insole reduced pressure, TPU 20% infill); (4) process settings (e.g., mSLA ultralight mode) materially affect accuracy.","Application domains include aerospace, automotive, medical (orthopedics, surgical templates, craniomaxillofacial reconstruction), civil/construction (3D concrete printing), bioprinting/tissue engineering, and general product design and reverse engineering.","Scalability considerations discussed: production time variability and its dependence on technology and geometry; Multi-Criteria Decision-Making (MCDM) to choose AM vs conventional processes includes number of parts as a factor, indicating consideration of production volume scalability; scalability is constrained by process parameters and machine/technology limitations affecting quality and throughput."
MRI-Compatible Patient-specific Continuum Robots using Parametric Modelling,applied research,"Parametric design implemented in Rhino with the Grasshopper plugin, enabling dynamic real-time manipulation of design variables.","Additive manufacturing via 3D printing is used for fabrication, with attention to manufacturability and printability constraints.",Customization is achieved by parametrizing robot geometry based on patient anatomy and clinical requirements; parameters are set from clinical application and geometric constraints to generate patient-specific designs.,"The approach reduces design and manufacturing time, lowers cost, and enables effective customization for personalized medical robots.","Medical domain: patient-specific continuum robots for applications such as targeted drug delivery, minimally invasive surgery, and anatomical interventions.",Scalability and variation are supported via a parametric platform that enables dynamic manipulation of design parameters to rapidly generate multiple patient-specific variants while respecting manufacturability/printability constraints.
Towards Self-Evolving Products with Digital Twin Assisted Design Tool for Additively Manufactured Parts 	6 Concept and Business Implications,framework,Not mentioned in source.,Not mentioned in source.,Customization/personalization is achieved via digital twin (DT)-driven tailoring of part geometry to user application data and autonomous self-evolutionary part design algorithms that generate user-specific optimal geometries.,"The paper proposes a DT-assisted, self-evolving design framework that can reduce manual design labor for iterative geometry revisions and improve AM part performance; demonstrates the approach on a heat exchanger case and outlines business-model implications including supplier-customer benefits.",Industrial equipment / heat exchangers (mechanical/industrial components),"Scalability is addressed by automating generation of alternative designs via self-evolutionary algorithms within the DT, reducing manual effort needed to scale design improvements across many applications."
Towards design automation of topology optimized parts: assessment of shape and parametric optimization-based methods,Not mentioned in source.,Not mentioned in source.,Not mentioned in source.,Not mentioned in source.,Not mentioned in source.,Not mentioned in source.,Not mentioned in source.
A Computer Aided Design (CAD) support tool for parametric design of products for Rapid Manufacture (RM),framework,Not mentioned in source.,Not mentioned in source.,Not mentioned in source.,Not mentioned in source.,Not mentioned in source.,Not mentioned in source.
EXPLORING DIMENSIONAL PRECISION OF PARAMETRICALLY DESIGNED COMPONENTS USING Z-ULTRAT MATERIAL,applied research,"Parametric modeling implemented in CATIA V5 (Catia V5 R19) using parameter tables and formulations to define and control geometric dimensions and relationships (e.g., width correlated to length, generating number of bores via formula).","Material extrusion / FDM-like 3D printing using a ZORTRAX M200 Plus printer with Z-ULTRAT thermoplastic material (i.e., filament/print material).","Customization is achieved via parametric models in CATIA V5 that allow quick adjustment of dimensions and relationships through parameter tables and formulas, enabling adaptable part geometries to meet project-specific requirements.","Wall thickness is the primary factor affecting flatness deviation; layer thickness and infill density have smaller effects. A regression model correlating flatness deviation with wall thickness, layer thickness, and infill density was developed using Minitab, providing guidance to improve AM part quality.",Primary application domain: automotive components and functional prototyping; more broadly product/component design and functional prototypes for engineering contexts.,Scalability/variation addressed via parametric CATIA models that enable rapid re-sizing and parameter-driven changes across designs; study suggests further multi-sample testing to generalize dimensional variation findings.
A combinatorial framework for parametric additive manufacturing,framework,"Parametric design methods described include use of embedded parametric expressions to create design templates from inventories of designs, and parametric models based on finitary combinatorial structures (specifically simplicial complexes).",Additive manufacturing is discussed as the manufacturing context and application area for the proposed framework. Specific AM technologies are not mentioned in the provided text.,Customization/personalization is achieved by generating novel variant designs through assigning values to embedded parameters and evaluating the resulting expressions.,"Key contributions: proposing that parametric engineering models can be founded on combinatorial structures (simplicial complexes), and proposing a suitable computational framework based on a functional model of computation to support parametric AM workflows.",Application domain: additive manufacturing / digital fabrication (product design context implied).,Scalability/variation is addressed by reusing inventories of existing designs as parameterized templates to rapidly generate many novel variants via parameter assignment.
CONFLUENCE OF PARAMETRIC DESIGN AND DIGI- TAL FABRICATION RESTRUCTURING MANUFAC- TURING INDUSTRIES A unified design space from design to manufacturing,applied research,"Parametric design methodologies using conventional CAD and visual programming languages (e.g., Grasshopper-style visual programming) are central to the study; the paper reports designers developing parametric definitions and constrained parametric 'design hysteresis' approaches to manage interdisciplinary dependencies and performance evaluation.",Additive manufacturing / 3D printing and broader digital fabrication technologies are discussed as the manufacturing enablers in the paper.,Customization is enabled by parameterizing product geometry so that consumer-defined shape parameters can alter the pendant lamp design; designers implemented parametric definitions to allow user-controlled variation.,The paper finds that coupling parametric design with digital fabrication offers opportunities for manufacturing but requires new methods—specifically a constrained design hysteresis approach—to manage interdisciplinary dependencies and evaluate performance in implicit design spaces.,Design research situated at the intersection of architecture and product design (architectural designers producing a pendant lamp).,"Variation and scalability are addressed by parameterizing shape parameters to allow consumer-driven variation and by proposing industry adoption of parametric tools with digital fabrication for scalable customization; however, detailed scalability metrics or production-system descriptions are not provided in the source."
Modelagem Paramétrica aplicada a projeto de produto de Tecnologia Assistiva,applied research,The paper uses Grasshopper as a parametric modeling tool within Rhinoceros.,Not mentioned in source.,Customization is achieved by capturing the user's body as a 3D model and parameterizing that geometry to produce custom-manufactured assistive products.,The study finds that digital manufacturing offers greater production flexibility during prototyping and testing and can provide a competitive advantage over firms not using such methods.,Assistive technology / medical devices product design.,"Scalability is addressed through a shift from mass production to custom manufacturing enabled by digital/parametric workflows, increasing production flexibility."
Knowledge engineering for additive manufacturing-driven customization,Not mentioned in source.,Not mentioned in source.,Not mentioned in source.,"Customization is achieved by constructing knowledge to support DfAM through a Customized Design for AM (CDfAM) methodology that includes an affordance-based DfAM framework and an affordance structure using finite state automata to represent customized AM product behaviors. The methodology supports both opportunistic (conceptual) and restrictive (embodiment) DfAM phases for enabling AM-enabled customization. Machine learning is used to learn design rules from AM data and a knowledge graph is built to encapsulate design knowledge and enhance DfAM decision-making; case studies (e.g., transtibial prosthesis leg) illustrate the approach.","The methodology constructs structured, correlated AM design knowledge including behaviors, geometries, and manufacturability constraints, and demonstrates that a knowledge graph enhances automation of DfAM decision-making and data-driven knowledge construction. CDfAM enables incorporation of customized product functionalities alongside AM constraints into designs.",Medical devices (prosthetics),"Scalability is addressed by leveraging AM's reduced manufacturing constraints to broaden design freedom and by constructing reusable design knowledge and validated design rules in a knowledge graph to support data- and knowledge-driven automation of DfAM decision-making, which can scale design practices and contribute to standards."
User-centered design for additive manufacturing as a customization strategy,applied research,Not mentioned in source.,Not mentioned in source.,"The paper proposes a user-centered design methodology combining a three-link-chain model-based design for AM and design for customization, using an affordance- and preference-based finite state automata model to capture behavioral design requirements for customization; it is applied to additive-manufactured interactive products such as prosthetic limbs.",Develops a user-centered design methodology to improve customization for AM interactive parts and addresses increased design complexity from AM-enabled design freedom through a systematic engineering approach.,"Additive-manufactured interactive products, exemplified by prosthetic limbs.",Addresses scalability/variation by improving the level of customization and managing increased design complexity from AM-enabled freedom through a systematic engineering approach.
Automated variation in product design: Using visual basics.net programming language to generate product variation,applied research,Authors use CAD-based automated parametric methods implemented via programming (Visual Basic .NET) within an existing CAD package to generate product variation; review mentions web-based customization tools and motion-capture-driven design methods.,Additive manufacturing / 3D printing systems are the manufacturing technologies discussed and used to produce the authors' designs; CAD-to-AM workflow (tessellated solid geometry) is emphasised.,"Customization/personalization is achieved via automated design-variation programs (implemented in Visual Basic .NET within CAD), web-based customization interfaces, and motion-capture input methods, enabling tailored variations from base-product models.","Key findings: AM reduces barriers between design and production, enabling designers to use automated CAD programming to rapidly generate and manufacture product variations; authors demonstrate original products made with these methods.",Product design (consumer products / industrial design).,"Scalability/variation is addressed by automated CAD programming to generate variants from base models, and by web-based/custom-input (motion capture) methods that can scale customization across users; specific scalability metrics not provided in source."
Parametric nodes from idea to realization,Not mentioned in source.,Not mentioned in source.,Not mentioned in source.,Not mentioned in source.,Not mentioned in source.,Not mentioned in source.,Not mentioned in source.
DISEÑO Y DESARROLLO DE UNA GUITARRA ELÉCTRICA PARAMETRIZABLE MEDIANTE PROCESOS DE FABRICACIÓN ADITIVA,applied research,The paper uses parametric design and computer-aided design methods to configure product geometry for user-specific ergonomics.,Fused filament deposition / fused deposition modeling (described as 'modelado por deposicion de polimeros semifundidos') and additive manufacturing more generally.,"Customization is achieved via parametric configuration that automatically adapts geometry to each user's ergonomic needs, within a mass-customization context.",The main contributions are demonstrating a design and development methodology that leverages additive manufacturing's flexibility and geometric complexity to produce a parametrizable electric guitar whose geometry automatically adapts to user ergonomics.,Consumer product (electric guitar).,"Scalability/variation is addressed through mass-customization enabled by AM's flexibility and ability to realize complex geometries, implying scalable personalization workflows."
Additive manufacturing by daylight: Towards a customized shading device [designyourshutters.com],applied research,Uses parametric and computational design techniques to allow users to select and adjust geometry from a design library via a parameterized interface.,Additive manufacturing / 3D printing as the primary digital fabrication technology for producing customized sunshading devices.,"Customization achieved via a user-facing parameterized interface: select a geometry from a library and adjust parameters to fit a specific window frame, then fabricate via 3D printing or order online.","Findings: sunshade performance is directly linked to geometry, supporting a link between geometry, fabrication and light-control performance; AM enables personalized, distributed production and new business models combining Web 2.0 and AM for 'design anywhere, build anywhere' entrepreneurship.",Architectural product design: external sunshading devices for building facades/window frames.,"Scalability via a parameterized design library and web distribution: users adjust parameters locally or order prints online, enabling distributed, scalable production ('design anywhere, build anywhere')."
A CAD INTERFACE FOR PRODUCT CUSTOMIZATION,applied research,Parametric CAD via embedded CAD productivity tools automated through the CAD API and a Visual Basic-based interface,Not mentioned in source.,"Customers customize products by adjusting predefined parametric parameters through an interactive CAD interface, constrained within defined ranges; applied to an electric guitar body example","Developed an interactive CAD-based customization interface that reduces repetitive engineering work, lowers design time and errors, and enforces parameter constraints to maintain design consistency",Product design (consumer product - electric guitar body),"Scalability is addressed by allowing end-users to generate variations via constrained parameter ranges, reducing the need for engineers to manually create multiple product variants"
Increasing product attachment through personalised design of additively manufactured products,Not mentioned in source.,Not mentioned in source.,Not mentioned in source.,"Customization is achieved through co-design with end users and the use of Virtual Clay modelling to create personalised complex shapes, enabled by additive manufacturing's ability to produce arbitrary geometries.","Personalised design combined with additive manufacturing can increase product attachment, leading to longer product use and improved sustainability.",Product design (creative design contexts and user co-design).,Scalability is enabled by additive manufacturing's capability to produce complex geometries with minimal cost/time penalties and by digital modelling workflows that offer repeatability and production speed.
The Additive Manufacturing Process Setting Feasible Space Exploration and Association With Variable Product Platform Design,applied research,Not mentioned in source.,The paper focuses on Additive Manufacturing (AM) broadly and discusses AM process setting adjustments and optimization related to AM production.,"Customization/personalization is achieved via platform-based product family design and variable product platforms where design parameter bounds are mapped from AM process setting variants, illustrated with a honeycomb-shaped bumper module example.",Key findings: AM process settings significantly affect part quality and cost; mapping process setting adjustments to design parameter bounds can define feasible AM-enabled design space for product platform modules.,Product/component design (automotive R/C racing car bumper module).,Scalability/variation is addressed by using platform-based product family design and process family planning; formulating feasible process setting space search as an optimization to minimize cost and maximize design parameter variability; and mapping parameter limits from process settings via an expert system.
Algorithms for Jewelry Industry 4.0,applied research,"Parametric modeling using Mathematica and Grasshopper, with parametric spaces of mathematical patterns; use of Direct Acyclic Graphs (DAGs) grouped into 'User Object' to represent constrained parametric schemata.","Additive manufacturing technologies, specifically 3D printing in wax-based resins, are used to produce chosen configurations from the parametric models.",Customer-driven parametric customization via editable 3D virtual models and 'User Object' DAGs that generate large numbers of unique configurations; selected designs are 3D printed and finished via traditional handcraft.,"Proposes a parametric design method for Industry 4.0 jewelry manufacturing, demonstrates use of mathematical pattern parametric spaces to generate many unique designs, and validates the process with two case studies converting equations into physical forms.",Jewelry manufacturing / product design.,Scalability in design variation is achieved through DAG-based parametric schemata ('User Object') that can generate a large number of unique configurations and allow customer modification and visualization of variants.
UBIQUITOUS CUSTOMIZATION - UTILIZING RAPID MANUFACTURING IN THE PRODUCTION OF DESIGN AND ARCHITECTURE,Not mentioned in source.,Not mentioned in source.,Not mentioned in source.,Not mentioned in source.,Not mentioned in source.,"The paper concerns architecture and design, with a focus on rapid manufacturing and ubiquitous customization.",Not mentioned in source.
Research on Parametric Design of Customized Products Based on Database,applied research,The paper uses parametric CAD automation via SolidWorks API together with a database-driven parametric design approach implemented using VC++ and Microsoft Access. It emphasizes parametrical rapid design as central to mass customization.,Not mentioned in source.,"Customization is achieved through a database-driven parametric design system integrated with SolidWorks API, enabling rapid parametrical design for mass customization; demonstrated on a bearing part as an example.","The paper finds that database-backed parametric rapid design is crucial for enabling mass customization, and demonstrates a working SolidWorks-based parametric design system validated on a bearing component.",Mechanical/product components (bearing part).,"Addresses scalability via enabling rapid parametric design to support mass customization production modes, implying scalable generation of product variants through parameter-driven automation."
Additive Manufacturing and Design Strategies for Customized Jewellery Production,Not mentioned in source.,Not mentioned in source.,Not mentioned in source.,Not mentioned in source.,Not mentioned in source.,Production of customised jewellery products.,Not mentioned in source.
DETC 2018-85645 CUSTOMIZATION OF A 3 D PRINTED PROSTHETIC FINGER USING PARAMETRIC MODELING,applied research,Not mentioned in source.,Not mentioned in source.,Not mentioned in source.,Not mentioned in source.,Not mentioned in source.,Not mentioned in source.
Enhancing Parametric Design Through,framework,Not mentioned in source.,Not mentioned in source.,"Customization is achieved by using topological parameters—specifically non-manifold topology—to design cellular spaces and voids for additive manufacturing, enabling parameter modification based on design context.","The paper finds that neglecting topological relationships in parametric design leads to brittle designs and potential failure, while incorporating topology (non-manifold topology) leads to enhanced, smarter solutions that allow parameter modification to accommodate design context.",Additive manufacturing / digital fabrication of cellular structures (product/architectural components).,"Scalability and design variation are addressed by using topological parameterization (non-manifold topology) to allow parameters to be modified in response to context, supporting adaptable variation across designs."
Customer driven mass-customisation and innovative product development with parametric design & generative modeling,Not mentioned in source.,Not mentioned in source.,Not mentioned in source.,"Customization is achieved through parametric design and generative modelling enabling rapid development of product varieties, involving customers directly or indirectly to better capture needs and improve satisfaction, and reducing time-to-market by shortening product design and 3D modelling times.","The paper identifies technical challenges from the trend toward highly customised products, highlights successful case studies and solutions for mass-customisation, and reports that parametric and generative methods enable rapid product variety development, improved customer satisfaction, and reduced time-to-market.",Not mentioned in source.,Scalability and variation are addressed by enabling rapid development of product varieties and shortening design and 3D modelling time to accelerate time-to-market.
A Parametric Product Design Framework for the Development of Mass Customized Head/Face (Eyewear) Products,framework,Not mentioned in source.,Not mentioned in source.,"Customization is achieved by creating a parametric modelling algorithm built from scanned 3D head models, using measurable and adjustable facial parameter points; assigned parameter values generate 3D face models that serve as references for designing customized eyewear.","Key contributions include development of a parametric design method for mass-customised head/face products, analysis of challenges and opportunities for mass customization and rapid manufacturing, and exploration of implementing a parametric design framework as an early-stage NPD strategy for eyewear/head-face products.","Head/face products, specifically customized eyewear.","Scalability is addressed through mass customization and enabling rapid manufacturing approaches, with the parametric framework intended to support mass-customised production of head/face products."
Personalization in Design through New Technological Achievements,Not mentioned in source.,Not mentioned in source.,Not mentioned in source.,"The paper proposes a product configuration model (PCM) that enables non-designers and novice CAD users to create personalized CAD models via a user-friendly interface. It frames additive technologies as enabling these possibilities, and specifically references fused deposition modeling (FDM) in discussing accessible home production as costs decrease.","Additive technologies remove penalties for series size and geometric complexity, enabling ordering of unique, quickly delivered products. The paper proposes a product configuration model as a tool for creating personalized parts to make customization accessible to non-CAD users.","Product design / consumer goods, focusing on enabling non-designers to create personalized CAD models for artifacts produced via additive technologies.","Scalability and variation are enabled by additive technologies, which eliminate additional costs for complex geometries and small series production, and lowering hardware costs (e.g., FDM) supports decentralized/home production increasing scalability of personalized manufacturing."
Mass Customization: Reuse of Digital Slicing for Additive Manufacturing,applied research,Not mentioned in source.,Discusses additive manufacturing / 3D printing generally and specifically Continuous Liquid Interface Production (CLIP),Customization achieved by identifying homogeneous classes of shapes and reusing slicing information across parameterized variations within the same class,Identifies slicing as a pre-fabrication bottleneck and shows reuse of slicing data can give up to 50x speedup and reduce utilization in pre-fabrication from >90% to <50%,Product design / additive-manufactured customized products,"Addresses scalability by enabling reuse of slicing across many similar models to support mass customization, yielding significant speedups (up to 50x) for large batches"
From Massive to Mass Customization and Design Democratization,Not mentioned in source.,Not mentioned in source.,Not mentioned in source.,"The paper frames customization using the concept of mass customization as ""the mass production of individually customized goods and services"", and describes digitally-driven parametric design processes that enable continuous transformation of 3D forms to support unique geometries and customization.","Mass customization offers increased variety and customization without corresponding cost increases, and is particularly suitable for housing where products are mostly one-off and highly customized.","Architecture / building industry, specifically the housing sector.","The paper suggests scalability of customized offerings by increasing variety without corresponding cost increases, potentially making uniquely geometrical customized houses available to broader segments of society."
"International High-Performance Built Environment Conference – A Sustainable Built Environment Conference 2016 Series ( SBE 16 ) , iHBE 2016 Mass customization with additive manufacturing : new perspectives for multi performative building components in architecture",case study,Not mentioned in source.,"Additive Manufacturing (AM) is the primary technology discussed, specifically the use of 3D printing for clay bricks.","Customization/personalization is achieved through mass customization enabled by additive manufacturing, demonstrated via a 3D-printed clay brick case study that adapts existing systems into personalized multi-performative building components.","Key findings: AM offers near-total freedom in material deposition enabling material placement only where structurally needed, which allows optimization of construction components and new printed tectonics, supporting mass customization in architecture.","Architecture, specifically building components (3D-printed clay bricks).","Scalability/variation: The paper positions mass customization via AM as a way to personalize components without increasing cost, suggesting scalable personalization and market responsiveness."
Design methodology for mass personalisation enabled by digital manufacturing,framework,The paper discusses using parametric models/parametric design concepts (e.g. converting parametric models into seed designs and exposing parameters to users) and references prior work on parametric model conversion for online configurators; it frames the seed design as a parametric template with variable design features (base architecture plus variable parameters) that users manipulate in real time.,Additive manufacturing is a central enabler: stereolithography (SLA) 3D printing is used in the mouthpiece case and 3D-printed soles are used in the footwear case; broader references to digital manufacturing (including AM and digital knitting) and CAD/simulation-based fabrication are made.,"Customization is achieved via a 'seed design' template exposing variable design parameters (DPs) mapped to personal requirements (PRs); users co-create through a real-time interface where inputs (PRs) are translated by a solution algorithm into DP values, iterating to satisfy coupled requirements and update the valid design space.","The paper presents a prescriptive methodology for mass personalisation (DfMP) including: development of seed designs with variable features, structuring design and solution spaces, and a real-time co-creation solution algorithm to generate manufacturable personalised designs; demonstrated via two applied cases (SLA mouthpieces and knitted upper + 3D-printed soles) showing applicability and limits; noted limitations include reliance on digital manufacturing and challenges in user co-creation UX and characterization effort.",Primary application domains: consumer products — demonstrated on saxophone mouthpieces (musical instruments) and knitted footwear; the methodology targets consumer product design realizable via digital manufacturing and references medical products as existing MP examples.,"Scalability is addressed by: using a seed design to constrain complexity while enabling near-continuous variation; constructing solution spaces with constrained DP ranges; and an automated iterative solution algorithm to generate personalised designs at scale (supporting mass efficiency), though scalability depends on manufacturing flexibility and the effort to characterise PR–DP mappings; the authors note reliance on digital manufacturing as a limitation."
Sketch-based pipeline for mass customization,Not mentioned in source.,Not mentioned in source.,Not mentioned in source.,Personalization is achieved via a sketch-based input: users draw a 2D sketch to query a 3D shape database and then use a sketch-based modeling technique to edit the retrieved model; fabrication-aware deformation is applied to adapt designs to 3D printing constraints.,"Introduces a sketch-based workflow that combines sketch-based retrieval, modeling, and fabrication-aware optimization to produce personalized 3D printed objects.",Product/personalized objects (3D printed consumer objects).,Supports scalability through querying a large 3D shape database as the basis for personalization; fabrication-aware deformation enables adapting retrieved models for batch production via 3D printing.
"Mass Customization: a critical perspective on parametric design, digital fabrication and design democratization",review,"The paper discusses parametric modeling as the central method, including parametric definitions expressed as geometric associations and constraints, dynamic/open parameters exposed via digital interfaces, and node-based, visual/graph editors for parametric definitions (meta-design platforms).",Discusses digital fabrication broadly (file-to-factory workflows) including CNC and additive manufacturing/3D printing as key technologies; highlights desktop 3D printers and CNC as means to realize parametric designs and home printing.,"Customization is achieved via parametric design interfaces/configurators exposing open parameters to users, online design apps allowing parameter changes, downloadable files for home 3D printing, and systems providing technical feedback and evaluation to guide user choices.","Finds that parametric design + digital fabrication can enable mass customization and design democratization but cautions that many interfaces result in limited ""menu-picking"" personalization; true democratization requires open parametric systems, feedback loops, and sharing/copying of code rather than mere parameter sliders; warns against conflating a linear digital workflow with real design conversation and contingency.","Primarily architecture and building, with examples extending to product domains (jewelry, furniture) and housing systems (Wikihouse).","Scalability is addressed via parametric variation, modularization (recombinable modules), file-to-factory workflows, and digital fabrication efficiencies where producing many different items has similar effort to producing many copies, enabling economical production of variety."
AN EXPERIMENT-DRIVEN MASS-PERSONALISATION MODEL: APPLICATION TO SAXOPHONE MOUTHPIECE PRODUCTION,applied research,Parametric modeling was used: a parametric CAD model of the scanned Yanagisawa mouthpiece was created using Solidworks (via ScanTo3D) and the customization interface/seed design implemented with Grasshopper for Rhinoceros.,"Stereolithography (SLA) 3D printing was used for production; Formlabs Form 2 resin printing (with Form wash and Form cure post-processing) was reported. Other technologies (e.g., FDM) were tested but found inconsistent for required tolerances.","Customization is achieved via a designer-created seed design (parametric template) with predefined variable ranges; users co-create final designs by iteratively selecting preference values that map to design variables (DVs), with the system adjusting DVs stepwise to satisfy functional requirements (FRs) while respecting interdependencies.",Main contributions: (1) an experiment-driven methodology for creating a parametric seed design for mass-personalization (MP); (2) identification and mapping of functional requirements (FRs) to design variables (DVs) and quantification of their effects via designed experiments; (3) demonstration of a user co-creation workflow that iteratively resolves trade-offs and enforces dynamic design-space constraints; (4) practical validation using SLA printing and an artificial blowing machine to measure acoustic/playing metrics.,Application domains: consumer product design with musical instruments (saxophone mouthpieces) as the primary case; authors suggest applicability to other consumer products (example: eyewear frames). The work is within product design/digital fabrication contexts.,Scalability/variation addressed by: using an automated parametric seed design to remove per-customer labour and enable repeated co-creation at scale; selecting AM (SLA) with batch print capability (16 units per run) to support on-demand production; defining variable ranges and dynamic constraints to systematically manage design variation and enforce manufacturability and functional limits.
Parametric modeling of 3D human faces using anthropometric data,applied research,"The paper uses linear regression and Kriging-based parametric models to map mesh coordinates to feature parameters, and employs Free Form Deformation (FFD) for interactive adjustments.",Not mentioned in source.,"Customization is achieved by scanning user faces with non-contact scanners to build 3D models, using PCA to reduce data and parametric models (linear regression, Kriging) to generate individualized facial geometry, and enabling interactive frame adjustment via FFD software for real-time personalization.","The study demonstrates that PCA plus regression/Kriging parametric models can efficiently generate individualized 3D facial geometry from scanned data, supporting human-centric, mass-personalized eyeglass frame design and enabling interactive design adjustments.",Product design (eyeglass frames / wearable accessories).,"Scalability is addressed through PCA for dimensionality reduction to manage large anthropometric datasets and parametric regression/Kriging models that can efficiently generate individualized geometries, enabling mass personalization workflows."
Mass Customization and Design Democratization,Not mentioned in source.,Not mentioned in source.,Not mentioned in source.,"Customization is achieved by making parametric definitions of product geometry accessible via interactive websites so users can design their own unique versions, enabling mass production of non-standard, highly differentiated products.","The paper reports that variety no longer compromises production efficiency and economy, and it highlights social, cultural, and design implications of design democratization via mass customization.","Product domains include footwear, tableware, furniture, and housing.","Scalability is enabled by parametric design combined with digital fabrication, allowing mass-production of highly differentiated products without compromising efficiency or economy."
Customer participating 3D garment design for mass personalization,applied research,The paper uses component-based parametric surface modeling with contour-curve encoding/decoding and modular component option sheets to enable parametric variation in garment designs.,Not mentioned in source.,Customization is achieved through a modular component option sheet and libraries of encoded Garment Surface Styles (GS) and Pattern Styles (PS) that customers select and edit (including dragging onto a 3D mannequin and editing contour/style curves) to create individualized designs.,"Key contributions include proposing contour-curve encoding/decoding methods and component option sheets to build GS and PS libraries, enabling customer-driven rapid construction and storage of individualized 3D garment prototypes.",Apparel/fashion product design (3D garment design).,Scalability is addressed via modularization and libraries (component option sheets and GS/PS libraries) that allow rapid recombination and reuse of encoded styles to support mass personalization workflows.
Self-design fun: Should 3D printing be employed in mass customization operations?,applied research,Not mentioned in source.,Not mentioned in source.,"Customization is achieved by employing 3D printing within mass customization programs to provide ""self-design fun"" allowing consumers to create product variety and through responsive production (e.g., remanufacturing returned items) and using 3D printing for mold creation to handle demand uncertainties.","Main findings: 3D printing in MC provides consumer ""self-design fun"" but may not be more profitable when willingness to pay for ready-made variety is low; it can increase market-related benefits and consumer surplus in markets with risk-seeking consumers when both self-design fun and RPVE are emphasized; 3D printing offers flexibility for remanufacturing returned items and shortens lead-times; using 3D printing for mold creation helps manage demand uncertainty.",Product mass customization examples in automotive and furniture industries.,"Scalability and variation are addressed via 3D printing's flexibility and responsiveness which support remanufacturing and shorter lead-times, and by using 3D printing to create molds to handle demand uncertainties."
PLM Process and Information Mapping for Mass Customization Based on Additive Manufacturing,applied research,"The paper uses parametric CAD modeling with explicit numeric parameters to define geometry; a parametric product is central to the scenario. The forearm gutter geometry is parameterized (elliptical cross-sections) to fit individual arms, with 22 parameters controlling size and position of the ellipses. The authors state customization parameters include integer, real, and string types and that parametric design is used.","The paper discusses additive manufacturing generally (SLA, SLS, FDM) and applies a low-cost FDM process in the scenario for PLA parts. Workflow includes exporting CAD to STL, slicing to G-code, and printing on a 3D Cloner (FDM) with specified build-volume limits.",Customization is achieved via elicitation of user-specific measurements/requirements which populate the parametric CAD model to generate a unique geometry variant per customer (with traceable IDs). The product uses a modular architecture (forearm and cup modules) and parametric parameters (ellipses) to enable individualized fits.,"Main findings: tailored customization is challenging in industry but can be enabled by combining PLM for information/process management with AM and parametric models to produce individualized products; integrating lifecycle information with customer elicitation and manufacturing is essential, and the paper provides a process/information map that can be reused to reproduce similar MC scenarios.",Assistive technology / medical / assistive devices (forearm support).,"Scalability is addressed via PLM-managed product structures to create and manage variants, modular architecture to limit combinatorial explosion, and careful selection of which data to collect to avoid over-engineering; costs and complexity near the design decoupling point are acknowledged as challenges to scalability."
Generative Design for Printable Mass Customization Jewelry Products,Not mentioned in source.,Not mentioned in source.,Not mentioned in source.,"The paper describes customization achieved through 3D printing enabling a shift from mass production to 'customization', applied to jewelry products, and using generative design and material expressivity to enable 'customizable mass customization'.","3D printing renews design activity compared to traditional production, proposes a new vision of mass production enabling customization, and experiments with material expressivity and generative design to define 'customizable mass customization'.",Jewelry products,"The paper frames scalability through the concept of mass production transformed by 3D printing into customizable mass production, suggesting scalability of customization for jewelry via 3D printing."
Non-Uniform Assemblage: Mass Customization in Digital Fabrication,case study,The paper uses parametric design strategies and parametric detailing as core methods for design generation and to integrate digital fabrication with assembly.,CNC fabrication and broader digital fabrication processes are the primary manufacturing technologies discussed.,"Customization is achieved through parametric detailing enabling mass customization in CNC fabrication, combining computational generation with handcrafted/manual assembly and use of prefabricated components.","Key contributions include demonstration of parametric strategies in real projects (two full-scale pavilions), showing integrated computational and handcrafted fabrication workflows and practical implementation of mass customization in architectural-scale work.",Architecture and architectural-scale fabrication (full-scale pavilions).,Scalability and variation are addressed by parametric detailing to enable mass customization on CNC platforms and by combining prefabrication with manual assembly to manage production complexity.
Design Automation for Mass Customisation via Additive Manufacture: A Case Study on Continuous Positive Airway Pressure Mask,case study,Not mentioned in source.,Not mentioned in source.,"Customization is achieved via a fully automated parametric pipeline that uses a large-scale statistical shape model trained on 9,663 facial scans to generate a patient-specific CAD CPAP mask from a single in-the-wild facial image.","The paper demonstrates a fully automated design pipeline that substantially reduces design time, removes manual CAD modelling, and simplifies data acquisition by producing a custom CPAP mask CAD model from one facial image in under a minute.",Medical devices (CPAP mask).,"Scalability is enabled by training a statistical shape model on 9,663 scans, allowing rapid generation of individualized designs and greatly reducing per-item design cost and time, thus supporting scalable mass customisation."
Additive Manufacturing for Mass Customization,Not mentioned in source.,Not mentioned in source.,"The paper states that AM builds parts from polymers, metals and ceramics and requires 3D CAD data.","Customization is achieved via production from customer-generated data, including sources such as massively multiplayer online role-play games (MMORPG).","Key points: AM is a disruptive, no-tooling production technology, and the chapter considers advantages of AM and its application to mass customization.",Application domain: mass customization/product manufacturing contexts.,Not mentioned in source.
Design for Mass Customization using Additive Manufacture: Case-Study of a Balloon-Powered Car,case study,Not mentioned in source.,Fused Deposition Modeling (FDM) using uPrint SE Plus.,"Individualized student-designed variations of the car body and wheels, resulting in 2300 unique designs produced via AM.","Nine AM process constraints were defined through tests to limit design-print iterations to at most one, leading to near-universal functional success of 2300 student designs and demonstrating that applying AM constraints upfront reduces iteration and failures.",Educational product design (student coursework) — balloon-powered car case study.,Demonstrated scalability in producing 2300 unique designs by applying nine upfront AM process constraints to limit iteration and ensure fabrication success.
Exploring Parametric Design: Consumer customization of an everyday object,Not mentioned in source.,Not mentioned in source.,Not mentioned in source.,Not mentioned in source.,Not mentioned in source.,Not mentioned in source.,Not mentioned in source.
A smart mass customization design tool: a case study of a portable ramp for wheelchair users,case study,The paper describes a parametric smart customization tool implemented as rule-based parametric modeling (spreadsheet/formula-driven parametric logic) for ramp configuration.,Not mentioned in source.,"Customization is achieved via an interactive parametric tool that lets users specify parameters (e.g., ramp length, width, wheelchair type, maximum mass) determined from user research, patents and literature; the tool applies conditional rules and formulas to compute geometry and constraints (e.g., slope, required rotation platform).",The study finds portable ramps are well-suited to mass customization and demonstrates a methodology and implemented parametric customization tool; user research and systematic evaluation were used to assess the model.,Product design for assistive devices / mobility aids (portable ramps for wheelchair users).,"Scalability/variation is handled through parametrization of functional dimensions and conditional rules (e.g., rules for telescopic feet when length >2m, slope constraints) allowing generation of variants across size, load capacity and deployment features."
Automated Design and Rapid Manufacturing of Low-Cost Customized Upper Limb Prostheses,applied research,"Parametric CAD models (intelligent CAD models) implemented in Autodesk Inventor using iLogic rules, driven by point-coordinate parameters exported to Excel from processed 3D scan data; section-based spline parameterization (seven planes, splines with 8 control points)",Low-cost Fused Deposition Modelling (FDM / FFF) 3D printing using PLA and ABS materials; low-cost optical 3D scanning (David SLS-3) for digitizing anatomy,"Patient-specific customization via 3D scanning to capture stump/healthy limb geometry, automated processing to extract sectional coordinate parameters, feeding those into parametric CAD (Inventor/iLogic) to generate individualized sockets and modules; parameterized end-effectors and modular parts (socket, forearm, hand) enabling configuration","Automated parametric workflow enabled feasible, low-cost customized prostheses: successful generation and printing of sockets and complete prostheses; rapid turnaround between scan and print-ready model (15–45 minutes); low manufacturing time (6–10+ hours) and low cost (~75–250 USD)",Medical/orthopaedics — customized upper limb prostheses (mechanical and cosmetic),"Scalability via mass customization paradigm: parameter-rich models (> a dozen parameters), modular design (socket/forearm/hand with standard mounting for interchangeable end-effectors), and automation to reduce per-unit design time enabling higher throughput; noted challenges include scan consistency, age/size-specific parameter selection, and need for further testing to reach broad universality"
The paradigm shift of mass customisation research,review,Not mentioned in source.,The paper discusses additive manufacturing as a key manufacturing technology in the evolution of mass customization and Industry 4.0.,Customization/personalization is described as enabling customer co-design and direct customer input in production to deliver individualized products; mass customization uses modularization and flexible/agile production processes while mass personalization enables one-off unique products and closer customer involvement.,"The paper provides a bibliometric analysis showing shifts in MC research topics and communities, identifies that MC is framed by business/marketing and operations perspectives, highlights the emergence of additive manufacturing and Industry 4.0 technologies as enablers of customization, and argues that integrating these technologies improves production metrics and enables mass personalization.","Primary application domains covered in the literature are engineering and computer science, with examples in manufacturing systems and CIRP publications; the paper focuses broadly on manufacturing/product domains rather than a single sector.","Scalability and variation are addressed via flexible/agile production processes, modularization and Industry 4.0 technologies that enable scalable, cost-efficient personalized production and shorter cycle times."
Wall.4.all - Mass customization of 3d wall design in online environment,framework,"The paper uses Grasshopper-based parametric modeling and related plug-ins (Human UI, Speckle.xyz, ShapeDiver) and Weaverbird for mesh/topology editing.",Additive manufacturing (3D printing) and CNC manufacturing are mentioned as target fabrication technologies.,Customization is achieved via web-based parametric configurators allowing customer participation and export of 3D models for manufacturing; design variations and optimization are handled within the Grasshopper/ShapeDiver workflow.,"The contribution is a practical workflow/workshop demonstrating web-based parametric platforms (Grasshopper + ShapeDiver) for mass-customized 3D wall design and export to manufacturing, teaching creation of web configurators and optimization strategies.",Architecture/product design (specifically 3D wall panels / architectural elements).,"Scalability and variation are addressed through parametric models and web-based configurators that support design variations and optimization, enabling customer-driven variation at scale consistent with mass customization principles."
Ring’s Anatomy - Parametric Design of Wedding Rings,Not mentioned in source.,Not mentioned in source.,Not mentioned in source.,Customization is achieved via procedural shape modeling and a metadesign composed of procedural shape building blocks that generate a large variety of shapes covering the design space of exemplars (wedding rings).,"Demonstrates that procedural shape modeling and a metadesign of procedural building blocks enable mass customization by generating large variety within a defined shape space, and that the model abstraction process is applicable to other shape design spaces.",Product design (jewellery — wedding rings).,"Scalability/variation is addressed by using a metadesign of procedural building blocks that can generate a large variety of shapes covering the target design space, and by model abstraction intended to generalize to other shape spaces."
Shoe-last design exploration and customization,applied research,The paper uses parametric curve representation for styling curves and parameter modification to explore design variations.,Not mentioned in source.,"Customization is achieved by parameterizing styling curves and scaling parameterized designs for individual shape and size, enabling continuous stylistic changes to reflect personal taste.",The study proposes a system for shoe-last design exploration that supports mass-customization and cost-effective individual designs.,Product design — footwear (shoe-last design).,Scalability is addressed by parameterization allowing scaling across shapes and sizes and generating large virtual design variation to support mass-customization principles.
A Critical Review of Additive Manufacturing: An Innovation of Mass Customization,review,Not mentioned in source.,"Discusses 3D printing and 4D printing technologies, including integration of 3D and 4D printing components.","Achieved by applying 3D and 4D printing in fashion for mass customization, embedding shape memory materials and combining 3D/4D components to enable post-print shape change and higher hedonic value.","Finds that 3D and 4D printing have significant potential for mass customization in fashion; 4D printing shows promise, especially when embedding shape memory materials, and combining 3D/4D components can reduce returns and increase product hedonic value.","Fashion, specifically fashion accessories and broader fashion mass customization contexts.",Discusses mass customization opportunities enabled by 3D/4D printing but does not provide detailed scalability frameworks or quantitative scalability analysis.
"Integration of Additive Manufacturing, Parametric Design, and Optimization of Parts Obtained by Fused Deposition Modeling (FDM). A Methodological Approach",framework,"The paper uses visual programming in Grasshopper (Rhinoceros) for parametric/generative modeling and scripting, including plugins and custom scripts; the parametric model maintains continuous data flow and generates variant designs without remodelling.","Primary AM technologies discussed and tested are FDM (Fused Deposition Modeling) and SLS (Selective Laser Sintering), with emphasis on FDM case studies; discussion includes infill/shell concepts and slicer-generated G-code considerations.","Customization/personalization is achieved via parameterization in the Grasshopper workflow: designers set variable ranges and multi-objective optimization (e.g., Octopus) generates populations of variant solutions for selection, enabling mass-customization contexts and user-specific adaptation.","Main contributions: integrated continuous workflow combining parametric design (Grasshopper), topology and multi-objective optimization, and AM (FDM/SLS); non-uniform, load-adaptive infill and shell optimization; facilitates lightweight, manufacturable designs and supports mass-customization and hierarchical/continuous optimization strategies.","Application domains: product design and digital fabrication broadly; explicit examples and suggested applications include medical devices/implants, orthoses, fashion, ergonomics, and teaching contexts; validated on small-scale FDM prototypes.",Scalability and variation: supports rapid generation of many design variants from parametric variable ranges and multi-objective optimization populations (enabling mass customization); hierarchical vs continuous optimization strategies allow decomposition to manage computational load and detailed control.
Mass Customized Design of Cosmetic Masks Using Three-Dimensional Parametric Human Face Models Constructed From Anthropometric Data,applied research,"Parametric 3D face models constructed from scanned anthropometric data are used; models are generated via a nonlinear regression model controlled by measurable facial parameters, and design is performed directly on 3D meshes with user-specified boundary curves.",Not mentioned in source.,"Customization is achieved by building 3D parametric face models from scanned data and adjusting facial parameters to approximate individual faces; users construct mask shapes on the 3D mesh via boundary curves, then an automatic flattening function produces a 2D pattern for manufacture.","The paper demonstrates a prototyping system that uses parametric face models to realize large-scale, human-centric customization of cosmetic masks, showing that anthropometric datasets can be practically used for personalized product design.",Cosmetic products / wearable facial masks (personal care product design).,Scalability is addressed by leveraging large-scale scanned anthropometric datasets and parametric models controlled by a small set of measurable facial parameters enabling generation of many individualized designs efficiently.
Customization of a 3D Printed Prosthetic Finger Using Parametric Modeling,applied research,Uses parametric solid modeling to create a product family by parameterizing key features (width W and length L) and controlling them independently; implemented in Autodesk Fusion 360 (user parameters).,Fused deposition modeling (FDM) 3D printing using an Ultimaker 2.0+ with PLA material; workflow includes exporting STL and slicing in Cura.,Customization achieved by parameterizing finger width and length in the CAD model so individual measurements generate unique STL files; parameters are entered in Fusion 360 and parts exported for 3D printing.,"Measured weak/no correlation between finger length and width, showing uniform scaling is inadequate. Parametric models controlling length and width independently keep designed lengths within ±5% of actual and produce ROM paths closer to natural fingers with lower mean distance and low variance. Practical validation: two parametric designs were fabricated with FDM and assembled.",Medical devices — prosthetics (prosthetic fingers for partial amputees / transcarpal cases).,Scalability addressed via parametric modeling enabling generation of a product family from one CAD file by changing parameters (W and L) — supports mass customization and faster generation of individualized designs; validated with fabrication times for two variants showing practical manufacturability via FDM (82–93 minutes per set).
User Driven Custom Design - the solution to simplify customisation according to consumer needs,case study,"The paper uses a Product Parametric Design Methodology based on ergonomic analysis and anthropometry, implemented via a ""3D Modelling Component"" for direct part customization. It is integrated into the KYKLOS 4.0 platform for the medical use case.","Additive manufacturing technologies are mentioned for producing customized accessories and tools, but specific AM processes (e.g., FDM, SLS) are not specified in the source text.","Customization is achieved through anthropometry-driven parametric inputs and virtual manikins for testing, a web-based configuration platform where users select and customize parts (frame, cushions, footrest), and integration with a Users' Behaviour Model that uses patient data to recommend fittings; orders and assembly are fully digital.","The paper finds that the parametric customization workflow enables efficient conversion of user requests into manufacturable specifications, reduces time and cost, supports eco-design by minimizing material waste and enabling recycling, reduces unnecessary machining through anthropometry-based customization, and shows replication and scale-up potential in the medical domain.","Primary application domain: medical devices (wheelchair case study). Additional domains mentioned: fashion (clothing/accessories), furniture, sports equipment, and accessories/tools for broader product customization.","Scalability is addressed via digital automation of ordering and assembly, replication and scale-up potential in medical applications, resource reductions through customized components, and potential market expansion through automated anthropometry-driven processes."
Articulation of Customizable Biomechanical Designs through Assembly Modeling,applied research,Top-down assembly modeling using human scan data as base part; parametric strategies based on geometric relationships between product geometry and the human body,Not mentioned in source.,"Customization achieved by using human scan data as base geometry to define mating conditions and geometric relationships, enabling parametric variation and exploration of mass customization for body-interfacing products",Introduces a top-down assembly modeling strategy using human scan data to identify product-human mating conditions and geometric relationships; identifies parametric strategies to enable exploration of mass customization for biomechanical products,Biomechanical/medical devices and body-interfacing products,"Addresses scalability by enabling mass customization through parametric strategies tied to human-scan-derived geometry, supporting systematic variation across user-specific geometries"
Customer participating 3D garment design for mass personalization,applied research,Not mentioned in source.,Not mentioned in source.,"Customers participate by selecting components from a modularized garment component library (GS/PS libraries), dragging/placing chosen Garment Surface (GS) onto a 3D mannequin and decoding encoded contour/style curves, and by drawing or dragging style/contour curves on a 3D garment surface to create individual designs.","The paper proposes modularization of garment design into surface modeling, pattern design, and texture mapping; encoding/decoding of contour and style curves to build GS and PS libraries; and a component option sheet enabling fast construction of base garment surfaces for customer-driven personalization.",Fashion / garment design (mass personalized 3D garments).,"Scalability is addressed through modularization and libraries: a component option sheet and GS/PS libraries store encoded contour/style curves enabling reuse and fast composition of variants, supporting mass personalization workflows."
A chair as an object of mass customisation,Not mentioned in source.,Not mentioned in source.,Not mentioned in source.,Not mentioned in source.,Not mentioned in source.,Not mentioned in source.,Not mentioned in source.
Product Family Knowledge Modeling for Mass Customization,Not mentioned in source.,Not mentioned in source.,Not mentioned in source.,The paper describes achieving customization by modeling product family knowledge to support mass customization and using module design based on parametric technology. It also emphasizes reuse of information and resources across the product life cycle through a product data management framework.,"The main contributions are (1) a two-level product family knowledge model comprising a product architecture level that models product, process, and team information and (2) a module design level using parametric technology. The framework supports reuse of information and resources for product life cycle management.",Product design / mass customization domain focused on enterprise product life cycle and personalized products.,Scalability/variation is addressed via reuse of information and resources across the product life cycle using the product family knowledge model and a product data management framework to manage modular parametric designs.
Parametrics in Mass Customization,Not mentioned in source.,Not mentioned in source.,Not mentioned in source.,Mass design of serially customized layouts using a beta plugin for Rhino - Grasshopper.,Describes an academic research project implementing digital/parametric tools and presents related work emphasizing approaches in parametric plan layout generation.,Architecture.,Addresses mass housing production demand and proposes mass design of serially customized layouts via parametric tools (Rhino/Grasshopper) to enable scalable customization.
Algorithms for Jewelry Industry 4.0,applied research,"Parametric modeling using Mathematica and Grasshopper, and parametric process representation via Direct Acyclic Graphs (DAGs) grouped as 'User Object'",Additive manufacturing (3D printing) using wax-based resins; general reference to additive manufacturing technologies for producing the selected configurations,Customer-driven modification of parametric 3D virtual models (via the DAG/User Object parametric system) enabling many unique combinations generated from mathematical pattern parameters; customers select configurations which are then fabricated,Proposes a parametric design method using DAG-based User Objects and mathematical patterns to enable customer customization and smart manufacturing in Industry 4.0 jewelry; demonstrates method with two case studies that convert mathematical equations into physical forms via AM,Jewelry manufacturing / jewelry design,"Scalability via parametric combinatorics: the DAG/User Object approach shifts focus to the digital process, enabling generation of a large number of unique design variants from base configurations"
Integrating randomness in parametric design: A tool for developing crafty additive manufactured designs,framework,Not mentioned in source.,Not mentioned in source.,"Customization is achieved by integrating randomized elements into parametric design to produce mass-diversification with a 'crafty' identity, blending craft and mass-production paradigms.","The paper argues PD complements AM by supplying complex 3D models that AM can produce, and highlights that AM's impact has been polarized between makers and high-end applications.",Product design / digital fabrication (design framework aimed at AM production).,Scalability/variation is addressed through 'mass-diversification' enabled by randomized parametric elements to produce varied outputs at scale while retaining handcrafted characteristics.
Mass-Customization in Design Using Evolutionary and Parametric Methods,applied research,"Uses parametric CAD systems (CADDS) driven by external data (Excel) and CATIA's parametric/knowledge workbenches, plus a proprietary generative tool (Origine) implementing evolutionary/parametric encoding.",Rapid prototyping / additive manufacturing (Actua mentioned) and CNC/CAM manufacturing methods.,Customization via parameter manipulation (Excel-driven parameters and CATIA parameter sets) and evolutionary generation with user evaluation/fitness feedback to produce families of variants.,"Shows that parametric and evolutionary methods can generate design families and shift designer role to system programmer; highlights practical requirements (computing expertise, encoding challenges) and positive early user feedback.","Product design (industrial design)—case study on a door handle, with relevance to manufacturing/industry partners.",Scalability via parametric definition-spaces and design grammars (CATIA tree + parameters) enabling families of variants; production scalability tied to flexible manufacturing and RP/CNC translation of parameter sets.
"Customizing Process, Democratizing Design",Not mentioned in source.,Not mentioned in source.,Not mentioned in source.,"The paper describes customization via online configurators that let clients customize products according to personal wishes, and emphasizes direct digital workflows from low-resolution consumer input to high-definition physical output that eliminate human intervention, framing this as a radical approach to mass customization and democratization of design. The authors also state that designing involves parametric thinking.","The paper argues that digital workflows and online configurators have radicalized mass customization and democratized design, that parametric thinking is intrinsic to design practice, and that a new generation embraced digital integration in architectural practice enabling new possibilities.",Architecture/architectural practice.,"The paper discusses scalability through end-to-end digital workflows that translate low-resolution user input directly into high-definition physical outputs, removing human intervention to enable scalable mass customization."
A smart mass customization design tool: a case study of a portable ramp for wheelchair users,case study,"The paper describes a parametric smart customization tool for ramp configuration, implemented via parameterized logic and spreadsheet-style conditional formulas (e.g., IF statements) to generate design variants.",Not mentioned in source.,"Customization is achieved through an interactive parametric tool that captures user requirements (e.g., wheelchair type, width selection, maximum load) and applies rule-based parameter logic to produce tailored ramp specifications and warnings.",The paper presents development and implementation of a parametric mass-customization tool for a rollable wheelchair ramp and reports that the methodology was elaborated and the model assessed after user studies.,Assistive devices / accessibility (portable wheelchair ramps).,"Scalability/variation is addressed by enabling multiple configurable parameters (length, width, load capacity, deployment type) through the parametric tool to expand beyond simple length-only variants and support individualized product variants."
Information Reuse to Accelerate Customized Product Slicing for Additive Manufacturing,applied research,Not mentioned in source.,The paper discusses additive manufacturing (AM) as the manufacturing technology considered.,Customization is achieved by reusing slicing information from a template model across similar customized models to accelerate the slicing process and support mass customization.,"The paper finds that slicing customized AM models is time-consuming for mass customization contexts, and that their proposed information-reuse slicing paradigm significantly reduces slicing time according to experimental results.",Product customization / mass customization in additive manufacturing contexts (general product design).,"Scalability is addressed by reducing per-model slicing time through information reuse from template models, enabling the slicing of large numbers of customized models required for mass customization."
Exploring generative design in context of mass personalization,applied research,Parametric model built in Rhino3D with Grasshopper visual programming; generative design implemented in Grasshopper with the Wallacei multi-objective optimization plugin.,Not mentioned in source.,Customization achieved via seed parametric model informed by a baseline Exocad dental CAD design and patient-specific high-resolution 3D jaw scans; parameters (9 extracted) control functional segments and are explored/optimized via GD in Grasshopper+Wallacei to produce patient-specific abutment geometries.,"GD can automate iterations and multi-objective optimization but demands careful parameterization; segmenting the model markedly improves convergence and computational performance, while broad parameter ranges hinder convergence and adaptability to complex geometries. Explicit GD is useful as a supporting tool for MP but cannot fully replace conventional parametric CAD workflows due to limitations in handling many objectives and complex control-point-based geometry.","Dental prosthetics / medical devices (custom dental implant abutments); also references to broader medical applications (orthoses, prosthetics) and design products/architecture as context.","Scalability is possible via GD's computational exploration of design spaces, but practical scalability depends on careful parameter range definition and segmentation of models to reduce objectives; segmentation improved convergence time and made the workflow computationally feasible, while broad ranges and many objectives reduce scalability and efficiency."
Research on Key Technologies of Jewelry Design and Manufacturing Based on 3D Printing Technology,applied research,"Parametric modeling performed in SolidWorks 2018; parametric/parameter-driven geometry and design parameterization (wall thickness, radii, side lengths) are used to generate variant geometry and the paper explicitly states use of parametric modeling for the Guardian model.",Selective Laser Melting (SLM) metal powder bed fusion (additive manufacturing) using 316L stainless steel powder and a GYD 150 SLM machine; general references to 3D printing/additive manufacturing workflows and Magics software for preparation.,"Customization/personalization is achieved via parametric design in SolidWorks (design parameters such as layer side lengths, wall thickness, radii, spline control points) enabling tailored geometry, followed by direct fabrication with SLM; the workflow emphasizes designer-driven parameter adjustments rather than data/AI-driven automation.","Parametric design combined with SLM produces a printable, high-quality personalized jewelry piece: the Guardian model met geometric and SLM constraints (minimum wall thickness >0.1 mm), required minimal support, printed without warping/defects, and achieved surface roughness ~11 µm after SLM, suitable for finishing.",Jewelry design and manufacturing (consumer products/jewelry domain).,"Scalability discussed qualitatively: authors claim 3D printing enables feasible direct manufacture of personalized jewelry and reduces production cycles/costs, allowing small-batch or single-piece production; explicit quantitative scalability analyses or mass-customization system architectures are not provided in the text."
Mass Customization Capability Planning with Additive Manufacturing,Not mentioned in source.,Not mentioned in source.,Not mentioned in source.,Not mentioned in source.,Not mentioned in source.,Not mentioned in source.,Not mentioned in source.
Parametric Design Method for Personalized Bras,applied research,The paper uses a parametric personalized bra design algorithm and a parametric modeling method to generate personalized bra models from self-measurements.,3D printing is used to produce bra prototypes for evaluation.,Customization is achieved via user-provided self-measurements combined with a self-measuring approach; the algorithm generates individualized bra models from those measurements.,Preliminary results indicate the parametric personalized bra design algorithm generates more accurate bra models across different body shapes.,Apparel / wearable products (bra industry).,Not mentioned in source.
MRI-Compatible Patient-specific Continuum Robots using Parametric Modelling,applied research,Parametric design implemented in Rhino with the Grasshopper plugin is used as the core method for algorithmic/parametric modeling and real-time manipulation of design variables.,"Additive manufacturing (3D printing) is the primary digital fabrication technology discussed, with emphasis on ensuring manufacturability and printability of designs.","Customization is achieved by defining design parameters from patient anatomy and clinical requirements, enabling patient-specific geometries and tailored robots for clinical use cases.","The approach reduces design and manufacturing time, lowers costs, and enables customization for personalized healthcare solutions.","Medical devices / healthcare, specifically patient-specific continuum robots for interventions such as targeted drug delivery and minimally invasive surgery.","Scalability/variation is addressed through a dynamic parametric platform that enables rapid generation of variant designs and reduces design/manufacturing time to support cost-effective, scalable production of patient-specific robots."
La fabricación aditiva como habilitador de la customizaci3n en masa en PYMES,applied research,Not mentioned in source.,"The paper discusses additive manufacturing as an enabling technology for SME mass customization, and mentions CAD in the cloud, ERP and virtual machines as supporting technologies.",Customization is achieved by transitioning SMEs from standardization to mass customization using additive manufacturing combined with Design Thinking to develop company-specific strategies.,Industry 4.0 enablers (including additive manufacturing) enable SMEs to profitably adopt mass customization with high margins and affordable investment.,SME manufacturing / product design for small and medium enterprises.,"Scalability is addressed through a strategy combining additive manufacturing, cloud CAD, ERP and virtualization to create a scalable, flexible and adaptable production approach."
Parametric modulations in Masonry,applied research,"Parametric curve/B-Spline based modeling is used as the core parametric method, with parametrically defined local modules mapped to global forms via an intelligent CAD model. The design process follows a bottom-up, parametric logic for generating variations.","Fabrication methods include CNC-based processes (routers, water-jet, robotic arms) as background context, and the paper's main manufacturing approach is a continuously variable casting system using reconfigurable molds for Ultra-High Performance Steel Fiber Reinforced Concrete and polymeric molds (PETG); related material experiments include polycarbonate sheets for cold-formed constructs.","Customization is achieved by mapping B-Spline control-point driven parametric modules onto reconfigurable molds, enabling continuous geometric variation from a single mold and minimizing data transfer via control-point extraction.","The study demonstrates a successful proof-of-concept where parametric-to-mold mapping delivers precision, variation, efficiency, and acceptable structural performance. It highlights a gap in prior work where fabrication was less emphasized than parametric representation, and recommends integrating structural analysis (FEM) into the parametric workflow for future work.","Architecture and interior/furniture systems (non-standard building components, modular furniture/interior fittings), with links to AEC-scale components and material experiments.",Scalability is addressed by using a single reconfigurable mold to produce continuous variations (reducing per-part cost/effort) and by minimizing data transfer through control-point extraction; the approach envisions automation via CNC servos for larger-scale deployment but demonstrated low-tech indexed molds for prototyping.
Human-Centered Design and Co-design Methodologies for Mass Customization in Housing: A Case Study Using Cloud Computing Applications,case study,"Parametric heuristics and algorithmic modeling using Grasshopper via Rhino.Compute, enabling cloud-based parametric workflows and near-real-time updates between Grasshopper and the web visualisation.",Not mentioned in source.,"Customization is achieved through a web-based co-design workflow where users input site and regulatory parameters and navigate a generated 'solution space' of design options produced by the Grasshopper/Rhino.Compute algorithm; users select and refine options with visual metrics and 3D visualisation, enabling user-driven variation within parameter constraints.","The prototype demonstrates that cloud-based parametric tools can enable user co-design and improve visualization and engagement in mass-housing feasibility studies, but limitations remain in scaling to larger user groups and handling complex design decisions; a heuristics-based parametric approach balances computation and usability for cloud deployment.","Collective housing / residential mass-housing design and feasibility studies, engaging designers, developers and homebuyers.","Scalability is addressed via cloud deployment using Rhino.Compute to run Grasshopper algorithms (supporting near-real-time generation) and by choosing heuristic parametric methods to reduce computational load; however, current limits include incomplete handling of complex design constraints and the need for broader user testing."
Parametric Architectural Design: Mass Customization Concepts and Projects in Architecture,Not mentioned in source.,Not mentioned in source.,Not mentioned in source.,Not mentioned in source.,Not mentioned in source.,Not mentioned in source.,Not mentioned in source.
Mass Customization of Deployable Origami-based Structures,applied research,Not mentioned in source.,Not mentioned in source.,"Customization is achieved via a parametrically driven online 3D model that generates many geometric variants of a deployable, flat-packable double-corrugated folding shelter and automatically produces CNC drawings. The forms are intended to reflect personal needs by providing a myriad of similar geometric forms, and the design relies on a mono-material double corrugated folding pattern to enable variability.","The paper demonstrates a mass-customizable design approach for deployable shelters: a flat-packable, mono-material double-corrugated folding pattern that can generate many similar geometric variants to meet personal needs, and an online model that automates production outputs by generating CNC drawings.",Emergency shelters / deployable shelters,"Scalability is addressed by enabling a mass-customization online 3D model that can generate a myriad of similar geometric forms, supporting variation and repeated production through automated generation of CNC drawings."
PARAMETRICAL CAD MODELS AS A DATABASE FOR MASS CUSTOMIZATION CONFIGURATION PROCESSES,Not mentioned in source.,Not mentioned in source.,Not mentioned in source.,"The paper describes using formulas, rules and parametric CAD functionalities to encode product information within CAD models, and then using the CAD model as a database to support mass customization configuration processes.",Increasing effort in middle stages of product development reduces costs for late changes. Using the parametric CAD model as a database produces consistent CAD information that enables downstream tasks such as semi-automated process planning.,Product development for mass customization / configurable products (product design domain).,"Scalability and variation are supported by treating parametric CAD models as a central database for configuration, enabling consistent variant generation and reducing late-change costs by front-loading development effort."
Mass Customization : Reuse of Topology Information to Accelerate Slicing Process for Continuous Liquid Interface Production,applied research,Not mentioned in source.,"The paper discusses Continuous Liquid Interface Production (CLIP), an SLA-based additive manufacturing process, and emphasizes its continuous operation enabling high productivity.","Customization/personalization is achieved by leveraging AM's ability to produce complex individualized features and, specifically, by introducing a slicing paradigm that reuses topology information from a template model to accelerate slicing for other customized variants in the same category.","The paper finds that slice computation for customized models is time-consuming and that reusing topology information at self, intra-model, and inter-model levels significantly reduces pre-fabrication computation time.",Product design/manufacturing with a focus on mass customization in additive manufacturing.,"Scalability is addressed by using CLIP for high-throughput production and by reducing pre-fabrication computation bottlenecks through topology information reuse at multiple levels, enabling faster slicing across many customized models in the same batch."
A Digital Fabrication Infrastructure Enabling Distributed Design and Production of Custom Furniture,applied research,Not mentioned in source.,Not mentioned in source.,"The paper describes a mass customization approach using responsive design interfaces and an integrated IT infrastructure to translate parametric design libraries into manufacturable projects; the system supports customer-driven ""perfect-fit"" product ordering and was tested in a shopping mall with on-site design and manufacturing.","The paper's main contributions are an integrated IT infrastructure that enables distributed design and production for mass customization in furniture, demonstrated through a real-world test deployment in a shopping mall; the integration of off-the-shelf and custom software to translate parametric libraries into manufacturable projects is highlighted.",Furniture/product design.,Scalability addressed via a distributed IT infrastructure and integration of software tools to manage high variability in customer demand and production across distributed facilities.
La personalización generalizada en la arquitectura mediante fabricación digital : bases para el desarrollo de un protocolo de conexión entre diseño e industria,Not mentioned in source.,Not mentioned in source.,Not mentioned in source.,"The paper frames customization as mass customization enabled by digital fabrication methods, supported by empirical study of custom fabrication industries and proposes a connection protocol between design and industrial production.","Findings include that digital fabrication advances enable connecting design and fabrication for mass customization, that the author's field visits identified how singularity affects production and the potential and limits of fabrication processes for customization, and that a workflow connection protocol is proposed to bridge design and industry.","Architecture, specifically architectural prefabrication and industrialized building components.","The paper investigates scalability questions directly, asking whether producing many distinct pieces is as feasible as producing identical ones, and assesses potentials and limitations of fabrication processes for customization based on industry visits."
MASS CUSTOMIZATION : REUSE OF TOPOLOGY INFORMATION TO ACCELERATE SLICING PROCESS FOR ADDITIVE MANUFACTURING,applied research,Not mentioned in source.,The paper discusses Continuous Liquid Interface Production (CLIP) as the AM technology of focus.,"Customization is achieved by reusing topology information from a template model to accelerate the slicing of other customized products within the same category; reuse is implemented at self-, intra-model-, and inter-model levels.","The paper finds that traditional slicing for customized models is time-consuming (tens of minutes to hours), and that reusing topology information in slicing significantly reduces pre-fabrication computation time, supporting mass customization via AM.",Additive manufacturing for mass customization in general product contexts (mass customization enabled by AM).,"Scalability is addressed by reducing computation time for slicing when handling many customized variants: topology information reuse at self-, intra-model-, and inter-model levels accelerates processing, improving scalability in mass customization contexts."
DETC 2018-85645 CUSTOMIZATION OF A 3 D PRINTED PROSTHETIC FINGER USING PARAMETRIC MODELING,applied research,"The paper uses parametric modeling for prosthetic finger design, employing algorithmic parameter adjustments of geometry; mechanical kinematics are modelled using a crossed four-bar linkage with ROM determined by Freudenstein's equations.",Additive manufacturing (3D printing) is used to fabricate the designed prosthetic fingers.,Customization is achieved by parameterizing finger geometry based on measured anthropometrics (finger length and width) from 50 participants and generating prosthetic finger variants from those parameters rather than using uniform scaling; parametric designs better match natural ROM.,Parametrically modeled prosthetic fingers better reproduce the natural fingertip path/ROM than uniformly scaled designs; simulation and fabrication of extreme length-to-width ratios confirm the advantage of parametric design.,Medical devices / prosthetics (upper limb prosthetic fingers).,Scalability/variation is addressed by parameterizing geometry to generate variants across the measured anthropometric range (tested with highest and lowest length-to-width ratios from 50 participants) and fabricating via AM; contrasts with uniform scaling approach.
Product- and CAD-Structure Planning Processes for Mass Customization Products,Not mentioned in source.,Not mentioned in source.,Not mentioned in source.,"The paper frames customization through mass customization principles and iterative product-structure and CAD-model planning, where parametric design knowledge is extracted to adapt the product spectrum and algorithms derive when structure modifications are needed.","The paper specifies interdependencies and data exchange between product-structure planning and CAD modeling, proposes extracting parametric design knowledge for iterative optimization of product spectrum structures, and suggests algorithmic detection of needed structure modifications to remove critical interdependencies.",Product design / mass customization domain.,"Scalability and variation are addressed by using parametric design knowledge and algorithms to iteratively adapt the product spectrum and derive when structural modifications are needed to manage interdependencies, supporting scalable customization."
"Metodología para la optimización de piezas producidas por fabricación aditiva en estrategias de ""mass customization""",applied research,La metodología utiliza programación visual con Grasshopper y diseño paramétrico integrado en un proceso de optimización multiobjetivo.,Fabricación aditiva / tecnologías de impresión 3D en general; la tesis indica aplicabilidad a cualquier tecnología aditiva mencionada de forma genérica.,Personalización mediante integración en estrategias de mass customization: el modelo adapta el diseño a características y necesidades particulares de un usuario (usuario-specific adaptation) y genera formas por optimización generativa en lugar de formas preestablecidas.,"La tesis destaca: (1) las ventajas geométricas y de proceso de la fabricación aditiva (obtener geometría final en un único proceso), (2) la libertad geométrica permite optimizar diseños con mayor complejidad y más soluciones factibles, y (3) la metodología propuesta fue validada mediante un estudio de caso.",Dominio de producto / ingeniería de producto con foco en estrategias de mass customization (aplicación industrial/productiva).,"Escalabilidad/variación: la metodología soporta mayor complejidad geométrica y multiplica las soluciones factibles, y emplea rellenos parametrizados que varían a lo largo de la pieza para responder a diferentes solicitaciones mecánicas, lo que facilita adaptación y variación en escala y función."
Algorithms for Jewelry Industry 4.0,Not mentioned in source.,"Parametric design methods/tools used include Mathematica and Grasshopper, and the use of Direct Acyclic Graphs (DAGs) as constrained schemata for parametric workflows and User Objects.","Additive manufacturing technologies are used, specifically 3D printing in wax-based resins.",Customization is achieved by enabling customers to modify parametric 3D virtual models via User Objects (DAG-based schemata) that generate many unique configuration combinations which customers can visualize and select.,"Key findings/contributions: the paper proposes a DAG-based parametric design method implemented with Mathematica and Grasshopper that enables customer-driven modification and visualization of models, produces a large number of unique design combinations, and demonstrates the workflow through two case studies converting mathematical patterns into physical jewelry via AM.",Application domain: jewelry manufacturing / jewelry design.,"Scalability/variation addressed by using DAG-based User Objects that focus on the digital process to generate a large number of unique combinations from initial configurations, enabling variation at scale."
Mass Customization 4.0 in AEC: Additive Manufacturing for Innovative Building Systems,applied research,Not mentioned in source.,Not mentioned in source.,Not mentioned in source.,Not mentioned in source.,Not mentioned in source.,Not mentioned in source.
PARAMETRIC MODULATIONS IN MASONRY 221 PARAMETRIC MODULATIONS IN MASONRY,framework,Not mentioned in source.,Not mentioned in source.,"Customization is achieved via an intelligent CAD model mapped to a reconfigurable mold, allowing casting of unique solid modules without unique molds by manipulating the system's topological structure. The approach aims to enable economically viable mass-customization rather than one-off pieces.","The paper finds that a flexible production system combining an intelligent CAD model with a reconfigurable mold can produce unique modules and accommodate multiple functions within a cohesive whole. It positions this as a path to sustainable, economically viable mass-customization beyond one-off production.",Architecture / masonry and built-form applications.,"Scalability is addressed by using a reconfigurable mold system coupled with parametric/topological modulation to produce many unique parts without individual molds, enabling cost-effective mass-customization."
Modelagem Paramétrica aplicada a projeto de produto de Tecnologia Assistiva,applied research,Parametric modeling using Grasshopper for Rhinoceros.,"Digital manufacturing / additive manufacturing (3D printing) as part of the digital manufacturing workflow, especially for prototyping and testing.",Customization achieved by capturing the user's body as a 3D model and parameterizing the design to produce custom-manufactured assistive products.,"Digital manufacturing (AM) offers more flexible production particularly in prototyping and testing, giving a competitive advantage for customized assistive product design.",Assistive technology / medical devices (product design).,"Addresses scalability by shifting from mass production to custom manufacturing enabled through parameterization, implying scalable variation via parametric rules."
Tableware Shape Grammar Towards mass customization of ceramic tableware,applied research,The paper uses shape grammars and parametric modelling as core parametric design methods.,Rapid prototyping (additive manufacturing / rapid prototyping techniques) is discussed as the digital fabrication technology used.,Customization/personalization is achieved by implementing a parametric shape grammar design system that generates variations of ceramic tableware for mass customization purposes.,Key contributions: demonstration of a mockup implementation applying shape grammars and parametric modelling to ceramic tableware; development of an initial parametric shape grammar for curved surfaces/solids; positioning the work as a first step toward an industry-ready mass customization system.,Product design (ceramic tableware),Scalability/variation is addressed by framing the parametric shape grammar within a mass customization paradigm to enable systematic generation of product variants and to move toward industry-scale systems.
Prototyping a Facade Component Mixed technologies applied to fabrication,applied research,The paper uses parametric design approaches combined with digital fabrication for casting; iterative parametric development cycles are applied.,Digital fabrication technologies discussed include computer numeric control (CNC) technologies and casting; the work mixes conventional methods with CNC-based digital fabrication.,"Customization is achieved through combining parametric design with digital fabrication to produce personalized facade components at different levels of mass customization, enabling participation from large industries to local craftspeople.","Key findings: the study highlights the need for academia-industry collaboration to develop innovative products and processes, and identifies different levels of mass customization that engage actors from major industries to local craftspeople.",Application domain: architectural facades / architecture.,"Scalability and variation are addressed by targeting mass production efficiency while enabling personalization, and proposing multiple levels of mass customization that scale from large manufacturers to local craftspeople."
Mass customization of sunglass frame utilizing metallic laser additive manufacturing,applied research,Not mentioned in source.,The paper discusses metallic additive manufacturing using powder bed fusion (PBF) as the primary AM technology.,Customization is addressed as mass customization of metallic sunglass frames; the paper develops a parametric cost analysis method for MC through the PBF process.,"Key findings: manufacturing cost sensitivity to geometric parameters (51% to part height, 30% to part volume, 14% to support-connected area); horizontal build orientation minimizes build time per frame for a given build area; post-processing cost per frame is less than 25% of total manufacturing cost.",Product design (consumer eyewear: metallic sunglass frames).,"Scalability is discussed in economic terms for mass customization: AM removes tooling, enabling customized production at scale, and the paper provides a parametric cost-analysis to evaluate manufacturing time and cost sensitivities relevant to scaling MC via PBF."
CONFLUENCE OF PARAMETRIC DESIGN AND DIGITAL FABRICATION RESTRUCTURING MANUFACTURING INDUSTRIES A unified design space from design to manufacturing,applied research,"Parametric definitions created with conventional CAD software and visual programming languages, and parametrically defined constraints within a design-hysteresis framework.",Additive manufacturing / 3D printing and digital fabrication technologies are discussed.,Customization is achieved by allowing consumer-defined shape parameters within parametric models; tested via designers creating parametric definitions for a pendant lamp that permit user shape input.,The study finds that coupling parametric design with digital fabrication offers opportunities for manufacturing but requires methods that manage interdisciplinary dependencies and evaluate performance within implicit design spaces; initial designer trials indicate feasibility and highlight challenges for implementation.,Architecture/architectural product design (experiment involved architectural designers creating a parametric pendant lamp).,Scalability and variation are discussed in terms of parametrically defined constraints that maintain conformity to real-world constraints and potential widespread industry adoption; the paper suggests need for approaches that manage dependencies to scale to manufacturing contexts.
Design for additive manufacturing – a review of available design methods and software,review,Not mentioned in source.,Not mentioned in source.,"The paper describes linking design methods and tools to each step of a compiled DfAM process to support design engineers in achieving design optimization and increased design automation; this linkage is used to enable customization/personalization through process steps and tools tailored to component, part and process design.","The review classifies DfAM research into component, part and process design and compiles a proposed DfAM process connecting existing methods and software; it further proposes a new DfAM process aimed at higher design automation and identifies research gaps needing development to realize this framework.",Design engineering / product design.,"Scalability and variation are addressed via a compiled DfAM process that links design support, methods and software to process steps to enable increased design automation and potentially scale design outputs; the paper discusses future processes and automation to further support scalability."
Design for additive manufacturing: Review and framework proposal,review,"Parametric and algorithmic methods discussed include topology optimization, lattice generation as an expertise-driven (parametric) technique, and generative design combining lattice and topology optimization. Commercial/academic tools cited include Altair Optistruct and Autodesk Within.","The paper discusses a range of AM technologies generally (different AM techniques), with specific references to metal AM processes and SLM (Selective Laser Melting) support strategies, polymer filament processes (FDM materials like ABS, PLA, nylon), and Electron Beam Melting (EBM) guidance.","Customization/personalization is enabled by AM's flexibility to produce complex, highly customized parts, supported by design-for-AM tools and worksheets that guide designers through part evaluation and adaptation (e.g., Booth et al.'s DfAM worksheet), and by using parametric/optimization tools early in the design process.","Key contributions: a consolidated review of DfAM rules, guidelines, and tools for both early and detailed design stages; discussion of critical knowledge gaps and the importance of DfAM education and software pipelines; and a proposed DfAM framework integrating presented tools.","Application domains include general engineering and product design with examples in transportation systems (lightweight components), broader engineering applications leveraging lattice structures (structural, impact, thermal), and eco-design/lifecycle contexts.",Scalability and variation are addressed via parametric/automated design methods: topology optimization and lattice generation support generation of many optimized variants and lightweight designs; generative design produces portfolios of candidate designs enabling scalable exploration of design space; adoption of commercial TO tools facilitates scaling into engineering practice.