Source Title,Source Year,Study Type,Main Topic Area,Key Gaps Identified,Key Limitations Discussed,Key Recommendations,Contradictions Or Debates
Advancements and Challenges in the Development of Robotic Lower Limb Prostheses: A Systematic Review,2024,Systematic review,"design methods, customization, user involvement",Not mentioned in source.,Not mentioned in source.,Not mentioned in source.,Not mentioned in source.
Active lower limb prosthetics: a systematic review of design issues and solutions,2016,Systematic review,"design methods, customization, user involvement","Identified gaps include the lack of clinical trials comparing powered prostheses to conventional/semi-active devices, heavy reliance on prototypes and small subject numbers necessitating expanded clinical evaluations with commercial devices and diverse gait tasks, unmet engineering challenge to match biological actuation performance while keeping weight and size acceptable, and practical barriers for alternative actuators (e.g., pneumatic PAMs) such as supplying pressure for self-contained systems.","Key limitations include fundamental design trade-offs between force/torque output, efficiency, size and weight in actuation units; control strategy limitations such as echo control's inability to support asymmetric or natural interaction; myoelectric control challenges including signal noise, latency and training/proprioception burdens; and the translational gap with many concepts remaining at prototype stage.","Recommendations include conducting larger clinical trials using commercial powered prostheses across varied locomotion tasks (incl. slopes, stairs, running); focus actuator development on electromechanical solutions and variable impedance actuators to balance power, efficiency and compliance; and evaluate emerging commercial devices in clinical research to bridge prototype-to-product gap.","Debates highlighted include the optimal knee kinematic design (single-axis vs polycentric) with differing recommendations, and trade-offs between actuation principles: electromechanical motors are common despite lower power density, while pneumatic actuators offer better force-to-weight and compliance but have practical supply challenges."
A review of user needs to drive the development of lower limb prostheses,2022,Systematic review,multiple,"The review identifies several research gaps: the relationship between specific user needs, objective performance measures, and overall satisfaction/quality of life remains unresolved; limited understanding and solutions for social integration, sexual participation, acceptance, appearance, battery life, and clothing/shoe restrictions; lack of commercially available artificial sensory feedback systems despite promising results; poor reporting of prosthesis types in studies, limiting generalizability of findings.","Key limitations discussed include: multifaceted, context-dependent and interacting nature of user needs that complicates translation into design; insufficiency of current assessment methods and need for novel, holistic, ecologically valid measures; mismatch between self-reported outcomes and objective measures; laboratory-based gait analyses lacking real-world validity.",Recommendations: prioritize user-centered identification of needs to drive prosthesis development; consider additional assessment and development factors recognizing heterogeneous responses to improvements; combine objective measures with subjective impressions and account for inter-subject variability in studies; explore alternative assessment tools like neural correlates and visual sampling to capture cognitive load and real-world function.,"The paper highlights contradictions between subjective improvements (e.g., increased balance confidence) and objective outcomes (no significant reduction in falls), and more broadly reports a recurring mismatch between self-reports and objective performance measures."
Low limb prostheses and complex human prosthetic interaction: A systematic literature review,2023,Systematic literature review,"Multiple (design methods, customization, accessibility indirectly via usability and energy, user involvement via HPI)","The review reports several specific research gaps: lack of a standardised, generalised design structure for new developments; shortcomings in energy management and power/weight trade-offs for battery life and actuator design; absence of generalised machine-learning models for intention recognition and locomotion prediction; need for integrated neural network/deep RL approaches combined with biomechanical models to improve reaction time and autonomous prediction; limited work on multi-degree-of-freedom (2–3 DoF) prostheses balancing performance with weight/size constraints; and immature environment-sensing and perception integration (cameras/IMUs) constrained by processing and weight limits.","The paper highlights concrete limitations: many prostheses operate as one-way systems increasing cognitive load on users and lacking bidirectional feedback; EEG/EMG methods suffer from invasiveness (iEMG) or signal noise and unclear methodological reporting (sEMG/EEG electrode placement and data collection); energy and actuator design limit battery life and weight, and control tuning alone cannot resolve fundamental actuator inefficiencies; sensing studies often omit data collection details reducing reproducibility.","Recommendations include adopting the paper's proposed generalised design structure as a guideline for future developments; prioritising targeted improvements to individual subsystems (HPI, sensing, electronics, control) sequentially; develop and evaluate energy-efficient, design-specific actuators to reduce weight and extend battery life; pursue integrated ML/deep-RL models combined with biomechanical models for autonomous locomotion prediction and multi-DoF control; and test systems on uneven terrains to improve real-world adaptability. ","The review notes several tensions and inconsistent findings: EEG and EMG each have advocates—EEG appears more prevalent in studies but is computationally costly while EMG is cheaper but noisier; combining both improves accuracy. Evidence on benefits from increased degrees of freedom is mixed—higher DoF does not always reduce metabolic cost. Locomotion prediction studies report generally high accuracy but have failure modes (e.g., stair descent detection) tied to manual parameter settings, indicating debate over reliability and generalisability of current predictors. "
Functionality and Comfort Design of Lower-Limb Prosthetics: A Review,2023,systematic literature review,multiple,"The review identifies several research gaps: need for stronger user-centred design evidence and involvement in design processes; affordability and access to advanced prosthetics, especially cost-effective solutions; unresolved challenges around neural interfaces and sensory feedback integration for natural control; and general gaps in the literature that warrant further study and recommendations.",The paper highlights key limitations in current prosthetic design: high cost and training requirements for advanced tech; concerns about long-term performance and durability of components; and persistent issues with socket comfort and skin-related problems.,Recommendations include prioritising affordability and accessibility in future designs; adopting and evaluating user-centred design methods to improve satisfaction; and focused R&D on neural interfaces and sensory feedback to enhance control and embodiment.,"The review notes a tension between rapid technological advances and practical barriers to adoption: while robotics, AI, and sensors promise improved function, adoption is constrained by cost, required training, and customization burdens. No specific contradictory empirical findings are reported; the debate is framed as opportunity versus accessibility constraints."
"A review of technology, materials and R&D challenges of upper limb prosthesis for improved user suitability.",2021,literature review,multiple,Not mentioned in source.,Not mentioned in source.,Not mentioned in source.,Not mentioned in source.
Current Trends & Challenges in Prosthetic Product Development: Literature Review,2019,literature review,"multiple (design methods, customization, accessibility, user involvement)",Not mentioned in source.,Not mentioned in source.,Not mentioned in source.,Not mentioned in source.
Design Optimization in Lower Limb Prostheses: A Review,2019,literature review,design methods,"Identified gaps include lack of predictive tools for user performance to guide design optimization, over-reliance on anthropomorphic design that ignores altered post-amputation anatomy, under-exploration of how prosthetic joint behavior affects whole-body gait and user experience, and insufficient integration between experimental parameterization and model-based simulations to improve real-world outcomes.","Limitations highlighted are that many designs fail to deliver their hypothesized biomechanical or clinical outcomes consistently, current design approaches are constrained by anthropomorphic assumptions that may not fit altered anatomy, and there is a lack of effective translation from experimental and simulation research into improved real-world prosthesis performance.","Recommendations include incorporating predictive tools for user performance into early design optimization, and advancing two research paths—experimental parameterization of designs and model-based simulations—to better predict and improve user outcomes.","The paper notes inconsistency between hypothesized design benefits and observed biomechanical outcomes, indicating conflicting or inconclusive evidence about whether current design approaches achieve their intended effects."
Active upper limb prostheses: a review on current state and upcoming breakthroughs,2022,Literature review / discussion paper,"Multiple (design methods, customization, accessibility, user involvement)","The review identifies major gaps: high prosthesis abandonment rates linked to insufficiently patient-tailored design; lack of personalization and user-centered development and involvement in design processes; gaps in robust control and sensing—EMG systems' poor robustness and sensitivity to artifacts; insufficient clinical translation of sensory feedback approaches, especially non-invasive feedback; and hurdles for invasive methods (surgical risks, implant compatibility) limiting wider adoption.","Key limitations: poor adjustability and limited kinematics and battery/operation time impacting function; low social/personal acceptance driven by poor anthropomorphism, weight, and noise; fundamental instability and noise sensitivity of sEMG/HD-sEMG limiting real-world use; lack of integrated haptic feedback in commercial devices; and stagnation of control paradigms with dated strategies still prevailing.","Recommendations: pursue multimodal sensor fusion and multiple input sources plus integrated sensory feedback to enable closed-loop control; prioritize user-centered design, training, and co-adaptive human-machine interfaces to improve acceptance and reduce abandonment; develop modular architectures allowing progressive implant integration and miniaturization for socket embedding.",Debates: adequacy of non-invasive signals for robust control—some studies show promise but it's still contested; tension between anthropomorphic design vs. pure functional priorities among users (preferences vary); pace and feasibility of brain-control/neuroprosthetic approaches vs near-term incremental improvements—long-term vision vs short-term deployable solutions.
Perceptions of cosmesis and function in adults with upper limb prostheses: a systematic literature review,2011,Systematic review,Multiple (design methods: cosmesis vs function; user involvement; social implications),Not mentioned in source.,Not mentioned in source.,Not mentioned in source.,Not mentioned in source.
Literature Review on Needs of Upper Limb Prosthesis Users,2016,Literature review,multiple,"The review identifies heterogeneity and methodological gaps across studies, notably inconsistent methods and tools making systematic analysis difficult; lack of common evaluation criteria for user satisfaction which prevents objective comparison across studies; insufficient analysis focused on bilateral amputees and their distinct needs; a translational gap where many control and sensory-feedback solutions remain at research stage without clinical application; and specific limitations of promising approaches (e.g., pattern recognition performs worse in real-world settings and demands long training) that restrict clinical uptake.","The paper highlights key limitations: poor, non-intuitive control interfaces that fail to map user intent to prosthetic movement; control methods often need long training and are sensitive to electrode/socket issues leading to signal degradation; invasive neural interfaces face high invasiveness and long-term signal degradation from fibrotic reactions; widespread absence of sensory (tactile/force) feedback and actuator noise reduce functionality and acceptance; and the literature is limited by small, localized studies with heterogeneous methods and selection criteria limiting generalizability.","Recommendations include: align design efforts to user priorities to improve satisfaction and reduce abandonment; adopt standardized evaluation metrics (e.g., common Likert-based scales and objective functional tests) to enable cross-study comparison; conduct dedicated, in-depth studies of bilateral amputees to capture their distinct needs; integrate tactile sensorization (contact, sliding, temperature, force) into prostheses to enable force control and sensory feedback; and develop control systems that independently manage finger position and force to reduce visual attention and improve ADL performance.","The review notes some tensions rather than direct contradictions: it reports that myoelectric prostheses offer higher dexterity and are more intuitive, yet users of these devices still strongly desire sensory feedback because functionality remains incomplete without afferent signals. Additionally, geographic/cultural differences in prosthesis preference (body-powered in the USA vs cosmetic/myoelectric in Europe) suggest variability driven by cost, occupation and healthcare systems rather than clear superiority of one technology."
User experience of transtibial prosthetic liners: A systematic review,2017,Systematic review,user involvement / user experience (multiple: customization and design methods secondary),"Key gaps include insufficient comparative research differentiating user experience across liner types, absence of systematic qualitative studies exploring user perspectives, poor reporting/detail of interventions hindering synthesis, and limited separation of device effects from socket fit or design confounders.","Limitations highlighted are pervasive methodological flaws: sampling bias and non-representative samples, use of non-validated outcome measures and inconsistent adaptation of PEQ, poor reporting of interventions and outcomes, and inadequate statistical analyses including uncontrolled multiple comparisons. These reduce internal and external validity and preclude meta-analysis.","Recommendations: recruit representative samples reflecting clinical populations; use validated, reliable outcome measures and clearly describe measures and interventions to improve comparability; employ appropriate multivariate statistical methods and report full statistics with effect sizes to enable meta-analysis; and conduct foundational qualitative and observational studies to identify sensitive outcome domains.",The paper identifies debates/contradictions: contemporary higher-quality studies suggest elastomer liners may not offer better user experience contrary to earlier positive reports; inconsistencies between objective PEQ scores and user preferences (e.g. Pelite preference despite similar PEQ scores) raise questions about measure sensitivity and interpretation.
Overcoming Challenges and Innovations in Orthopedic Prosthesis Design: An Interdisciplinary Perspective,2023,literature review / discussion paper,multiple,Not mentioned in source.,Not mentioned in source.,Not mentioned in source.,Not mentioned in source.
User-driven design and monitoring systems of limb prostheses: overview on the technology and on the gender-related aspects,2021,literature review,multiple,Not mentioned in source.,Not mentioned in source.,Not mentioned in source.,Not mentioned in source.
Prosthetic devices: Challenges and implications of robotic implants and biological interfaces,2007,literature review,multiple,"Identifies persistent failure to meet 'ideal' prosthetic requirements (control, comfort, cosmetics); gaps in biomimetic artificial hand design, EMG signal control for prosthetic implants, implant material tissue reactions, and inflammatory responses interfering with sensor signal transmission — the review frames these as key interdisciplinary research gaps; highlights lack of sufficient understanding of biological interfaces and pathophysiological changes affecting biocompatibility and design outcomes.","Highlights limitations including poor control and usability, discomfort and unsatisfactory aesthetics relative to 'ideal' prosthetics; biological limitations where inflammatory tissue responses degrade implanted sensor signal quality; limited understanding of pathophysiological interactions at biological interfaces that constrains biocompatible material and implant design.","Recommend advancing knowledge of biological interfaces and pathophysiology to inform biocompatible designs; advocate interdisciplinary, holistic collaboration among biomedical, tissue engineers and biomaterials scientists to achieve control, comfort, and cosmetic 'ideals' in prosthetic design.",Not mentioned in source.
A Review of the Performance of Extrinsically Powered Prosthetic Hands,2021,Review (systematic characterization of actuation strategies),"design methods (actuation/transmission), customization, user involvement: multiple",Not mentioned in source.,Not mentioned in source.,Not mentioned in source.,Not mentioned in source.
A Narrative Review of Prosthesis Design Decision Making After Lower-Limb Amputation for Developing Shared Decision-Making Resources.,2024,Narrative review,design methods; user involvement,"Identifies need to study timing of design decisions, how prosthesis design changes over time, and the impact of users' physical and life changes on design decisions.","Highlights complexity and heterogeneity: decision factors are extensive and context-specific, including individual user characteristics, device options, resources, and environment. Also notes lack of detailed descriptions about timing and evolution of design decisions (see gaps).","Recommends using the review as foundational material to support prosthesis user participation in shared decision making, and calls for future research on timing of decisions, longitudinal design changes, and effects of user life/physical changes.",Not mentioned in source.
Improving access to prosthetic limbs in Germany: An explorative review,2023,Explorative qualitative review (interviews),accessibility,"Identifies gaps in equitable access and systemic barriers to obtaining suitable prostheses, including long waiting times and the need for users to negotiate care. Highlights gaps in organizational and regulatory frameworks that limit distribution of innovations and access. Notes lack of integrated approaches combining user-centered design, health technology assessment, monitoring of care pathways, and public/ethical discussion on rationing.","Highlights limitations in the current prosthetic care and reimbursement system, including inconsistent stakeholder perspectives and conflicts about reimbursement processes, and practical barriers for users such as waiting times and having to advocate for specific prostheses.","Recommends organizational and regulatory reforms to improve equitable access and distribution of innovations. Advocates for user-centered prosthesis design, formal health technology assessments, monitoring of care pathways, and broader societal debate on rationing in healthcare.","Identifies conflicting stakeholder perspectives on prosthetic reimbursement and access, indicating debates among insurers, providers, and users about needs and processes."
Toward the Development of User-Centered Neurointegrated Lower Limb Prostheses,2023,Literature review / discussion paper,"Multiple (design methods, customization, user involvement, neurointegration/control)","The paper identifies persistent deficiencies in current lower-limb prostheses relative to healthy limb function, gaps across prosthetic components in meeting users' needs, and specific patient-related issues requiring attention to achieve neurally-integrated, high-function prostheses.","The paper highlights that upgrades in prosthetic components have not closed the performance gap with healthy limbs, indicating limitations in current design and control approaches that fail to fully restore function.","The authors recommend targeted research on design and control strategies to address identified deficiencies, and following a patient-centered roadmap to address patient-related issues for developing neurally-integrated, highly functional prostheses.",Not mentioned in source.
"Effects of lower limb prosthesis on activity, participation, and quality of life: a systematic review",2012,Systematic review,multiple,"The paper identifies limited evidence on real-world effectiveness of prostheses and a lack of studies examining how prosthesis systems affect daily life in natural contexts. It highlights inconsistent results and variable study quality, and explicitly calls for high-quality effectiveness studies focused on users' daily living and QoL. The review also notes that key factors influencing effectiveness remain unexplored and require further research.","The review highlights methodological limitations across included studies: small sample sizes, short follow-up durations, heterogeneity of interventions and outcome measures, and variable internal/external validity scores. It also notes reliance on laboratory/efficacy studies in the field and the challenge of conducting high-level evidence studies that still capture daily-life effectiveness.","The authors recommend conducting high-quality effectiveness studies in real-world contexts focusing on activity, participation, and QoL to inform clinical guidelines. They call for standardised, clinically relevant outcome measures and larger, longer follow-up studies to determine key factors affecting prosthetic effectiveness.","The paper documents contradictory findings across studies, especially regarding the benefits of microprocessor-controlled knees (MP-knee) versus non-microprocessor knees (NMP-knee): some studies report QoL and use improvements and reduced falls, others report no difference in activity or satisfaction. This inconsistency indicates active debate and uncertainty about which prosthetic interventions reliably improve daily-life outcomes."
A systematic literature review of the effect of different prosthetic components on human functioning with a lower-limb prosthesis.,2004,systematic review,multiple,"The review identifies substantial gaps in formal clinical knowledge about how specific prosthetic components and their mechanical characteristics affect lower-limb user functioning. It notes lack of clear clinical consensus on precise prescription criteria for component selection, and highlights limited high-quality evidence (only 4 A-level studies among 40 reviewed), indicating insufficient robust research to guide prescriptions.","The paper highlights methodological limitations across the evidence base: variable study quality assessed against predetermined criteria, with few high-quality (A-level) studies and many lower-quality studies. As a result, existing evidence is insufficiently robust to support guideline development, forcing reliance on expert clinical consensus.","Recommendations include basing prosthetic prescriptions on matching prosthetic functional benefits to user functional needs, and integrating research evidence with clinical expert opinion and consumer preferences to develop guideline procedures for prosthetic prescription.","The paper indicates a lack of consensus on prescription criteria, implying debate or inconsistent findings across the literature regarding which components best serve specific user needs."
"Advancements, Trends and Future Prospects of Lower Limb Prosthesis",2021,Literature review (narrative review),"multiple (design methods, control strategies, customization/3D printing, psycho-social impact, design trends)",Not mentioned in source.,Not mentioned in source.,Not mentioned in source.,Not mentioned in source.
Technology for monitoring everyday prosthesis use: a systematic review,2020,Systematic review,"design methods, customization, accessibility, user involvement (multiple)","Limited objective data exists on wear time, activity types, and needed individual design adjustments. Few studies go beyond simple step-counts to classify activities or capture context. Longitudinal monitoring is absent and monitoring durations are short (rarely >1 month). Evidence is lacking on best design and distribution practices to ensure accessibility and meeting user needs. User acceptability of monitoring devices is unreported, representing an unexplored area.","Technical and practical limitations include sensor cost, limited battery life and limited availability preventing routine clinical use. Research limitations include small sample sizes and short monitoring durations, reducing power and generalisability. Outcome measures are insensitive (step-counts only) and algorithms/tools are not user-friendly for clinicians. Additional systemic barriers include lack of training, capacity, cultural concerns, and infrastructure (connectivity, electricity) especially in low-resource settings.",Combine activity monitoring with clinical scores and user feedback for richer evaluation of prosthesis function <citations>0</citations]. Develop and validate algorithms to classify activity types from prosthesis-mounted sensors (including below-knee locations) <citations>1</citations]. Create shared datasets and metadata standards to enable cross-study comparisons and early-warning indicators for socket/tissue issues <citations>2</citations]. Establish a synchronized framework for out-of-clinic monitoring that is appropriate for low-resource contexts <citations>3</citations]. Use sensors that provide raw data access to support bespoke analyses and reproducibility <citations>4</citations].,"There are apparent conflicting findings: many component-comparison studies report no significant differences, yet this may reflect methodological limitations (small N, insensitive measures) rather than true equivalence. Results on prosthetic feet and some knees show mixed outcomes across studies. Additionally, clinic-based functional assessments (e.g., K-levels) do not always align with real-world activity measures, highlighting debate about appropriate outcome measures."
Lower-Limb Prosthetic Technologies in the Developing World: A Review of Literature from 1994–2010,2010,Literature review (comprehensive review of published and secondary sources),"Multiple (design methods, customization, accessibility, user involvement)","Identifies gaps in R&D and dissemination: an “urgent need for research, development and evaluation activities in relation to appropriate orthopaedic technology”, and that ""more research and development is required"" to address durability, knee function, socket fit and alignment. Notes limited publication on key issues—e.g., minimal recent work on improving durability of cosmetic foot shells ""little new information has been published addressing this aspect"", absence of studies on socket suspension for developing countries, and under-reporting of in-country R&D due to dissemination barriers.","Highlights several limitations: widespread ""inadequate durability of prosthetic feet"", persistent issues with ""poor prosthetic socket fit"" and ""poor prosthetic alignment"". Notes technology-specific constraints: CAD/CAM systems face ""high investment costs"" and maintenance burdens limiting suitability; socket fit depends heavily on clinician skill ""requirement for well trained personnel""; and that ""more biomechanically sophisticated devices ... are more likely to break down,"" creating a trade-off between function and durability.","Recommends actionable priorities: prioritize development of ""lightweight foot components with improved durability of the entire prosthetic foot structure including the cosmetic shell""; conduct ""independent field trials"" to assess complex technologies in situ; promote ""collaboration between teams in developed and developing countries"" to improve research quality and dissemination; and ensure projects report across the development cycle (technical development, clinical assessment, field trials).","Identifies tensions and debates: trade-off between biomechanical sophistication and durability (advancing function ""but not at the expense of durability""); limited and mixed evidence on whether high-end solutions (e.g., CAD/CAM) outperform conventional methods ""evidence...is generally limited""; and a broader debate about conflicting design requirements (function, cost, durability, cultural appropriateness) that complicate consensus on optimal solutions."
Study of the Movements of Active Upper Limb Prostheses,2025,literature review,multiple,Not mentioned in source.,Not mentioned in source.,Not mentioned in source.,Not mentioned in source.
Adjustable prosthetic sockets: a systematic review of industrial and research design characteristics and their justifications,2023,Systematic review,"design methods, customization, accessibility, and user involvement (multiple)","The review identifies several explicit research gaps: the relationship between socket design and comfort/function is rarely investigated; a disconnect between industry and academic focus, with different design emphases and limited published evaluation of commercial products; lack of justification and standardized reporting for adjustment locations and ranges; absence of research defining objective metrics for a 'well-fitting' socket; many commercial designs lack supporting clinical studies (68.75% unsupported); and limited research on suitability and application in low-resource settings.","The paper highlights key limitations in the evidence base: small study sizes and predominance of case or cohort studies with few randomized or long-term trials, and only 17.6% evaluated commercial devices; safety features are often absent or unreported, risking tissue damage or poor coupling; underreporting of adverse events (only five studies reported them) and short-term follow-up limit safety and durability assessment; and the review itself is limited by not physically inspecting commercial sockets, requiring assumptions from patents and descriptions.","Recommendations include: prioritise research on adjustable sockets in low-resource settings; improve collaboration and knowledge exchange between academia and industry to evaluate commercial devices and align research to practice; conduct rigorous studies to define objective metrics for a well-fitting socket and to investigate relationships between design, mechanical coupling, comfort, and tissue health; assess comfort systematically across adjustment levels and locations; and apply scientific evaluation to commercial designs to identify which patient subgroups benefit most.","The paper identifies debates and contradictions: industry and research pursue different design approaches with limited cross-evaluation, leading to uncertainty about which designs are most effective; reported comfort improvements lack mechanistic explanations and consistent measurement, producing conflicting interpretations of benefit; and some study demonstrations (e.g., motor-driven panel-induced fluid recovery) show promising tissue effects but rely on actuation methods not feasible in typical clinical devices, raising questions about real-world applicability."
Design trends in actuated lower-limb prosthetic systems: a narrative review,2023,narrative review (literature review / expert opinion),"multiple (design methods, customization, surgical interfaces, user experience)",Not mentioned in source.,Not mentioned in source.,Not mentioned in source.,Not mentioned in source.
A systematic review on design technology and application of polycentric prosthetic knee in amputee rehabilitation,2020,systematic review,"design methods, customization, user involvement","The paper identifies a lack of standardized comparative methods for different polycentric knee geometries, a scarcity of high-quality clinical research evaluating clinical outcomes and effectiveness, and gaps in clinical knowledge about how mechanical characteristics of polycentric knees affect user function.","Limitations highlighted include reliance on simulation techniques that require experimental validation, a shortage of clinical trials assessing functional and long-term outcomes, and lack of standardized measures for evaluating prosthetic knee performance, durability, and cost-effectiveness.","Recommendations include developing and implementing standardized evaluation measures for prosthetic knees (function, durability, cost-effectiveness), and employing gait analysis alongside experimental validation to assess knee component performance.","The paper notes limited comparative studies across different geometries, implying inconsistent or insufficient evidence to resolve debates about which designs perform better."
Strength deficits in lower limb prosthesis users: A scoping review,2020,Scoping review,"design methods, customization, accessibility, user involvement, or multiple","The review identifies gaps in measurement and causal understanding: lack of alternative strength metrics and clinical tests, insufficient exploration of causal links between strength deficits and functional impairments, and a need for broader synthesis of emerging literature on muscle weakness in lower limb prosthesis users.","Limitations include a small number of eligible studies relative to the search yield (12 of 377), suggesting limited high-quality or directly relevant evidence, and potential generalizability issues though the review confirms observed strength deficits.","Recommendations are to conduct research on alternative strength metrics and clinical tests, investigate causal relationships between muscle weakness and functional outcomes, and increase clinical focus and scientific study on physical conditioning for lower limb prosthesis users.",Not mentioned in source.
A systematic review on available technologies and selection for prosthetic arm restoration,2022,systematic review,"design methods, customization, usability (multiple)",Not mentioned in source.,Not mentioned in source.,Not mentioned in source.,Not mentioned in source.
Psychosocial and physical adjustments and prosthesis satisfaction in amputees: a systematic review of observational studies,2020,Systematic review of observational studies,"multiple (user involvement, customization, accessibility, design methods)",Not mentioned in source.,Not mentioned in source.,Not mentioned in source.,Not mentioned in source.
A review of current upper-limb prostheses for resource constrained settings,2015,Literature review,Customization; Design methods; Accessibility (resource-constrained settings),Not mentioned in source.,Not mentioned in source.,Not mentioned in source.,Not mentioned in source.
Issues affecting the level of prosthetics research evidence: Secondary analysis of a systematic review,2016,Secondary analysis of a systematic review,design methods,"The paper identifies gaps in methodological rigor affecting evidence quality: inconsistent comparison conditions and poor control of accommodation time, insufficient handling of fatigue and learning effects, lack of blinding, small sample sizes, weak measurement reliability reporting, subject attrition, and poorly described selection criteria. It also notes gaps in external validity due to limited sample descriptions, unclear representativeness, and inadequate intervention descriptions.","The paper highlights limitations in current prosthetics research: threats to internal validity (variable comparison conditions, inadequate accommodation time justification, fatigue/learning effects, lack of blinding, small N, poor measurement reliability, attrition, weak selection criteria reporting); and threats to external validity (insufficient participant/sample description, unclear representativeness, and poor intervention descriptions).","Recommend addressing methodological limitations, educating evidence consumers, and improving research reporting to advance evidence quality and usability in prosthetics research.",Not mentioned in source.
Guidelines and Recommendations to Investigate the Efficacy of a Lower-Limb Prosthetic Device: A Systematic Review,2019,Systematic review,"design methods, evaluation protocols, and outcome measures (multiple)","The review identifies the lack of a standardized experimental methodology for evaluating lower-limb prosthetic devices, making comparison across studies difficult. It highlights inconsistent outcome selection and reporting — 43 different outcome measures were found across studies spanning biomechanical, physiological, physical performance and psychological domains. It also notes limited use of real-world/daily activities in evaluations and recommends incorporating daily activities first in case reports and subsequently in randomized controlled trials to address this gap.","The paper highlights limitations in current study designs and protocols, notably an over-reliance on laboratory walking tests (78% of tests), with fewer studies assessing stair climbing, other functional tasks, or broader daily activities. It implies limited ecological validity of many studies due to narrow task selection and heterogeneous protocols, complicating aggregation and comparison of results.","Recommend adopting standardized evaluation frameworks that incorporate multiple outcome domains — biomechanical, physiological, physical performance and psychological — when assessing LLPDs. They advise including daily activities in initial case reports and progressing to randomized controlled trials to improve external validity and comparability.",Not mentioned in source.
"Design, Kinematics and Gait Analysis, of Prosthetic Knee Joints: A Systematic Review",2023,Systematic review,"design methods, kinematics and gait (multiple)","The review identifies several research gaps: a need for powered/active prosthetic knee designs that meet amputees' requirements; insufficient work on uphill/ramp locomotion and inclined-surface kinematics; lack of intent-recognition (volitional) control for stairs and other modes; underdeveloped active EMG-based transfemoral prostheses for robust real-time control; and a shortage of real-time testing on amputees (many studies use models, healthy subjects, or virtual environments).","The paper highlights limitations including lack of comfort and reliability in commercial prostheses; passive hydraulic/pneumatic designs with fixed impedance that cannot adapt to varied locomotion; many active designs are complex and remain in labs without real-time amputee testing; material constraints (e.g., CFRP poor conductivity for active systems).",Recommendations include: develop EMG-based electromechanical transfemoral prostheses for intent recognition and volitional control; implement real-time testing on amputees (not only simulations or healthy subjects); consider energy/torque/impedance control designs and regeneration methods to power active prostheses; and provide adequate user training prior to deployment.,"The paper notes mixed findings and trade-offs: while microprocessor-controlled knees generally outperform non-microprocessor ones, hybrid designs may sacrifice stability; studies vary in which biomechanical parameters are met, indicating inconsistent evidence across prototypes. It emphasizes consensus that closed-loop active control is necessary for stable volitional ambulation."
Towards active lower limb prosthetic systems: design issues and solutions,2016,Literature review / discussion paper,"design methods, control, and human factors (multiple)","Identifies gaps in prosthesis technology simulation and modelling needs, challenges in mechatronic actuator and kinematic design and lack of suitable control algorithms, insufficient integration of biomechanical analysis into design requirements, and a lack of incorporation of human factors and psychological assessment methods into design processes.","Highlights limitations in current passive designs prompting move to powered robotic systems, challenges in actuation where compliant actuators are promising but not fully solved, and psychological limitations such as user acceptance and embodiment/integration into body schema.","Recommend development of bio-inspired controllers for varied gait conditions, greater use of biomechanical analysis and simulation to inform requirements and assess utility, and incorporation of psychological assessment and human factors into design and evaluation processes.","Notes evolution from passive to active systems and a variety of active designs in literature, implying diversity of approaches but does not present explicit contradictions; indicates ongoing debate on best actuation/control strategies though specific conflicting findings are not detailed."
Focusing Research Efforts on the Unique Needs of Women Prosthesis Users,2021,narrative review / literature review,customization; user involvement; accessibility,"Identifies gaps in research on female-specific prosthetic needs, notably a lack of solutions enabling varied footwear (including high heels), insufficient characterization of footwear preferences and how prosthesis-footwear interactions affect mobility and participation outcomes, and an overall underrepresentation of women in prosthetics research limiting evidence to guide rehabilitation.","Highlights limitations in current prosthetic design and practice: poor fit and aesthetic satisfaction for women, limited accommodation for diverse footwear, and insufficient evidence-based prescription guidelines despite emerging attention in guidelines.","Calls for targeted research initiatives to (a) characterize footwear preferences and the interaction of prosthesis design with footwear and mobility/participation outcomes, (b) develop prosthetic solutions that accommodate varied footwear options, and (c) generate evidence-based, patient-centered prescription guidelines responsive to women’s needs.",Not mentioned in source.
Organizing and Prioritizing User Needs for Upper Limb Prostheses,2025,systematic review (PRISMA),user involvement; customization; design methods (multiple),Not mentioned in source.,Not mentioned in source.,Not mentioned in source.,Not mentioned in source.
Upper Limb Prostheses by the Level of Amputation: A Systematic Review,2024,Systematic review,"Multiple (design methods, customization, accessibility, user involvement)","Identified gaps include a commercialization/maturation gap (absence of TRL-8 devices), limited use and research on EEG-based or hybrid control modalities beyond surface EMG, scarcity of research targeting weight reduction of actuator-containing units (palm/wrist/forearm), limited work on highly-personalized (transmetacarpal/transcarpal) prostheses and scalable customization methods, insufficient regulatory/certification evidence for newer devices, and accessibility/affordability gaps affecting users in low-income countries where most amputees live.","Limitations highlighted include durability issues with soft-material designs (wear after ~6 months), reduced functional mobility in uncontrolled environments due to design choices and lacking wrist/elbow articulation in many devices, degraded or insufficient physiological control signals at higher amputation levels limiting control options, a systemic translational gap preventing prototypes reaching late-stage validation and market (TRL-8 absence), and under-representation of pediatric prosthesis research.","Recommendations include prioritizing weight reduction of actuator modules and overall prostheses, stronger user-designer collaboration and co-design to improve naturalness, ownership, and usability, development of richer sensory feedback (haptics beyond pressure: temperature, texture, slip), and targeted translational efforts to move prototypes through late-stage validation and certification toward commercialization.","The paper notes debates around optimal control modalities: while surface EMG predominates, alternative methods like FMG claim advantages (cheaper, more accurate, more stable). There's also tension between adding actuators and gestures (improving functionality) versus the resulting weight and balance trade-offs, and differing emphases on customization versus mass-market commercial designs reflected across patents, scientific articles, and commercial products."
Osseointegration: A new approach to improve functional performance of prostheses – a systematic review of the literature,2024,systematic review,design methods (prosthetic integration) and accessibility/clinical implementation,"The paper identifies a need for larger-scale studies to evaluate osseointegration across different amputation levels, and highlights gaps related to cost, infection risk, and required surgical expertise that remain under-investigated.","Limits discussed include clinical complications (stump infections) and practical barriers (high costs, requirement for specialist surgical expertise), and generally modest quality of existing studies as indicated by reported quality scores (range 15–20).",The authors recommend conducting further large-scale studies to better define advantages and limitations of osseointegration across amputation levels.,Not mentioned in source.
A scoping review of digital fabrication techniques applied to prosthetics and orthotics: Part 1 of 2—Prosthetics,2024,Scoping review,design methods; customization; accessibility; multiple,"Identifies gaps including a lack of long-term, larger-scale studies; insufficient research on training requirements and rectification processes for digital fabrication technologies; and high variability in production workflows and materials that prevents generalizable conclusions.","Highlights limitations: paucity of long-term, large-scale evidence; lack of studies on training and rectification processes required in practice; and heterogeneity of workflows and materials that undermines comparability of studies.","Recommends actions to address gaps: foster increased collaboration between academia, industry, and clinical teams across the pathway to market; and generate better evidence to support decision-making for clinicians, developers, and policymakers.",Not mentioned in source.
A Systematic Review of Natural Fiber-Reinforced Polymer Composites in Prosthetic Socket Fabrication,2024,Systematic review,materials and customization (multiple),"The review identifies gaps in clinical comparative studies between NFRP and conventional materials, limited large-scale user satisfaction and long-term outcome studies, translational research bridging lab to clinic, and need for optimization of material formulations (fiber types, orientations, treatments).","The paper highlights limitations including material variability affecting performance and quality control challenges, accessibility and potential higher costs limiting adoption, and requirement for specialized training for clinicians and technicians.","Recommendations include advancing material formulations and hybrid composites, integrating NFRP with smart materials/sensors and advanced manufacturing (e.g., 3D bioprinting), conducting translational clinical trials and long-term outcome studies to bridge lab-clinic gaps, and fostering multidisciplinary collaboration for development and adoption.","The paper notes a debate/trade-off between superior mechanical performance of conventional materials and the biocompatibility/sustainability benefits of NFRP, but does not present definitive resolving evidence, indicating unresolved comparative conclusions."
User-Centered Prosthetic Development: Comprehension of Amputees’ Needs,2012,Questionnaire-based user-centered study / discussion paper (literature review elements),user involvement; design methods; customization (multiple),"The paper identifies gaps in empirical data on how satisfaction is defined across amputation types (no data exist), a lack of data specifically for lower limb amputees regarding UCD effectiveness, and the need for further studies to validate novel methods (Prosthesis-User-in-the-Loop simulator) to address incongruence/resignation.","The paper highlights limitations including persistent user dissatisfaction despite technological advances, key problem areas such as socket fit, mechanical function, non-mechanical qualities and inadequate adaptation support, a mismatch between measured improvements (e.g., microprocessor knees) and real-world activity, the complex multi-causal nature of satisfaction and apparent acceptance/resignation by users, and instability during gait transitions linked to reduced perceived certainty/stability.","Recommendations include adopting holistic user-centered design throughout development with continuous user experience assessment, implementing and testing Prosthesis-User-in-the-Loop simulation approaches to isolate prosthesis functionality and obtain objective user assessment, and conducting further empirical studies to validate these methods and determine their effect on incongruence and resignation.","The paper reports debated/incongruent findings: self-reported satisfaction often conflicts with objective problems (e.g., swelling) suggesting resignation or psychological adaptation, literature shows discrepancies between short-term reported benefit of advanced components and longer-term real-world activity outcomes."
User-Centered Design of Neuroprosthetics: Advancements and Limitations.,2025,Not mentioned in source.,multiple,Not mentioned in source.,Not mentioned in source.,Not mentioned in source.,Not mentioned in source.
A Review: Aesthetic element in prosthetic’s cosmetic design for lower limb physical amputees,2025,Systematic review,design methods; customization; user involvement (multiple),"Identifies lack of design/art-oriented research and insufficient focus on aesthetics and psychosocial aspects; need for more multidisciplinary work linking engineering, design, psychology, and ethics and attention to specialized applications and diverse populations; gaps in literature coverage due to limited databases and date/language restrictions, recommending broader searches and inclusion of older and non-English studies.","Notes methodological limitations in existing literature: historical emphasis on clinical/engineering over aesthetics and user satisfaction; limitations of this review: single-source search (Google Scholar), restricted timeframe 2018–2024, and language/database bias excluding non-English/regional work.","Recommends adopting design-centered, user-centered approaches integrating aesthetics, comfort, and identity expression; promote multidisciplinary collaboration with artists/fashion experts; improve review practices by expanding databases, languages, and publication years for broader evidence synthesis.","Highlights a debate/transition between traditional function-focused (clinical/engineering) approaches and emerging user-focused, aesthetic-inclusive interdisciplinary approaches, but no direct contradictory empirical findings are reported."
Survey of transfemoral amputee experience and priorities for the user-centered design of powered robotic transfemoral prostheses,2021,Survey study (cross-sectional user survey) - not a systematic review or meta-analysis,user involvement; design methods; customization (multiple),"The paper identifies gaps including an insufficient understanding of how specific design features map to psychosocial outcomes and functional performance, lack of a comprehensive synthesis specific to transfemoral prostheses, limited exploration of interactions among hardware, sensing, and control versus user preferences and outcomes, and absence of controlled studies isolating prosthesis-type effects.","Limitations include lack of control for health-related confounders preventing causal inference about prosthesis type effects, recruitment bias toward traumatic and more engaged patients limiting generalizability, and single-region/center effects due to high-standard care at the primary site.","Recommendations include developing standardized benchmark metrics and validated surveys for personalization and design input, studying interactions among hardware, sensing, control, and user preferences, aligning user-priority elicitation with technical tradeoffs (e.g., weight vs. power vs. cost), and designing low-cost devices prioritizing stability, reliability, and comfort.","The paper notes nuanced or potentially conflicting interpretations: MPK users report fewer falls but difference not statistically significant, and attribute causes differently, suggesting debate on whether MPKs reduce fall risk or increase exposure to challenging environments; also there's uncertainty whether MPKs benefit higher-functioning users more or yield greater marginal benefits to lowerbaseline users."
"Haptic Feedback Systems for Lower-Limb Prosthetic Applications: A Review of System Design, User Experience, and Clinical Insights",2025,narrative review,"design methods, user involvement, customization, and clinical effectiveness (multiple)","The paper identifies several research gaps: no comprehensive comparison of feedback modalities across limb locations; lack of standardization in actuator configurations, feedback intensity, and sensory modalities leading to inconsistent outcomes; scarcity of long-term clinical efficacy and usability data; absence of consensus on intensity measurements and calibration methods; and limited comparative studies examining adaptation differences between new and experienced prosthetic users.","Key limitations highlighted include small sample sizes and lab-based studies limiting generalizability; surgical risk, high cost, and signal complexity for invasive neuroprosthetics; bulk and power demands of mechanotactile actuators limiting practical usability; sensory adaptation reducing long-term vibrotactile effectiveness; and risks of cognitive overload with complex or multimodal feedback.","Recommendations include conducting longitudinal, real-world studies over weeks/months to assess durability, adoption, and effectiveness; developing standardized, adaptable, and intuitive haptic systems; and pursuing interdisciplinary, user-centered design and technological advances in feedback modalities.","The paper notes debates around presentation timing for multichannel vibrotactile patterns: simultaneous presentation can be faster but risks confusion, whereas sequential presentation yields higher accuracy in pattern recognition. Additionally, modality trade-offs (vibrotactile vs electrotactile vs mechanotactile) present conflicting advantages in resolution, comfort, and practicality discussed across studies."
"A scoping review on upper extremity prostheses: Satisfaction, barriers, and their implications in resource-limited countries",2024,Scoping review,accessibility; user involvement (satisfaction); customization,"Identified gaps: Limited understanding and data on prosthetic abandonment rates in resource-limited countries; insufficient research addressing how prosthesis characteristics (type, comfort, weight, functionality, price, availability) and individual patient factors influence long-term adherence and satisfaction in these settings.","Limitations: Scarcity of high-quality studies—only seven cross-sectional studies met inclusion criteria despite 425 identified; existing studies are predominantly cross-sectional, limiting causal inference and longitudinal understanding of prosthetic use and abandonment; contextual limitations in resource-limited countries such as availability and price of devices affecting generalizability.","Recommendations: Promote tailored (customized) prosthetic design and improved funding mechanisms to enhance adherence and satisfaction in resource-limited settings; implied need for more rigorous, longitudinal, and context-specific research to better understand abandonment and barriers (Not explicitly quoted in source).",Not mentioned in source.
Towards active lower limb prosthetic systems: design issues and solutions,2016,Literature review / discussion paper (review),"design methods, control and actuation, user involvement (human factors)","Gaps identified include limited number and maturity of active lower-limb prostheses in the literature (only 21 devices); the need for simulation and modelling frameworks to address new research questions raised by powered prostheses; challenges in mechatronic actuator/kinematic design and in developing suitable control algorithms for varied gait situations and transitions; insufficient integration of biomechanical analyses that incorporate prosthetic systems to derive design requirements; and inadequate incorporation and measurement of human factors (acceptance, body schema integration) into engineering design, indicating gaps in methods for surveying and embedding psychological aspects into design.",Limitations highlighted include technical constraints in actuator and kinematic design and immature control algorithms for replicating biological function across speeds and transitions; reliance on passive solutions with limited energy storage/return motivating compliant actuation but indicating current limitations in energy-efficient designs; and limited consideration of psychological human factors (acceptance and body schema integration) in current prosthetic development that constrain adoption and design relevance.,"Recommend pursuing compliant actuator and kinematic designs for energy storage/transfer; developing bio-inspired controllers that handle different gait situations, speeds, and transitions; integrating comprehensive biomechanical analyses (with and without prostheses) to derive design requirements and constraints; and systematically incorporating human factors research—using psychological survey methods—into the design process to improve acceptance and embodiment.","The paper notes a tension between technological advancement towards powered/robotic prostheses and the human factors challenges of acceptance and embodiment: while biomechanical evidence suggests active prostheses improve gait, their integration into users' body schema and acceptance remains challenging. This reflects a debate on prioritizing technical performance versus user-centred psychosocial outcomes."
Towards Including End-Users in the Design of Prosthetic Hands: Ethical Analysis of a Survey of Australians with Upper-Limb Difference,2019,Survey-based literature discussion paper (hybrid: qualitative survey study with critical discussion / literature review),"user involvement (with secondary focuses on customization, design methods, accessibility)","Identifies lack of studies on user experience and preferences beyond functional satisfaction; limited methods for meaningful end-user engagement and lack of guidance on how to incorporate users into design processes; scarcity of population-representative data (Australian upper-limb different population) limiting generalisability; need for richer qualitative methods and co-design approaches to capture contextual, identity and social factors influencing prosthetic use.","Highlights that non-use reflects design-user misfit and that technological sophistication alone doesn't ensure adoption; methodological limitations of the study itself including small, self-selected sample and potential framing bias in survey questions; contextual factors (identity, social attitudes, provision and cost) limit design impact and uptake, indicating broader systems-level barriers to accessibility (implied by discussion of government provision and cost).","Recommend incorporating end-user engagement and co-design into prosthetic design processes, developing methods for meaningful user involvement; adopt a relational autonomy framework to orient design towards supporting users' valued activities and choices rather than only restoring 'normal' form; prioritise affordability and customisable aesthetics to reflect diverse preferences and improve accessibility; use richer qualitative methods (interviews, focus groups, co-design) to capture contextual and identity-related factors.","Identifies debates over framing non-use: as a user problem (lack of adaptation), as a design problem (device limitations), or as non-problematic (social model). Notes empirical tension: technological advancement/ sophistication does not reliably increase uptake, contradicting assumptions that better tech equals greater use."
Technology for monitoring everyday prosthesis use: a systematic review,2020,Systematic review,"multiple (design methods, customization, accessibility, user involvement)","Identifies lack of objective data on prosthesis wear patterns and task-specific use, scarcity of methods beyond step-count to characterize activity types and movement quality, absence of long-term and longitudinal monitoring studies (no studies >1 month and no longitudinal comparisons), and limited evidence on how to design and distribute prostheses to be accessible, affordable and meet user needs, especially in low-resource settings.","Highlights practical and methodological limitations: high cost, limited sensor battery-life and poor availability limiting clinical adoption; small sample sizes and high inter-individual variability reducing power to detect component differences; analysis tools and algorithms are not user-friendly, requiring technical skill; and cultural, contextual and logistical barriers (privacy, follow-up, infrastructure) affecting monitoring in low-resource settings.",Recommend developing a coordinated framework for out-of-clinic monitoring sensitive to low-resource contexts; use sensors that provide raw data for bespoke analyses and reproducibility; adopt user-centred design and consider acceptability/privacy in monitoring tools; create shared datasets with metadata standards to enable cross-study comparisons and early-warning use cases.,"Notes apparent contradictions: many component-comparison studies report no significant differences, but the review argues this may be due to methodological constraints rather than true equivalence. Also highlights discrepancy between clinic-based functional measures (e.g., K-level) and real-world activity, suggesting conflicting interpretations between lab assessments and community monitoring."
A Review of Design and Control Approaches in Lower-Limb Prosthetic Devices,2019,literature review / overview,"design methods, control approaches (design methods)",Not mentioned in source.,Not mentioned in source.,Not mentioned in source.,Not mentioned in source.
Challenges and strategies for the development and diffusion of assistive technologies,2025,Systematic Literature Review,"multiple (accessibility, customization, design methods, user involvement)","Identifies gaps in affordability and knowledge access, including high costs and limited user/clinician technical knowledge. Also highlights socio-cultural barriers and insufficient customization/personalization of devices to individual needs.","Highlights limitations including financial barriers, technological complexity, and gaps in professional and user training leading to limited effective adoption and sustainable use of AT.","Recommends increased customization/personalization of devices and public-private partnerships to reduce costs and improve access, plus continuous training programs for clinicians and users to address knowledge gaps.",Not mentioned in source.
Accessibility through Assistive Technology: A Systematic Evaluation for Individuals with Visual Impairment and Blindness,2025,systematic evaluation / review,accessibility,Not mentioned in source.,Not mentioned in source.,Not mentioned in source.,Not mentioned in source.
Exploring the barriers to using assistive technology for individuals with chronic conditions: a meta-synthesis review,2020,Systematic review and meta-synthesis (thematic synthesis of qualitative studies),"Multiple (design methods, customization, accessibility, user involvement, service provision, societal barriers)",The review identifies gaps in transdiagnostic evidence (previous reviews focus on single populations); limited research on 'bricolage' and how users adapt everyday technologies across populations; insufficient high-quality evidence (RCTs/generic evidence) applicable to assistive technology decision-making; lack of research on dissemination and digital tools for sharing trustworthy information; and limited studies on how individuals adapt household technologies and maker-space approaches for personalized solutions.,The paper notes limitations including dependence on included studies' quality and heterogeneity which may mask shortcomings; loss of original study context during synthesis; and subjectivity in thematic analysis due to authors' perspectives. It also reports variable methodological quality among included studies (CASP scores ranged 6–19) implicitly limiting generalizability.,"Recommendations include increasing user involvement and personalized/co-produced care to improve design and service provision; develop trustworthy information dissemination channels and online tools; research and pilot maker-space and bricolage approaches to support adaptable, low-cost personalized solutions; and shift policy/service models from acute to long-term self-management focus (implicit across discussion).","The paper discusses a debate between the value of traditional evidence-based medicine (RCTs/generic evidence) and the need for individualized, experiential evidence for assistive technology. It argues RCTs may be inappropriate or insufficient for AT and that evidence requirements should incorporate qualitative, case-based and experiential data."
A review: accessible technology through participatory design,2020,Literature review (review paper),"user involvement (participatory design), accessibility, assistive technologies (multiple)","Identifies a gap in incorporating and elevating end-user voices in assistive technology development; participatory processes insufficiently capture users' ideas, desires and needs. Also notes limited collaborative frameworks to guide multidisciplinary development of accessible technologies.","Highlights limitations in current practice: weak multidisciplinary communication and limited collaboration between experts and people with disabilities, and inadequate assessment frameworks to address diverse disability characteristics and daily activity needs.",Recommends adopting participatory design approaches to produce holistic understandings of user motivation and rehabilitation needs and to inform customised technology requirements; encourages multidisciplinary collaboration and knowledge transfer between professionals and communities.,Not mentioned in source.
"Assistive technology needs, access and coverage, and related barriers and facilitators in the WHO European region: a scoping review",2022,Scoping review,"accessibility (coverage and access), barriers and facilitators across AT domains (multiple)","The paper identifies limited and low-quality data on AT prevalence and coverage, geographic gaps with evidence concentrated in six countries and many countries unrepresented, lack of standardized definitions and product categories and data-collection standards hindering comparisons, heterogeneity in assessment methods and sampling preventing comparability across studies, and overall scarcity of studies reporting prevalence/coverage (only 45 publications).","The review highlights limitations in the primary literature (small, non-representative samples limiting generalisability), and acknowledges review-level limitations: reliance on published academic and grey literature possibly missing primary government datasets, potential missed publications despite broad search and expert consultation, and possible selection bias because only two authors performed screening and extraction.","Recommendations include establishing standardized definitions and data-collection standards for functional impairments and AP categories, collecting baseline, nationally representative data on AT need and coverage across all countries including low-resourced ones, using WHO tools (rATA, ATA-C) to support data collection and system assessments, developing guidelines, policies and dedicated governance for AT procurement and recommendation, and mapping barriers using the 5 P framework and fostering multi-stakeholder collaborations.","The paper notes unclear and inconsistent evidence on AT coverage across studies, a disconnect between prevalence estimates and explanatory evidence due to methodological heterogeneity, and conflicting or variable prevalence findings across impairment types and age groups (e.g., higher met-need rates for sensory impairments but wide variation overall) attributed to differing data collection strategies."
Access to assistive technology for people with intellectual disabilities: a systematic review to identify barriers and facilitators,2018,Systematic review,"accessibility (assistive technology access), user involvement (people with ID)","Research gaps identified include limited evidence from low- and middle-income countries and rural areas, lack of demographic specificity about the ID population in existing studies (e.g. level of ID, comorbidities), and paucity of cost-effectiveness, policy implementation, market analyses, and urban–rural comparison studies related to AP for people with ID.","Limitations highlighted include heterogeneity of included studies and lack of demographic detail for people with ID, limiting comparability and specificity of conclusions; geographic bias with most studies from the USA and few from low-/middle-income settings; gaps where identified barriers often lack proposed facilitators. The literature shows dominant systemic limitations such as funding/cost barriers and widespread lack of awareness and inadequate assessment processes that impede access to AP.","Recommendations include establishing advocacy groups for people with ID; developing education and training for health professionals, people with ID and carers about AP needs and assessment; conducting research on cost-effectiveness, policy implementation, market analysis and urban–rural differences to inform policy and practice; and including people with ID in co-design and development of AP and services.","The paper does not report major contradictions in findings but notes that many identified barriers/facilitators are general to healthcare and not ID-specific, making it difficult to draw population-specific conclusions. Heterogeneous study designs and variable relevance contribute to inconsistent specificity across studies rather than direct conflicting findings."
Understanding the experiences and needs of assistive technology users in Queensland,2024,Exploratory sequential mixed methods study (not a review),accessibility; user involvement,"The paper identifies gaps in AT provision and uptake, with a high proportion of users reporting unmet needs (68%). It also highlights fragmented and time-consuming AT pathways and systemic barriers affecting access and trials.","The study highlights limitations including declining satisfaction along the AT pathway and systemic barriers preventing access to desired AT. Additionally, the need to enhance AT trial approaches is noted.","Recommended actions include multi-level strategies to overcome systemic barriers, enhancing AT trial approaches, and improving access to specialists to support appropriate provision.",Not mentioned in source.
Assistive Technology for the Upper Extremities After Stroke: Systematic Review of Users’ Needs,2018,Systematic review,user involvement (user perspectives) and usability; also design methods and practical applicability (multiple),"This review identifies gaps in how well current designs meet end-user needs and preferences, a lack of consolidated insight into user perspectives motivating the review itself, and insufficient integrated consideration of interdependent factors (performance, attitude, decision process, usability, practical applicability) during development.","The paper highlights limitations including insufficient therapeutic evidence or clear therapeutic base to justify use, negative or variable attitudes toward technology among users, lack of information for decision-making, and shortcomings in usability and practical applicability of devices.","Recommendations include designing devices with a clear therapeutic basis and demonstrated benefit, addressing usability and practical applicability in design processes, incorporating comprehensive user information and considering interdependent factors (performance, attitude, decision processes) together during development, and tailoring priorities to personal factors and context of use.",Not mentioned in source.
Design and assistive technology: a tinder match waiting to happen,2024,Systematic review (PRISMA-guided literature review),multiple,"The review identifies limited interdisciplinary research linking design methods with OT-led AT practice and a persistent disconnect between the design community and occupational therapy literature. It notes few studies that applied design methods to AT abandonment, indicating an evidence gap in rigorous evaluations of design-led interventions to reduce abandonment. The paper explicitly calls for more research on how design can collaborate with healthcare professionals and users to improve AT outcomes.","The paper highlights limitations including poor AT design, production and execution contributing to abandonment; systemic barriers such as communication, ethical concerns, time and cost constraints that hinder design engagement with AT practice; high abandonment rates (~30% in first year) emphasizing the scale of the problem; and siloed practices between design and healthcare leading to unsustainable interventions.","Recommendations include adopting participatory and design management methods in AT development and service delivery to reduce abandonment, promoting interdisciplinary collaboration between designers and OTs across the AT lifecycle, and conducting further research to evaluate and define the role of design in improving AT outcomes and reducing abandonment.","The paper notes tensions between optimism for design methods' benefits and practical challenges in integrating designers into healthcare research (e.g., some studies used design methods without designers). It highlights debate on the scale of impact—whether design interventions should focus on individual/community artefacts or be scaled to systemic/policy levels—indicating differing perspectives in the literature."
Impediments to Assistive Technology Accessibility for Students With Disabilities in Higher Education Institutions: A Systematic Review,2025,Systematic review,"accessibility (also touches on customization and user involvement, institutional capacity)","The review identifies gaps including limited research explaining why developing countries lag in AT access; lack of evidence on effective strategies to overcome stigmatization and normalize AT use; unanswered questions about frameworks for public awareness, learner retention in nonresponsive environments, and capacity-strengthening models for instructors; limited data on prevalence/impact of AT in HEIs and need for bibliometric analyses; and scarce evidence on strategies to ensure AT meets user needs and supports customization and maintenance.","The paper highlights limitations including inadequate funding reducing AT availability and maintenance; community stigma and low awareness hindering use; limited instructor and student competencies to adopt and support AT; incompatibility and poor quality of many AT products leading to abandonment; and limitations of the review itself (scope restricted to HEIs, not assessing impacts, English/open-access only).","Recommend future research (bibliometric/extended reviews) to map trends and impacts and to explore frameworks for awareness and capacity-building; adopt Universal Design for Learning principles in AT design; HEIs should implement clear policies, guidelines and institutional capacity building for AT provision and maintenance; and invest in instructor training and user involvement in AT design and follow-up to reduce abandonment.","The paper does not report major contradictions but highlights tensions: global commitments (SDGs/WHO) versus persistent real-world gaps in HEIs, especially in low-income settings; and differing experiences across countries with high-income versus low/middle-income contexts showing inconsistent service quality and access. It also notes debated causes of abandonment (design mismatch vs. lack of follow-up) reflected in literature."
Barrier Assistive Technology in Inclusive Classroom,2021,systematic literature review,"accessibility, user involvement, design methods","The review identifies gaps in access and uptake of assistive technology caused by multiple, interconnected barriers including service provision and design barriers, information gaps, psychological and social barriers, and insufficient involvement of users and school decision-makers in design and implementation.",The paper highlights limitations in current practice such as persistent hurdles to obtaining and using assistive technology and the presence of interconnected barriers across disabilities that limit effective design and implementation.,"Recommendations include increasing user and stakeholder (school/decision-maker) involvement in design and provision processes and improving accessibility of information to raise awareness and address information, psychological and social barriers.",Not mentioned in source.
Assessing the implementation of user-centred design standards on assistive technology for persons with visual impairments: A systematic review,2023,Systematic review,"user involvement (user-centred design), design methods, accessibility (assistive technology)","Identified gaps include wide variation and poor characterization in understanding user needs and in applying UCD during early design and prototyping, vague reporting of user feedback and iteration, insufficient evidence to assess whether UCD promotes innovation or improves access, wellbeing, or satisfaction with AT, lack of evaluations in real-world contexts, and overall scarce evidence on effective UCD implementation in AT for visual impairment.","Limitations include inconsistent referencing to ISO UCD standards despite claiming UCD use, poor sampling design and small or non-probabilistic samples with unclear selection rationale, generally low methodological quality across studies with most failing several MMAT criteria, and an emphasis on system requirements and verification over user-centred validation and full user-context characterization.","Recommendations include improving UCD implementation and generating stronger evidence on UCD outcomes, capacity building and better planning for UCD across development teams, fostering multidisciplinary/transdisciplinary teams (engineering, clinicians, social scientists, rehabilitation professionals) to better address user needs and contexts, and shifting design focus toward enhancing user agency and wellbeing rather than solely fixing impairments.","The paper identifies a conceptual debate between 'user-centred' (focusing on interaction and functionality) and 'person-centred' (focusing on broader context and meaning) design streams, noting most studies follow the former while the latter is underrepresented. It also highlights limited empirical evidence on whether standards (like ISO 9241-210) drive innovation or improved outcomes, indicating uncertainty in the field."
Estimating need and coverage for five priority assistive products: a systematic review of global population-based research,2022,Systematic review,accessibility (assistive product need and coverage) and data/measurement methods (design methods & reporting); multiple,"The review identifies major gaps including lack of standardised AP data collection and reporting leading to incomparable indicators, sparse evidence from LMICs where needs are greatest, inconsistent definitions of AP access terms causing over/underestimation of need, limited research on effectiveness and follow-up of AT interventions, and uneven topic coverage with vision overrepresented while mobility, hearing and cognition are underrepresented.","The paper highlights limitations including heterogeneous assessment methods mixing clinical and self-report approaches limiting comparability, reliance on secondary analyses and small primary samples for mobility studies reducing robustness, inability to perform meta-analysis due to reporting variation, and possible missed studies because search terms used 'functional difficulty' rather than specific conditions.","Key recommendations are to establish a global minimum AP dataset with standardised measures, AP lists, indicators and measurement approaches; collect holistic data including personal and environmental factors and test methods in diverse contexts especially LMICs; integrate AP indicator modules into established population surveys for better secondary analyses; and distinguish AP use from met need to detect undermet need among users.","The paper identifies debates about appropriate assessment methods: equating functional difficulty prevalence with AP need vs. nuanced clinical and personal-factor assessments can lead to conflicting estimates. It notes tension between clinical assessments (more standardised) and self-report (captures personal/contextual factors but may be inaccurate), creating contradictory findings across studies."
"Assistive technology, information asymmetry and the role of brokerage services: a scoping review",2022,Scoping review,"accessibility (information access) and user involvement (brokerage, user participation)","The review identifies limited prior synthesis on information asymmetry and brokerage in AT (first review in the area), a lack of controlled trials testing brokerage versus typical models (evidence gap), poor coverage of low- and middle-income countries since nearly all included studies are from developed countries, and that web-based databases alone do not address needs such as trialling, training, maintenance, or loan services, pointing to service-design and implementation gaps.","The paper notes heterogeneity of included studies limits generalisability, geographic bias toward high-income settings restricting relevance to low/middle-income contexts, scarce controlled trial evidence on brokerage interventions, and concerns about sustainability and funding of web-based repository models.","Recommend establishing impartial brokerage and independent information sources to centre users in AT selection; combine web-based repositories with local trial/test centres, training, maintenance and follow-up support to improve outcomes; ensure ongoing access to information about emerging technologies and provide user training and follow-up; and conduct research (including controlled trials) to evaluate brokerage models, equity impacts and applicability in low/middle-income settings.","The paper documents variations and some conflicting patterns in preferred information sources: newer studies show increasing internet use, but some populations (long-term device users, certain occupational groups) still rely primarily on peers, family or print media. There is also a debate over the sufficiency and impartiality of web-based repositories: they improve access but may be unsustainable or risk loss of impartiality if funding models change."
Assessing the implementation of user-centred design standards on assistive technology for persons with visual impairments: a systematic review,2023,Systematic review,"user involvement (User-Centred Design), design methods, accessibility, customization (multiple)","Key gaps include inconsistent and superficial application of UCD principles with poor characterization of user needs and early-stage involvement; insufficient evidence on UCD's impact on innovation, access, wellbeing and satisfaction; emphasis on system architecture over user context and validation in real-world settings; and lack of multidisciplinary teams and perspectives in development processes.","The review highlights methodological limitations across studies: poor citation of applicable standards and inconsistent use of ISO 9241-210; generally low methodological quality with many studies failing multiple MMAT criteria; inadequate sampling, lack of power/sample rationale and overreliance on superficial quantitative usability measures; and sparse evaluation in real-world contexts limiting validation of AT in intended environments.","Recommendations include improving UCD implementation in AT development and strengthening evidence on its outcomes; capacity building and better planning for UCD across development teams and disciplines; promoting multidisciplinary/transdisciplinary teams to address social, clinical and technical dimensions; and focusing design on users' agency and wellbeing rather than solely functional impairment.","The paper identifies a conceptual debate between 'user-centred' (focus on interaction/functionality) and 'person-centred' (focus on broader life context and meaning) approaches to design, noting most studies adopt the narrower user-centred perspective while person-centred approaches are underrepresented."
Global need of Assistive Product and Assistive Technology for Individuals with Intellectual Disabilities: A Review,2024,Systematic review / literature review,"multiple (accessibility, customization, user involvement, design methods)","The review identifies several research and implementation gaps: lack of awareness and information about available AT and their types; insufficiencies in product range, quality, suitability and quantity leading to unavailability or abandonment; workforce capacity gaps and lack of trained personnel for AT provision; barriers in education (teacher education) and access that limit AT effectiveness in inclusion and accessibility for students. Additionally, global coverage and unmet need estimates suggest many remain without essential products, indicating gaps in distribution and policy implementation.","The paper highlights limitations including high costs and service delivery expenses restricting access; limited physical/geographical access in many contexts; weak policy, low prioritization and incomplete legislative coverage for AT provision.","Key recommendations include improving access to AT through integrated approaches across sectors; actively involving users and families as partners in AT selection and provision; and investing in research, innovation and enabling ecosystems (materials, AI, digital tech, new service models).",Not mentioned in source.
Stakeholder perspectives on research and development priorities for mobility assistive-technology: a literature review,2019,Literature review,multiple,Not mentioned in source.,Not mentioned in source.,Not mentioned in source.,Not mentioned in source.
Assistive technology in developing countries: a review from the perspective of the Convention on the Rights of Persons with Disabilities,2011,Literature review,"multiple (accessibility, customization/product design, service delivery, user involvement)","The review finds major gaps in the literature: research is concentrated on leg prostheses and manual wheelchairs while other device types (e.g. hearing aids, diverse assistive technologies) are under-researched. There is a general lack of evidence to support CRPD implementation including limited studies on policy, service delivery, outcomes and international cooperation. The authors highlight a need for system-level research and holistic, cost-efficient provision strategies rather than isolated product studies <citations>3</citations]. They also identify scarce evidence to guide effective policies and legislation <citations>4</citations].","The paper highlights limitations in practice and evidence: assistive devices are often supplied without necessary associated services (assessment, fitting, training, follow-up), leading to abandonment or unsafe use. Many commonly used prosthetic components fail to meet ISO mechanical testing, indicating quality and safety concerns. Research limitations include low publication volume, lack of randomized trials, small sample sizes, and limited attention from funders and organizations <citations>5</citations].","Recommendations include prioritizing research and actions on policy, service delivery, outcomes, international cooperation, and product development to enable CRPD implementation. The authors call for system-level, holistic strategies for cost-efficient provision rather than isolated product-focused efforts <citations>1</citations]. They recommend that gender, age and disability perspectives be integrated into planning and evaluation <citations>2</citations]. Finally, they stress generating evidence to guide effective policies and legislation <citations>3</citations].",The paper notes conceptual debates: different models of disability (medical vs social) frame assistive technology either as correcting individual impairment or as reducing environmental barriers. There is also lack of consensus on how to define and measure quality of life in relation to assistive technology outcomes <citations>2</citations].
Improving access to assistive technologies: challenges and solutions in low- and middle-income countries,2018,Discussion / Policy review,"accessibility (assistive technology access), product design, capacity and policy (multiple)","The paper identifies four main gaps: low demand due to lack of awareness among beneficiaries, caregivers and health-care providers; product designs not sufficiently informed by users' and caregivers' preferences or by low-resource environments, limiting technology transfer; supply-side barriers including low production quality, financial constraints and scarcity of trained personnel; and a lack of high-quality evidence on effectiveness of assistive technologies.","Limitations highlighted include insufficient user-informed product design and poor adaptation to local environments, supply-side weaknesses such as low production quality, financial barriers and lack of trained personnel, and limited evidence base to guide selection and implementation of technologies.","Recommended actions: establish a national policy framework for assistive technology; incentivize product development to promote affordable assistive products; build workforce capacity via undergraduate and in-service training; enhance provision by integrating services into health systems; and ensure government leadership, multisectoral approaches and adequate funding underpin these actions.",Not mentioned in source.
"Design and Use of Assistive Technology: Social, Technical, Ethical, and Economic Challenges",2010,Edited volume / literature review and discussion papers (book with multiple chapters),"multiple (design methods, user involvement, accessibility, socio-technical issues)","Identifies gaps around privacy in data collection/analysis, heterogeneity of user populations (need for personalization), poor knowledge transfer of novel technologies into practice, and insufficient incorporation of user perspectives into design and clinical evaluation.","Highlights limitations including privacy risks in data practices, challenges addressing diverse user needs due to heterogeneity, and limited mechanisms for knowledge transfer and user integration in design processes.","Recommends integrating user experience into design and clinical evaluation, developing practical service models to improve academic-to-practice knowledge transfer, and cross-disciplinary approaches combining engineering, computer science, medicine, occupational therapy, and neurology to address complex challenges.",Not mentioned in source.
Information Technology and Universal Design: An Agenda for Accessible Technology,2003,Discussion paper / position paper,accessibility,Not mentioned in source.,Not mentioned in source.,Not mentioned in source.,Not mentioned in source.
Assistive technology research: Evidence for a complex and growing field,2021,Discussion paper / Editorial,multiple,Not mentioned in source.,Not mentioned in source.,Not mentioned in source.,Not mentioned in source.
Designing and using assistive technology : the human perspective,1998,Book / Edited volume (literature review and discussion chapters),"Multiple (design methods, accessibility, user involvement)",Not mentioned in source.,Not mentioned in source.,Not mentioned in source.,Not mentioned in source.
Discernment on assistive technology for the care and support requirements of older adults and differently-abled individuals,2023,Systematic review / literature review (self-described as systematic review),"Multiple (assistive technology applications across design methods, customization, accessibility, user involvement)","The review identifies limited sample sizes and insufficient caregiver-focused data as gaps, pointing out that ""Additional data and more work on caregivers are required for improving the prediction model."" It notes small study populations limit generalisability: ""The study population in most of the studies is very less, which makes it difficult to project device usability on a larger scale."" Economic evaluations are absent: ""Economic and cost-benefit analyses of available devices are not discussed by the researchers, which is an essential factor in the usage of rehabilitation devices."" Safety outcomes for caregivers and users are unstudied: ""Caregiver injury and the individual user's injury in the absence of a caregiver have not been studied."" The paper also highlights broad unresolved areas and need for research and affordability/technology maturation: ""Most of the reviewed research on assistive devices is marked by the rapid development of the field, yet, at the same time, there are gaps and scope for further research."" and ""Hardware and software development are required to bring affordable assistive devices to a wider population that needs them.""","The paper highlights device-level limitations including potential bias from caregiver-reported data: ""A likely drawback of the proposed game is that the caregivers' involvement may potentially provide biased and less valid answers (4)."" It notes some wearable or sensing systems are unsuitable for lower-functioning users: ""The limitation of the wearable device is that it used a bidirectional conversational module and wearable eye tracker which is not suitable for less-functioning individuals with autism."" Mechanical and actuator issues (bulky, heavy, high energy use) are raised: ""However, the actuator devices were bulky, stiff, consumed more energy, and heavy."" Fit and comfort concerns are repeatedly mentioned: ""Comfort and fit on wearing the device had to be taken care of."" Sensing/measurement limitations (image blurring) and usability/cost trade-offs are discussed: ""However, deformation may lead to modifications in muscle morphology, resulting in a blurry image and reducing the accuracy of segmentation."" and ""the inconvenience of wearing a headset and the high cost of the device are trade-offs of the device.""","Recommendations include pursuing future research on individual care, learning, and computer accessibility using assistive devices: ""Future research pathways relating to individual care using assistive devices for learning and computer accessibility are analyzed."" The authors call for hardware and software development to make affordable devices widely available: ""Hardware and software development are required to bring affordable assistive devices to a wider population that needs them."" They also suggest leveraging assistive-device research to inform other disease areas: ""This review emphasizes how most of the research on assistive devices can help advance research on other diseases."" and more broadly state ""There is a need for further research and development in the field of assistive technology which is likely to expand tremendously in the future.""","The paper notes inconsistencies and incomplete evidence in evaluated studies: it states behavioral studies in autism lacked data to determine social significance and that user tests often lacked acceptance/validation information: ""The study analyzed the behavioral studies that were done in past but found no data to ascertain whether the observed behaviors were socially significant."" and ""The studies presented more user test results but their acceptance and validations were not included."" It also highlights trade-offs in performance claims (e.g. high accuracy in constrained settings but tradeoffs in speed and generalisability): ""With less available training data, speakerbased automatic speech recognizers with mini vocabularies were built... The trade-offs were in message production speed and data outcomes range."""
The Evolution of Assistive Technology: A Literature Review of Technology Developments and Applications,2022,Systematic literature review (PRISMA),accessibility; design methods; customization; user involvement (multiple),Identifies lack of consolidated evidence on trends/applications and on mainstreaming of AT; calls for more research documenting evolution and impact of AT across user groups and contexts.,"Notes limitations in scope and sampling: English-only and open-access-only selection criteria, relatively small and uneven distribution across capability areas (e.g., visual overrepresented) which may bias findings.","Recommends adoption of Inclusive Design practices and designing for diverse groups (age, gender, ability, language, culture) to mainstream AT and reduce stigma; suggests continued systematic documentation of AT evolution to inform practice.",Highlights a tension/debate: historically AT focused on non-mainstream technologies but recent growth in mainstream technologies blurs lines between AT and consumer tech; discussion implies evolving viewpoints but no explicit contradictions in findings.
From assistive to inclusive? A systematic review of the uses and effects of technology to support people with pervasive support needs.,2024,Systematic review,"Multiple (assistive technology, universal/mainstream technology, accessibility/inclusion, user involvement)","The review identifies a lack of studies on mainstream (MT) and universal design (UD)-based technologies despite their use in practice, specific omissions of widely used devices (e.g., iPad, Crdl, Tovertafel) in the literature, and a gap in research on interventions that act across broader ecological systems or networks beyond the microsystem (need for studies on creating bigger networks and inclusion).","The review highlights methodological limitations in the evidence base: poor reporting/detail of participant characteristics leading to possible exclusion or misclassification; inclusion of studies regardless of MMAT quality without weighting or exclusion (potential bias); dominance of small, non-randomised intervention studies and individual-level deployments (limited generalisability and ecological validity).","The authors recommend research into MT and UD-based technologies (to reflect practice and improve inclusion), studies that implement interventions across multiple ecological system levels rather than solely individual-level deployments, and investigations into building broader social/technological networks for people with pervasive support needs to enhance belonging and QoL.","The review documents mixed findings: while most studies report positive QoL effects from technology use, some report no or negative effects—particularly impacting material well-being due to cost, accessibility, or technical issues. There is also a tension between widespread practical use of MT/UD technologies (reported anecdotally) and their underrepresentation in the empirical literature."
Transferring technology toward the European assistive technology industry: mechanisms and implications.,1997,Discussion paper / Review,design methods; accessibility; industry/technology transfer,Not mentioned in source.,Not mentioned in source.,Not mentioned in source.,Not mentioned in source.
Accessibility in Technology: A Review,2020,literature review,accessibility,"Identifies gaps in proactive integration of accessibility into emerging technologies, and a need for holistic approaches to prevent new barriers from AI/VR/voice interfaces; emphasizes insufficient education, awareness, and proactive design practices.","Highlights limitations including lack of universal inclusivity of technological advances, complexity of implementation and advocacy, and challenges integrating accessibility into novel tech (AI/VR/voice).","Recommends proactive stakeholder engagement, holistic design approaches, and sustained education/awareness and innovation efforts to make technology universally accessible.",Does not identify specific contradictions or debates; notes ongoing challenges despite progress but no conflicting findings reported..
Accessible cell phone design: development and application of a needs analysis framework,2003,Applied user-centred design study (framework development) / literature-based discussion and case study (not a systematic review),user involvement; design methods; accessibility; customization (multiple),Identifies lack of developer attention to user-centred requirements for disabilities; scarcity of user-centred analysis tools/frameworks usable at low cost for consumer products including those for people with disabilities; need for richer contextual methods (ethnographic studies) to capture situational requirements.,Notes limitations including small sample size limiting scope of captured requirements; inadequacy of traditional requirements-engineering models for disability contexts; existing cognitive/engineering tools are too complex for practical use in consumer AT design.,"Recommend adoption and iterative use of the NARA framework early and throughout development to capture user requirements for accessibility and universal design; recommend using rolling-survey and mixed elicitation (interviews, focus groups, product interaction) to refine requirements; suggest future research employ ethnographic/contextual methods to expand requirement capture.","Highlights tension where design decisions that benefit one social group may disadvantage others and that definitions of success/failure vary across groups, indicating potential conflicts between market-driven design and universal design goals."
"Seeking information about assistive technology: Exploring current practices, challenges, and the need for smarter systems",2023,Qualitative literature-informed study (expert interview study) / Discussion paper,accessibility; design methods; user involvement (multiple),"The paper identifies major access gaps for AT globally, noting that 90% of people who need AT lack access. It highlights an information gap: current search engines and information systems fail to provide tailored, relevant data for AT professionals, reducing awareness and availability of suitable products. It also identifies a gap in support for diverse, multi-faceted user needs during the information-seeking and matching process.","The paper discusses limitations including fragmented, interdisciplinary AT marketplaces that complicate information retrieval; inadequate search tools that do not tailor results or surface necessary product information; and resulting reduced product awareness and ineffective AT provision as evidenced by expert interviews.","Recommend developing smarter AT information-seeking platforms with value-based design that support decision-making and need-matching, while embedding ethical protections for disability fairness. (No further specific methodological recommendations are given in the provided summary.)",Not mentioned in source.
Assistive Technologies for Individuals with a Disability from a Neurological Condition: A Narrative Review on the Multimodal Integration,2025,Narrative review,multiple,"The review identifies multiple research gaps: usability and training needs, accessibility and commercialization disparities, limited real-world testing and quantitative effectiveness data, unclear evidence on neuroplastic effects of AT use and need for studies on long-term functional/neural outcomes, cost and training barriers limiting diffusion of advanced devices like exoskeletons, and low levels of meaningful user involvement in design processes.","The paper highlights limitations including methodological limits of the review itself (narrative design, language restriction), technical limitations of ATs such as low ITR and high cognitive workload for BCIs, biomechanical/interaction issues with exoskeletons causing unnatural movement and donning complexity reducing adherence, and gaps in training/timing for AAC deployment affecting effectiveness.","Recommendations include developing multidimensional, user-centered, AI/ML-personalized ATs to improve adoption and efficacy, conducting studies on neuroplastic effects of AT use, adopting multidisciplinary HTA processes for evaluation and diffusion, and embedding ethical safeguards for data use and algorithmic bias in AI-driven ATs.","The review notes debates such as the comparative effectiveness/usability of BCIs versus alternative interfaces (eye-tracking) where BCIs may offer deeper integration but perform worse on speed/usability, and tensions around user involvement where its presence does not guarantee improved acceptance and can be shaped by stereotyping."
Patient and Carer-Related Facilitators and Barriers to the Adoption of Assistive Technologies for the Care of Older Adults: Systematic Review,2025,Systematic review,"accessibility, user involvement, and design methods (multiple)","The review identifies persistent gaps in understanding barriers to AT use, including limited evidence on acceptability and optimization strategies for assistive technologies, and suggests that despite increased publication post-COVID-19 there remain unresolved knowledge gaps about long-term adoption and how to address identified barriers.","The paper highlights limitations in the evidence base, notably that most included studies carry moderate/high risk of bias, and that multiple persistent practical limitations in AT design and deployment exist (privacy, cost, insufficient knowledge, fear of misuse, poor usability/functionality, perceived lack of need, stigma, lack of human interaction) which impede adoption and are mapped across TAM domains.",The authors recommend further research into acceptability and optimization strategies for assistive technologies to address barriers to sustained usage.,Not mentioned in source.
"TECNOLOGIA ASSISTIVA, ESTÉTICA E DESIGN: REVISÃO DA LITERATURA",2024,Literature review,design methods; aesthetics; accessibility (multiple),Not mentioned in source.,Not mentioned in source.,Not mentioned in source.,Not mentioned in source.
ANALYSIS AND TRANSLATION OF USER NEEDS FOR ASSISTIVE TECHNOLOGY DESIGN,2007,Not mentioned in source.,design methods,Not mentioned in source.,Not mentioned in source.,Not mentioned in source.,Not mentioned in source.
Access to assistive technology and related services in Latin American Countries: A systematic review.,2025,Systematic review,accessibility,"The review identifies limited research on AT design, evaluation, provision and training, noting most studies focused on service delivery and device outcomes rather than design or training. It highlights neglected device types—""cognitive and augmentative communication devices""—as receiving little attention. It also identifies systemic access gaps: limited awareness, insufficient professional training, and lack of systematic/equitable provision approaches.","The paper highlights that AT access in Latin America remains a neglected research/practice area. It notes uneven availability across device types, with common devices available but cognitive and augmentative communication aids neglected. It details practical limitations hindering access: low awareness, poor professional training, and absence of systematic, equitable provision mechanisms.",Not mentioned in source.,Not mentioned in source.
A Critical Narrative Review of Assistive Robotics and Call for a Systems and User-Centered Approaches to Enhance Quality of Life of Individuals with Disabilities,2024,Critical narrative review,"multiple (design methods, user involvement, accessibility/uptake)","The paper identifies gaps including: limited translation of user involvement into actual uptake; a narrow evaluation focus on usability and safety rather than broader contextual factors; lack of detailed reporting on how user feedback shapes design decisions; and insufficient systems-level consideration across micro, meso, and macro factors affecting adoption.","The paper highlights limitations in the field: low adoption of assistive robotics despite development activity; unclear or unreported influence of user feedback on design iterations; and an overly narrow emphasis on usability and safety at the expense of other important factors (e.g., contextual, organizational, policy).","Recommendations include adopting systems-level approaches that address micro, meso, and macro factors to improve uptake, and strengthening genuine user-centered design practices so that user involvement meaningfully shapes outcomes.","The paper points out a contradiction: although user involvement is widely promoted as essential, evidence does not show that it by itself leads to higher technology uptake."
Alleviating Disability and Unmet Need: Differential dimensions addressed by assistive technology and personal care,2004,Comparative empirical study (not a review),accessibility,"The paper identifies a gap in understanding how and when assistive technology is most effective for reducing specific dimensions of difficulty (pain, fatigue, time intensity) and in which circumstances technology users differ from non-users.","The paper highlights that assistive equipment did not show additional benefit for pain, fatigue, or time intensity, indicating limitations in technology's ability to alleviate those dimensions of disability.","Recommend further research to characterize differences between technology users and non-users and to identify the circumstances where assistive technology effectively reduces residual difficulty, to inform design of appropriate and cost-effective home care.","The paper identifies an apparent contradiction: equipment users report similar or greater residual difficulty but express less desire for hands-on personal care, suggesting complex interactions between technology use, perceived need, and care preferences."
Redefining Assistive Technology: A Shift from Disability to Functional Impairments in Policy and Practice,2025,Discussion paper / Commentary,"accessibility (policy) and definition framing; multiple (policy, access, inclusivity)","Identifies major gaps in AT access in LMICs, with as low as 3% coverage; exclusion of people with temporary or progressive functional impairments due to narrow disability-focused policies and restrictive eligibility criteria; lack of inclusive policy/legislation and national programs that cover persons with functional impairments.","Highlights limitations including: this article's lack of primary empirical data and absence of stakeholder perspectives such as AT users, caregivers, or providers; policy limitations requiring high disability thresholds (e.g., 40% impairment) that exclude many with functional impairments; fragmented financing and incomplete insurance coverage increasing out-of-pocket costs; and the paper's scope excludes recommending expanded social benefits for PwFI.","Recommends broadening AT definitions and eligibility to include persons with functional impairments; expand financing approaches such as insurance, public-private partnerships, and tax incentives to improve access; and notes policy advances like India's NLEAP as positive examples to build on.","Identifies a debate between countries and organizations over AT framing: some (e.g., ISO, certain national policies) maintain a disability-focused definition, while others have adopted broader, function-focused frameworks. Also notes that conclusions are policy-analytic and commentary-based rather than empirical, which may limit the strength of claims and contributes to debate about evidence base."
Wireless RERC State of Technology Forum 2021 special section: Introduction,2022,Special section introduction / integrative review overview,multiple,Not mentioned in source.,Not mentioned in source.,Not mentioned in source.,Not mentioned in source.
Older People’s Needs and Opportunities for Assistive Technologies,2020,Literature review / systematic review of empirical studies (review of empirical papers),"multiple (accessibility, user involvement, customization → mapped to needs and technology matching; primarily user needs and technology adoption in home/safety/living)","The review identifies gaps including lack of comprehensive reviews linking the full spectrum of assistive technologies to older people's broad needs, absence of effective methods to analyze and predict needs-to-technology matches, insufficient exploration of broader/understudied need categories and technology types, and mismatch between technology development and seniors' personal needs leading to poor adoption.","The paper notes limitations including potential missed studies due to search constraints, reliance on direct methods (interviews/observations) that may be inefficient and limited by older adults' awareness or communication barriers, and the problem of technology push approaches creating misfit and low adoption when not aligned with personal needs.","Recommendations include developing improved methods to identify needs—such as mining health and quality-of-life databases to infer needs-to-technology matches, investigating aged-care service provision sources for need identification, and avoiding sole reliance on interviews or technology-push approaches in favor of alternative, systematic demand-analysis methods.","The paper highlights a debate over approaches: technology-push (develop then promote) vs. user-acceptance/adoption-focused research vs. needs-driven development, noting tensions where many studies emphasize adoption rather than mapping technologies to comprehensive needs."
Bridging Technology Access and Digital Independence for Persons with Disabilities: India and Global Strategies,2025,Literature review / discussion paper (comparative case study),"Multiple (accessibility, customization, user involvement, design methods)",The paper identifies gaps in employment-focused tools and in innovations for cognitive and mental disorders; affordability barriers for low-income and rural families; poor regional language support in AAC and educational resources; lack of evidence and research addressing children with multiple disabilities and severe cerebral palsy; and broader gaps in ecosystem-building and policy alignment that hinder scale-up.,"The paper highlights limitations including that technical compliance (e.g. WCAG 2.1) does not ensure real-world usability; inadequate training and high costs leading to poor long-term adoption of devices; weak enforcement of accessibility policy (RPwD Act); reliance on short-term CSR/donor funding causing pilots not to scale; and demonstrates that low-cost, localized solutions combined with structured training show better adoption, implying current designs often neglect these factors.","The paper recommends developers focus on low-cost, localized, language-diverse, user-centred designs with caregiver involvement; policymakers strengthen enforcement, extend rural outreach, and implement outcome monitoring beyond pilots; provide training for users, caregivers and educators to embed technologies into practice; and promote multisector collaboration (government, industry, NGOs) to achieve sustainable scale.","The paper describes a debate between innovation-focused approaches (prioritizing new technologies/algorithms) and adoption-focused approaches (prioritizing affordability, training, and cultural fit), and highlights evidence that technical standards compliance can conflict with real-world usability."
Usability of assistive technologies in ageing and disabilities,2009,literature review / discussion paper,"usability, accessibility, user involvement (multiple)",Not mentioned in source.,Not mentioned in source.,Not mentioned in source.,Not mentioned in source.
Challenges in Meeting Accessibility Needs in a fast-evolving Digital Environment,Not mentioned in source.,Not mentioned in source.,accessibility,Not mentioned in source.,Not mentioned in source.,Not mentioned in source.,Not mentioned in source.
Literature Review: Disabilities and Diversity in Science and Engineering,2012,literature review,"accessibility, user involvement, design methods","Identifies lack of realization of universal design goals, limited societal recognition of diverse abilities leading to unmet accommodation needs, and insufficient involvement of end-users in design and leadership roles in assistive technology development.","Highlights persistent failure to achieve universal design in products/environments, and that discrimination remains a barrier to accommodation and access.","Recommends greater involvement of people with disabilities in design processes, including leadership roles, to improve assistive technology outcomes.",Not mentioned in source.
Overcoming systematic global barriers to AT: a new methodology and quickstart testing through a £20m programme,2019,Scoping report summary / Discussion paper,"accessibility (assistive technology access), user involvement, systems/market design","Identified gaps include market and system failures coupled with lack of user participation leading to supply/demand mismatch; poor data on use, need and impact making the problem hidden and under-researched; and non-cost barriers — undeveloped policy frameworks, weak markets, under-resourced services, stigma/discrimination and gendered impacts.",Limitations highlighted include insufficient user participation in design processes and overemphasis on product availability without systemic inclusion measures; and entrenched market/system failures that limit effective delivery and scalability of AT services.,"Recommendations include adopting a mission-led global programme, generating better research and data, piloting market-shaping interventions, systems-strengthening, harnessing innovation, and building community participation and capacity; and embedding AT within a social development normative framework.",Not mentioned in source.
Universal Access and Assistive Technology: Proceedings Of The Cambridge Workshop On Ua And At '02,2013,Proceedings / Edited volume (conference proceedings),multiple,Not mentioned in source.,Not mentioned in source.,Not mentioned in source.,Not mentioned in source.
Inclusion of Seniors in the Design of Assistive Technology,2015,Literature review / discussion paper,user involvement,"The paper identifies a gap in focusing mainly on older adults' attitudes and pre-implementation adoption strategies rather than post-implementation usability and fit with real needs. It highlights a broader gap where designers' conceptualizations often ""do not mesh with the needs of consumers,"" indicating unmet needs due to lack of elder participation in design.","The paper discusses limitations including a disconnect between developer concepts and user needs that can reduce aging-in-place; high rates of rejection, misunderstanding, or frustration with devices despite design intentions; and insufficient attention to post-implementation usability and long-term satisfaction versus just pre-implementation acceptance concerns.","Recommendations include implementing participatory/co-design approaches to include older adults across the design continuum to better match devices to user needs, and conducting more quantitative research on post-implementation outcomes to understand long-term usability and satisfaction.","The paper notes debate/contradiction around assumptions of older adults' resistance to technology, citing evidence that the digital divide may be smaller than assumed. It also highlights tensions between designer-driven solutions and user-evolved outcomes, illustrating that designer expectations can conflict with end-user preferences and that iterative co-design can resolve such conflicts."
Making accessibility accessible,2008,Literature review / discussion paper,accessibility,"The paper identifies gaps including pervasive difficulties in the state of accessibility, lack of user awareness and responsibility to select/install appropriate assistive technologies (ATs) which cannot be assumed to occur given gradual or variable impairments, developers treating accessibility as a niche and avoiding implementation due to perceived cost/limited market benefit, and a mismatch between research prototypes and developer adoption because solutions have diverse technical requirements that make them impractical to use.","Limitations highlighted include over-reliance on user knowledge and action to obtain and configure ATs, low developer uptake due to cost/perceived niche status, and limited translational feasibility of research solutions because heterogeneous technical requirements prevent practical implementation by developers.",Not mentioned in source.,Not mentioned in source.
Assistive Technology: a golden opportunity to build a sustainable user-centred design community,2014,Discussion paper / descriptive case study (not a systematic review),user involvement,"Identifies gaps in sustained, scalable user engagement and broader community integration of user-centred design: the paper describes an educational partnership model but indicates ongoing needs around ethical frameworks for meaningful engagement and expansion beyond a single programme or AT domain.","Highlights limitations in depth and rigor: the account is based on modest, educational activities with continual assessment and ad-hoc feedback mechanisms, implying limited generalisability, lack of formal evaluation metrics, and potential dependence on local partnerships rather than systematic methods.","Recommends creating platforms and formal frameworks to sustain user-centred collaboration and broader stakeholder engagement, and further research to develop structured design frameworks (e.g., doctoral research) and community platforms to scale the approach.",Not mentioned in source.
A review: accessible technology through participatory design,2020,literature review / discussion paper,"user involvement (participatory design), accessibility, assistive technologies (multiple)","The paper identifies a clear gap in participatory inclusion: assistive technology development does not sufficiently ""enhance the voice of participants"" or adequately consider users' ""ideas, desires and needs"".","The paper highlights limitations in current practice around insufficient multidisciplinary communication and limited collaboration between people with disabilities and experts across disciplines, which constrains identification of problems and solution patterns.","The paper recommends adopting participatory design to build holistic understanding of user motivations and rehabilitation needs, and encourages rehabilitation professionals to explore requirements for customised technologies and to transfer knowledge to users, families and communities.",Not mentioned in source.
A systematic literature review on user centered design and participatory design with older people,2019,Systematic Literature Review,user involvement (UCD/PD) with older adults,"The paper identifies gaps in guidance and methods for involving older adults in UCD/PD processes, noting that UCD/PD ""provide little guidance on how to involve older people in the development process"". It highlights that ""Traditional design methods may not be sufficient"" for older users and that there is a scarcity of detailed reporting on how participatory activities are conducted with older people. The review also points to insufficient research and guidance on requirements elicitation and prototyping tailored to older adults, and a lack of methods accommodating geographically dispersed participants or contexts where group activities are impracticable.","The paper discusses practical limitations in current practice: many older adults lack ICT skills limiting meaningful participation; studies often involve seniors only at late stages or only conduct usability tests post-development; logistical barriers such as mobility constrain attendance at workshops/interviews; and overall, traditional UCD/PD methods require adaptation to be effective with older adults.","The authors recommend involving older adults throughout all development stages, conducting longitudinal studies spanning from early design to deployment, developing new engagement strategies and clearer methods for requirements elicitation, and applying Action Research to adapt prototyping and processes to older adults' needs. They also emphasize continued involvement across the whole design process.","The paper notes tensions in practice: while PD ideally involves older users throughout, many studies are expert-centered or only include seniors late in development, creating a debate about the extent and timing of involvement. It also raises a caution that older participants' limited ICT experience can both limit contributions and bias outcomes by focusing on familiar solutions."
Assessing the implementation of user-centred design standards on assistive technology for persons with visual impairments: A systematic review,2023,Systematic review,user involvement (User-Centred Design) and design methods (application of ISO 9241-210),"The review identifies several research gaps: insufficient evidence that UCD implementation leads to innovation, improved access, wellbeing or satisfaction; inconsistent and shallow characterization of user needs and contexts, especially in early design and prototyping phases; poor reporting and lack of multidisciplinary design teams; and limited evaluation in real-world scenarios (external validity).","The paper highlights limitations in the existing literature: generally low methodological quality across studies with many failing MMAT criteria; poor sampling practices and small, non-representative samples in quantitative studies; weak, anecdotal reporting of user feedback and lack of rigorous qualitative reporting; and failure to characterize social, physical and infrastructural contexts affecting device use.","Recommendations: improve and standardize UCD implementation in AT projects and build stronger evidence linking UCD to outcomes; provide capacity building and planning for UCD within development teams and promote cross-disciplinary collaboration between engineering, social, clinical sciences and disability stakeholders; ensure meaningful user involvement throughout all design stages; adopt transdisciplinary teams to address methodological flaws and contextual needs.","The review notes conceptual debate: whether to use a strictly 'user-centred' approach (focus on product–user interaction) versus a 'person-centred' approach (broader context, meaning and agency) and finds most studies adopt the narrower user-centred trend. There is also discussion about the degree of multidisciplinary involvement—standards do not mandate breadth but the authors argue transdisciplinarity is needed to address complex contextual needs."
A Critical Narrative Review of Assistive Robotics and Call for a Systems and User-Centered Approaches to Enhance Quality of Life of Individuals with Disabilities,2024,Critical narrative review,"multiple (design methods, user involvement, accessibility)","The paper identifies gaps including a narrow focus in evaluations on usability and safety rather than broader systemic factors, limited reporting on how user feedback concretely influences design outcomes, and a lack of understanding about causes of low adoption/uptake of assistive robotics.","The paper highlights limitations such as unclear translation of user involvement into design changes (i.e., lack of documented impact of feedback), and limited real-world adoption despite technical development, suggesting gaps between lab research and practical implementation.","Recommendations include adopting a systems approach considering micro, meso and macro-level factors to improve uptake, and strengthening meaningful user-centered design practices with clearer documentation of how feedback influences design (supported implicitly by the critique of unclear impact of user involvement).","The paper notes a tension/contradiction: although the literature champions user involvement, empirical evidence does not consistently show that involvement leads to greater adoption — i.e., user involvement is necessary but not sufficient."
User Centered Design and User Participation in Inclusive R&D,2020,Session overview / literature discussion (discussion paper),user involvement; design methods; accessibility (multiple),"Identifies a need for improved and more rigorous UCD methodologies, including better guidelines, methods, techniques and tools for AT, eAccessibility and eInclusion; highlights that current state-of-the-art has gaps and problems summarized from five papers discussed in the session; calls for ongoing and intensified R&D on UCD to improve quality and usability.",Notes limitations in current practice: lack of standardized guidelines and robust methods/techniques/tools for UCD in AT and eAccessibility; presence of unspecified gaps and problems in the state-of-the-art literature summarized by the session.,"Recommends developing better guidelines, methods, techniques and tools for UCD in AT and eAccessibility; conducting ongoing, intensified R&D on UCD to enhance quality and usability; consolidating and providing centralized access to research through conference sessions and collections to support the field.",Not mentioned in source.
Assessing the implementation of user-centred design standards on assistive technology for persons with visual impairments: a systematic review,2023,Systematic review,"user involvement (User-Centred Design), design methods, accessibility, customization (multiple)","The review identifies several research gaps: inconsistent and shallow understanding of user needs, poor characterization and reporting of UCD application especially in early design and prototyping; insufficient evidence to assess UCD's impact on innovation, access, wellbeing, or satisfaction; emphasis on system requirements over context-of-use and user preferences, with limited real-world evaluation; poor citation and explicit use of ISO 9241-210 in most studies indicating lack of standardized application; and geographic gaps with almost all studies from high-income countries and none from low-income settings.","Major limitations across reviewed studies include generally low methodological quality with only four meeting all MMAT criteria; poor quantitative sampling practices—non-probability samples, unspecified selection criteria, and small sizes; superficial and anecdotal user feedback rather than systematic qualitative data collection; limited testing in real-world contexts; and lack of multidisciplinary teams limiting breadth of perspectives.","The paper recommends stronger, standardized implementation of UCD (ISO 9241-210) in AT development and better evidence on UCD outcomes; capacity building for development teams on UCD principles, improved planning for UCD execution, and cross-fertilization between engineering, social and clinical sciences; building multidisciplinary/transdisciplinary teams to include clinicians, rehabilitation professionals, social scientists and others to improve methods and outcomes; and ensuring meaningful user involvement throughout the design lifecycle rather than only at evaluation stages.","The review highlights some debates and contradictions: many studies claim to use UCD but rarely reference formal standards (ISO 9241-210), indicating a discrepancy between claimed and documented practice; there is a conceptual debate between 'user-centred' versus 'person-centred' approaches, with most studies following the narrower user-centred trend while fewer adopt a person-centred perspective that accounts for broader context and meaning; and justifications for limited real-world testing vary (preliminary research vs non-commercial aims), revealing inconsistent rationales that complicate assessing generalizability."
User Centered Design in Practice - Problems and Possibilities,1998,discussion paper / experience report,user involvement,Not mentioned in source.,Not mentioned in source.,Not mentioned in source.,Not mentioned in source.
The Design and Development of Assistive Technology,2017,Literature review / discussion paper,user involvement / design methods,Not mentioned in source.,Not mentioned in source.,Not mentioned in source.,Not mentioned in source.
"Supporting Healthy Aging through the Scale-Up, Spread, and Sustainability of Assistive Technology Implementation: A Rapid Realist Review of Participatory Co-Design for Assistive Technology with Older Adults",2021,Rapid realist review (theoretically-driven literature review),user involvement (participatory co-design) and design methods (implementation),"The review identifies gaps in detailed reporting of participatory co-design (PCD) processes, including insufficient description of engagement methods and barriers; lack of data on how diverse sub-populations of older adults participate in PCD (intersectional/heterogeneity gaps); unclear and inconsistent definition of PCD outcomes (what outcomes count); and absence of consensus on what constitutes fidelity to PCD methods, making evaluation difficult.","The paper highlights limitations including over-reliance on poorly specified PCD practices leading to weak methodological fidelity and mixed outcomes; literature-search limitations that may miss relevant interdisciplinary work; and systemic barriers to AT adoption such as poor fit-for-purpose designs, integration failures with care systems, and unfavourable regulatory/procurement contexts that hamper scale-up and sustainability.","Recommendations include rigorous evaluation of PCD processes tied to identified mechanisms with richer contextual data collection to explain outcome variability; restructuring power relations to enable genuine participation of older adults (ethical/political commitment); adopting collaborative action-research frameworks for sustained, iterative implementation cycles; and ensuring multi-stakeholder involvement across system levels to support scale-up and sustainability.","The paper notes debates between politically-oriented participatory approaches (democratization, empowerment) versus epistemological/functional uses of PCD focused on usability and adoption. It also reports inconsistent evidence on PCD effectiveness (mixed record) and disagreement about target outcomes for PCD efforts."
Maximizing the Benefits of Participatory Design for Human–Robot Interaction Research With Older Adults,2021,Targeted review (literature review of participatory design studies),user involvement (participatory design) and design methods,"The paper identifies gaps including: lack of consolidation/evidence on efficacy of specific PD methods since HRI PD with older adults is nascent; absence of systematic reviews/meta-analyses on mixed-method PD procedures and their efficacy/holistic understanding across diverse older adult needs; limited use of remote or alternative PD methods restricting participation of underserved groups (rural, disabled, transportation-limited).","The paper highlights limitations including: participant-related barriers (motor, sensory, cognitive impairments) that hinder engagement in PD activities; lack of standardized PD workshop configurations and sequencing leading to variability in methods; potential bias from unrealistic perceptions of robots due to media influence affecting responses in PD activities.","Recommendations: use mixed-method PD workshops incorporating phased activities (interviews, focus groups, presentations) as templates for future studies; pilot-test materials and adapt methods to accommodate motor/sensory/cognitive limitations; expand PD modalities to include remote/telephone/videoconference to reach underserved populations; involve human factors expertise to develop standardized PD frameworks and evaluate efficacy/efficiency of PD configurations.","No explicit contradictions in findings are presented; however, the paper notes variability and lack of standardization in PD methods which leads to debates about optimal configurations and sequencing of PD activities."
Framework for selecting assistive technology user-participation methods,2016,Discussion paper / Methodological framework (literature-based),user involvement,"The paper identifies a gap in guidance for matching participatory research methods to assistive technology development projects, noting a lack of clear criteria to select appropriate levels of user participation and limited evidence on how selection impacts project success and user engagement. It also highlights a gap in transferable case examples beyond niche market projects.","The paper highlights limitations including variability in participatory methods and uncertainty about choosing the right approach for different AT projects, which can undermine engagement and project outcomes.",Recommend using structured decision-making criteria—adapted from AT selection processes—to choose participatory methods and to document application across projects. The authors suggest testing and applying the framework in diverse settings to improve generalisability and to optimise user engagement.,Not mentioned in source.
From Participation to Play: Exploring the Role of Participatory Design in Post-Stroke Upper Limb Virtual Reality Telerehabilitation,2024,Narrative review,user involvement (participatory design) and design methods (VR telerehabilitation),"The review identifies insufficient and inconsistent reporting of participatory design processes, specifically ""insufficient descriptions of stakeholder roles and involvement"". It notes superficial descriptions of gamification and game-design elements ""lack depth"" <citations>1</citations], which prevents establishing connections between game design and patient outcomes ""These gaps hinder the establishment of a link between game design, user satisfaction and outcomes"" <citations>2</citations]. The paper also highlights terminological and definitional gaps, calling for ""clearer definitions of VR in clinical research"" <citations>3</citations].",The paper discusses limitations including subjectivity and lack of standardization in traditional rehabilitation approaches <citations>0</citations]. It emphasizes challenges in standardizing VR rehabilitation applications <citations>1</citations] and limited reporting on participatory design which constrains understanding of stakeholder involvement <citations>2</citations].,Recommendations include: thorough reporting of design processes to ensure patient-centered VR systems <citations>0</citations]; designing VR solutions aligned with end-user preferences and goals to promote agency and empowerment <citations>1</citations].,Not mentioned in source.
USERfit: User Centred Design in Assistive Technology,2001,Discussion paper / literature review,user involvement (with implications for design methods and customization),"Identifies a gap in incorporating contemporary user-centred design practices into assistive technology design, noting that assistive design has 'been left behind' compared to broader design evolution. Notes lack of methods to enable end-user contribution to development, and insufficient grounding of product construction in broad user needs rather than solely medical expert opinion.","Highlights limitations: over-emphasis on clinical/medical priorities in design that can overshadow broader user needs; design processes resemble craft-based, highly individualized modification practices rather than scalable design approaches; functional focus may neglect quality-of-life and technology acceptance aspects.","Recommends developing and adopting methods that enable end-user participation in assistive technology development, and broadening design evaluation to include quality-of-life and technology acceptance measures alongside clinical function.",Not mentioned in source.
Participatory Design in Gerontechnology: A Systematic Literature Review,2019,Systematic review,user involvement,"The review identifies a lack of evaluation regarding whether participatory design leads to improved acceptance or use of co-developed technologies, and highlights variability in methods with no consensus on which methods are appropriate in which contexts.","The paper highlights limitations including context-dependence of methods and inconsistent implementation of participatory design—variability in purpose, participant selection, timing, and modes of incorporation—leading to limited comparability across studies.",Recommend adopting comprehensive PD strategies that begin with user needs and include evaluation of whether applied methods improve outcomes (acceptance/use) of co-developed products.,Not mentioned in source.
USERfit – a framework for user centred design in assistive technology,1998,Discussion paper / literature overview,user involvement,Not mentioned in source.,Not mentioned in source.,Not mentioned in source.,Not mentioned in source.
"Design Approaches for Creating Person-Centered, Context Sensitive, and Sustainable Assistive Technology with the Global South",2021,Book chapter / literature review / critical discussion paper,multiple (design methods; customization; accessibility; user involvement),"The chapter identifies large access gaps to assistive technologies in LMICs, noting only 5-15% coverage; major design flaws that prevent technologies (especially ETAs) from reaching most visually impaired users; knowledge gaps on ICT penetration and affordability (smartphones/internet) in LMICs that undermine tech-based solutions; and a lack of evidence about which technologies work for which people in which contexts, indicating unmet needs for context-specific effectiveness research.","The chapter highlights multiple limitations: designs biased toward high-income contexts; high cost placing ETAs out of reach for most LMIC users; usability barriers including complexity and training requirements; ergonomic issues such as weight and discomfort; poor aesthetics leading to rejection by users; and broader socioeconomic/contextual mismatches (safety, infrastructure, taxation) that invalidate transferred technologies.","Recommendations include adopting person-centered, context-sensitive design approaches; meaningful, diverse user involvement and co-design from early phases; real-world testing in daily routines; inclusion of sustainable business/value-chain models to ensure scale and availability; using the capabilities approach as a theoretical framework to guide design priorities beyond bodily deficit; and North–South cooperation with careful re-contextualization rather than direct technology transfer.","The chapter notes tensions rather than strict contradictions: it acknowledges international policy progress (CRPD, Dubai Declaration) while arguing that practical outcomes lag; it debates transferability—some solutions may be mutually beneficial across North/South, others not, stressing re-contextualization rather than direct transfer; and it highlights a critical debate about dominant disability scholarship being Northern-centric and producing technologies that reinforce exclusion in the Global South."
Understanding the User Perception Gap: Older Adults and Sit-to-Stand Assistance,2023,User-centered empirical study with design-review elements (not a systematic review),user involvement; design methods; accessibility (multiple),"Identifies a lack of user-perspective studies for sit-to-stand (STS) device design and limited inclusion of older adults in prior exoskeleton research; highlights an unmet need for solutions for otherwise healthy seniors who struggle with STS; notes unexplored design-space aspects such as discreet, lightweight, flexible form factors preferred by users.","Highlights practical limitations of current STS devices (bulkiness, poor accessibility, stigma/unacceptability of exoskeletons) and research limitations including small, self-selected sample and imprecise self-report measures.","Recommend early and sustained user-centered/co-design methods, use of prototyping (look-and-feel, works-like, Wizard of Oz) to elicit latent needs, and measuring aesthetic/subjective metrics (look-and-feel) alongside functional metrics to improve adoption.","Documents a contradiction between objective mobility measures/expert ratings and older adults' self-perception of need: participants often underreport difficulty despite clinical indicators of fall risk, creating a tension between clinical assessment and user acceptance of assistive devices."
Clinical and Maker Perspectives on the Design of Assistive Technology with Rapid Prototyping Technologies,2016,Experience report / Discussion paper,design methods; accessibility; user involvement; customization (multiple),Not mentioned in source.,Not mentioned in source.,Not mentioned in source.,Not mentioned in source.
Stakeholder perspectives on research and development priorities for mobility assistive-technology: a literature review,2019,literature review,multiple,Not mentioned in source.,Not mentioned in source.,Not mentioned in source.,Not mentioned in source.
Training AAC users in user-centred design,2005,Discussion paper / Practice report (workshop-based literature discussion),user involvement,Identifies lack of UCD training for domain experts and end users; absence of evaluation evidence on workshop impact and on whether training changes design outcomes or developer behaviour; manufacturer-driven development limiting user-centred approaches; persistent under-use and abandonment of VOCAs indicating unmet user needs.,Highlights high abandonment and low uptake of AAC/VOCAs due to poor usability; limited early-stage user involvement in design processes (consultation mainly during evaluation); mismatch between device features and user needs meaning devices often fail to meet users' requirements.,"Advocates full involvement of users, families, and practitioners at all development stages; deliver UCD training to non-computing stakeholders as a practical intervention (workshop model presented); empower users to critically engage with design paradigms; calls for more mechanisms/opportunities to enable early-stage collaboration between users and developers and for evaluation of such interventions' impact.","Notes a tension: while there is increasing awareness and some movement towards UCD among developers, in practice user involvement often remains limited to later evaluation stages rather than early design collaboration, indicating incomplete adoption and a debate about how and when to involve users."
User-centered design to develop clinical applications. Literature review,2015,literature review,user involvement,Not mentioned in source.,Not mentioned in source.,Not mentioned in source.,Not mentioned in source.
User involvement in the early development of assistive technology devices,2011,Discussion paper / literature review (case-based evaluation),user involvement,"Identifies need for more research into refining and evaluating user-involvement methods within Healthcare Technology Cooperatives and device development, including systematic study of which methods work for which participant groups and contexts. Notes a broader gap in technology transfer from research/industry into clinical practice and patients, implying unmet needs in translational pathways.",Highlights methodological and practical limitations: challenges recruiting representative stakeholders and accessibility barriers for participants with disabilities; limitations of specific methods (surveys constrained by question design; interviews resource-intensive and reliant on proxies); and high resource/time costs for workshops and design activities.,"Recommend tailoring method to participant needs and project stage, developing an overall strategy for timely user involvement. Practical suggestions include recruiting confident representatives, using pre-recorded user inputs to aid workshops, and involving users selectively during workshops to balance participation and productivity.","Reports tensions and mixed findings about including end users directly in creative design workshops: inclusion may slow pace and reduce idea generation while improving relevance; conversely, exclusion can speed ideation but risks losing user perspective. Also notes that interviews relying on carers as interpreters may bias results, indicating debate over authenticity of user voice."
User Centered Design Methods and Their Application in Older Adult Community,2016,Literature review,user involvement,"The review identifies limited use of certain UCD instruments in device development (e.g., Cultural Probe, Think Aloud, Paper Prototyping), absence of any single superior method for gathering requirements from older adults, and an unmet need for development of new design approaches tailored to older adults.","The paper highlights that all UCD methods have limitations when applied with older adults, due to older adults' unique characteristics such as acquired disabilities, novice technology use, and life-experience biases that affect testing and data collection. It also notes that UCD methods are frequently used for assessing illness and daily living rather than directly informing device development, limiting their applicability to design outcomes.",The authors recommend developing a new design-method approach specifically to accommodate older adults in technology/device development.,"The paper notes a lack of consensus on a superior UCD method for older adults, indicating debate or contradictory evidence regarding the comparative effectiveness of different UCD instruments."
Participatory and Inclusive Design Models from the Perspective of Universal Design for Children with Autism: A Systematic Review,2024,Systematic review,user involvement; design methods; customization (adaptive/universal design); accessibility (multiple),"The review identifies multiple research gaps: limited quantity of high-quality studies meeting inclusion criteria, necessitating an expanded timeframe; widespread lack of adaptive methods in research (58.82% without adaptive methods); poor reporting or absence of methods to identify children's interests, skills, and needs (majority do not clarify profiling); frequent absence of direct child participation in design stages (some studies used proxies only); scarcity of adaptive tools tailored to autism diversity (only 14 tools reported); and limited conceptual clarity/consistency in terminology and keyword grouping across studies affecting synthesis.",The paper highlights several limitations in current practice: prevalent omission of adaptive methods in studies (limiting applicability to diverse autism profiles); poor user profiling and scarce reporting of participant characteristics (only six studies detailed user profiles); challenges and ethical/practical difficulties in directly involving children with autism leading to reliance on proxies; concentration of work on communication (23/34) potentially leaving social and learning needs less addressed; and a general risk that rapidly evolving computational tools are not designed with accessibility/universal design in mind.,"Recommendations include: develop adaptive hardware and software following inclusive and universal design principles; ensure active, sustained participation of children with autism in PD across all R&D stages rather than relying on proxies; use blended/mixed methods (merging techniques) and involve health professionals, educators, and parents to capture diverse insights and adapt designs to individual profiles; improve user profiling and reporting to better tailor interventions and evaluations.",The paper notes tensions rather than explicit empirical contradictions: some studies rely on designer-led approaches without stakeholder involvement while PD proponents argue for transformative benefits of participatory approaches. There is debate over feasibility of direct participation (practical/ethical barriers) versus the necessity of direct involvement to achieve inclusive outcomes; this creates a split in methods (proxy-based vs. direct PD) and uneven adoption of adaptive methods.
Investigation of methods for the design of assistive device : UCD and medical tools,2010,Literature review / case-study analysis,design methods,"The paper identifies a scarcity of publications focused specifically on assistive device design methods, a lack of reporting on why particular design methods were chosen and evidence of their impact, and an unexplored opportunity to integrate methods from other disciplines (ergonomics, medicine, psychology) which are rarely used despite their relevance.","The paper highlights that while UCD tools are widely used, there is limited analysis of their benefits versus weaknesses across case studies, and the literature often fails to report how method choices influence outcomes, limiting understanding of method effectiveness.","The paper recommends better documentation and classification of design methods (as initiated by their summary table) to enable comparison, continued use and evaluation of UCD approaches given their perceived usefulness, and greater integration of interdisciplinary tools (ergonomics, medical assessments, psychological experimental designs) into assistive device design practice.","The paper does not report explicit contradictions in the literature but notes a tension: widespread endorsement of UCD's value versus scarce use of other potentially relevant interdisciplinary methods, indicating a debate or gap in methodological breadth rather than direct conflicting findings."
A Systematic Literature Review on UCD4D Studies,2022,Systematic literature review,user involvement (user-centred design) / design methods,Not mentioned in source.,Not mentioned in source.,Not mentioned in source.,Not mentioned in source.
iCare - a user centric approach to the development of assistive devices for the blind and visually impaired,2003,Discussion paper / project report,user involvement,Not mentioned in source.,Not mentioned in source.,Not mentioned in source.,Not mentioned in source.
Design and use of devices to assist movement of the upper limb: review of the literature,2025,systematic review (PRISMA),"multiple (design methods, customization, accessibility, user involvement)",Not mentioned in source.,Not mentioned in source.,Not mentioned in source.,Not mentioned in source.
Human-Centred Design (HCD) in Enhancing Dementia Care Through Assistive Technologies: A Scoping Review,2025,Scoping review,design methods; user involvement; customization (personalisation); accessibility (inclusion),"The review identifies several research gaps: lack of a standardised HCD framework for healthcare, inconsistent stakeholder involvement with only ~1/3 of studies reporting iterative user-participation cycles; limited evidence on real-world effectiveness, sustainability, and long-term outcomes of assistive technologies; and poor inclusion of underrepresented populations such as rural, Indigenous, and ethnically diverse users.","Key limitations noted include terminological ambiguity across HCD-related terms, ethical and consent challenges that push reliance on proxies rather than direct involvement of people with dementia, small convenience samples and self-reported measures reducing generalisability and introducing bias, and a predominance of short-term/cross-sectional studies with scarce longitudinal data.","Recommendations include embedding people with dementia and carers throughout design, prioritising longitudinal, ecological, and mixed-methods evaluations to assess real-world impact, adopting and transparently reporting standardised HCD frameworks (e.g., ISO 9241-210, Double Diamond) and clear documentation of stakeholder roles and iterations to improve methodological consistency, and expanding inclusion to underrepresented populations to promote equity.","The paper highlights debates rather than direct contradictions: variability exists between studies that claim to use formal HCD frameworks and those that do not apply them consistently, creating tensions in assessing efficacy and transferability. There is an ongoing debate about balancing rapid technological innovation (e.g., AR, robotics, AI) with meaningful stakeholder inclusion, where cutting-edge developments are sometimes pursued without adequate user involvement, raising concerns about accessibility and relevance."
PARTICIPAÇÃO DO USUÁRIO EM PROJETOS ABERTOS DE TECNOLOGIA ASSISTIVA,2021,Systematic literature review,user involvement (open/co-design) and design methods (open design),"The paper identifies gaps around insufficient research on genuine user involvement in assistive technology (AT) open-design processes, including a need to document complex organizational situations and training/immersion impacts. It also highlights a gap in including AT users in dissemination and fabrication workflows (not just sharing files).","The paper highlights limitations including digital access and navigation barriers (device costs, training, need for mediation), limited technical skills among grassroots makers (programming/electronics, cost, physical/cognitive barriers), restrictive traditional UCD stages where users lack decision power and outputs remain closed/not openly licensed.","Recommendations include developing tools and social-media-based platforms that adapt to users' skills to increase engagement, building online support communities and user-friendly, less specialized software and increasing availability of free/open-source packages, and addressing technological barriers and tailoring online communication to AT user profiles.",The paper notes a tension/contradiction between open-innovation practices that remain influenced by industrial secrecy and profit motives and the ideals of open design; it contrasts innovation-open processes (profit-driven/secretive) with participatory design as closer to open-design ideals.
Towards a participatory development technique of assistive technology for mobility and speech impaired patients,2011,Literature review / discussion paper,user involvement; customization,Not mentioned in source.,Not mentioned in source.,Not mentioned in source.,Not mentioned in source.
Adaptive and User-Centered HCI for Intelligent Technologies: A Global Perspective,2024,Narrative review (systematic search described),"multiple (design methods, accessibility, user involvement)","The review identifies several research gaps: limited attention to accessibility and inclusive design for vulnerable populations; a shortage of longitudinal studies tracking long-term user interaction and adaptation to intelligent systems; insufficient mixed-methods studies combining qualitative and quantitative insights; lack of diverse, global study populations with overrepresentation of technologically literate, high-income participants; and underrepresentation of users with disabilities and older adults in design trials.","Key limitations highlighted include limited generalizability and transparency of intelligent systems; predominance of short-term evaluations rather than long-term studies, limiting understanding of user adaptation; biased samples reducing applicability across cultural and socio-economic contexts; and influence of systemic barriers such as regulatory frameworks, digital literacy, and funding constraints on implementation and research scope.","Recommendations include conducting longitudinal, cross-cultural, and inclusive studies to address gaps in long-term use and diversity; using mixed-methods integrative approaches combining qualitative and quantitative data and institutionalizing user-centered design practices; strengthening digital literacy education and accessibility policies; and establishing participatory design labs and co-creation platforms to maintain ongoing user engagement.","The paper notes debates around user trust and anthropomorphism of intelligent agents, where anthropomorphism can create cognitive biases and misplaced trust, prompting calls for greater transparency and explainability. It also highlights methodological debate favoring mixed-methods over single-method approaches to better capture complex user experiences."
"User-driven product development: Designed by, not designed for",2023,Discussion / Case study / Program description (not a systematic review),"user involvement (user-driven design), customization, design methods","The paper identifies gaps in user-centered knowledge among manufacturers and a resulting mismatch between device design and user needs, high abandonment rates of assistive devices indicating unmet long-term adoption issues, insufficient end-user calibration of technologies, and limited customization/personalization for certain user groups (e.g., lack of 3D-printed glove solutions for people with quadriplegia).","The paper highlights limitations including poor fit, high costs, stigma, and environmental barriers affecting usability and adoption; specific technical limitations in current HPML solutions (lack of adaptations for quadriplegia in gloves and masks); and practical limitations such as heavy weight of prototypes (aisle chair, PURE) that impede transport and use and may risk injury.","Recommendations include developing new methods for obtaining measurements and CAD models for users with severe impairment (e.g., moldable clay scans for quadriplegia); improving device metrics capture (cadence/power) for training equipment; designing assistive PPE usable with sip-and-puff interfaces; researching lighter durable materials to reduce device weight; and adopting the HPML empathic, user-driven lab model broadly by establishing similar innovation laboratories.","The paper notes a debate or tension where co-participatory and empathic design methods have been successful in specific projects, yet their generalizability is questioned because infrastructure constraints and narrow project scopes limit broader translation of these methods."
A RAPID REALISTIC REVIEW TO INFORM AN IMPLEMENTATION PROJECT; ASSISTIVE TECHNOLOGIES WITH CO-DESIGN AND OLDER ADULTS,2022,Rapid realist review,user involvement,Not mentioned in source.,Not mentioned in source.,Not mentioned in source.,Not mentioned in source.
GENERATIVE DESIGN AND ADDITIVE MANUFACTURING IN ASSISTIVE DEVICES: EDUCATIONAL STRATEGIES FOR HUMAN-CENTRED SOLUTIONS,2025,Case-based literature & discussion paper,design methods; customization; user involvement; education (multiple),"The paper identifies substantial educational gaps: lack of curricular exposure to Generative Design (GD) and Additive Manufacturing (AM) and multi-stakeholder collaboration; missing instruction in co-design practice, Product–Service System (PSS) thinking, and feedback-driven/adaptive design; insufficient integration of real-time sensor-feedback/data-driven design cycles into teaching; and absence of frameworks for engaging non-technical stakeholders in curricula.","The paper highlights limitations in current practice: traditional methods produce costly, slow, and poorly adapted devices; challenges in AM manufacturability including material selection, orientation, and post-processing for medical-grade parts; limited student access to advanced tools (topology optimisation, simulation-led workflows); and lack of interdisciplinary engagement restricting usable, accepted device outcomes.","Recommendations focus on education reform: integrate GD, AM and stakeholder collaboration into project-based, interdisciplinary curricula; adopt project-based modules with evolving briefs and simulation/digital twin exercises; embed co-creation simulation environments and stakeholder-engaged capstone projects; and pursue research on scalable implementations and AI-driven tools for lifelong adaptive devices.","The paper does not report explicit contradictions in the literature. It contrasts paradigms: stakeholder-driven, emotion-focused design (DIGICLAP) versus data-driven lifecycle adaptability (PREMIER), framing them as complementary rather than conflicting. No debates or conflicting empirical findings are identified; instead the paper synthesises these approaches to argue for integrated curricula."
“Nothing About Us Without Us”: Put the user at the center of assistive technology design,2022,Discussion paper / commentary,user involvement,"The paper identifies a gap in incorporating lived user experience into prosthetic design, noting that much bionic-hand development proceeds without user input. It also highlights that user-centered design practices are not widespread in prosthetics compared to other fields, and points to a sparse literature linking user-centered design and prostheses (only five papers found in a database search).","The paper criticizes overemphasis on high-tech prosthetic solutions designed by engineers without sufficient user input, suggesting these may prioritize technological complexity over practical effectiveness for users. It contrasts this with low-tech options (e.g., split hook) that may better meet user needs.","Recommendations focus on involving disabled people directly in design and reporting processes, exemplified by launching a fellowship to cultivate disabled technology journalists and involving people with disabilities in program design.","The paper highlights a debate between high-tech (bionic) prosthetic development and low-tech solutions, suggesting conflicting perspectives on what constitutes effective prosthetic design."
Challenges and Opportunities of the Human-Centered Design Approach: Case Study Development of an Assistive Device for the Navigation of Persons With Visual Impairment,2025,Discussion paper / Case study with literature review (action research) focused on HCD implementation in AT,user involvement (human-centered design) and accessibility; also touches on design methods and customization (multiple),"The paper identifies limited application and understanding of ISO 9241-210 HCD in AT development; a shortage of representative datasets for diverse obstacles encountered by people with visual impairment which limits obstacle-avoidance performance; large global access gaps to assistive products (only 1 in 10 have access) indicating unmet needs in accessibility and distribution; a gap between prototype development and market/regulatory translation with most devices stuck in labs and lacking local manufacturing/regulatory pathways; and that ISO standards lack technical specificity for mechatronic/hardware-software AT systems, leaving a standards gap for implementation.","The paper highlights procedural and legislative barriers limiting HCD implementation, notably ethics committees demanding finalized protocols that prevent early user engagement and force design decisions before user input. Technical limitations include predominant focus on low-level obstacle detection in existing systems (insufficient head-level/high-obstacle detection), and reliance on internet/GPS which is impractical in LMIC contexts. User-centered limitations include risks of overreliance on technology and social risks (visibility leading to theft/stigma) affecting adoption.","Recommendations include aligning research methodologies with hardware/software practice and integrating legislative frameworks to enable meaningful HCD implementation and improve AT accessibility; conducting studies to clarify legal/ethical frameworks to permit safer and earlier user involvement; adopt sustained end-user collaboration, iterative design, and multidisciplinary teams; and design devices that operate locally without constant internet/GPS dependency to suit LMIC contexts.","The paper highlights debates around what constitutes genuine HCD practice: many projects claim HCD based on minimal or informal user contact, a practice framed as unethical by the authors. There is also tension between high-level usability standards (ISO 9241-210) and the need for detailed technical standards for mechatronic AT systems, indicating a debate about sufficiency of existing standards."
Inclusion of Seniors in the Design of Assistive Technology,2015,Literature review / discussion paper,user involvement (participatory design),The paper identifies a gap in research emphasis: many studies focus on older adults' attitudes and pre-implementation adoption strategies rather than on post-implementation suitability and sustained use. It also highlights a broader gap between designers' assumptions and seniors' real needs that could be addressed by involving elders throughout the design process.,"The paper highlights limitations including a mismatch between developers' concepts and consumer needs leading to rejection or misuse of devices, and insufficient attention to post-implementation usability and real-world satisfaction (e.g., privacy, ease-of-use vs. long-term usability).","The paper recommends involving older adults in co-design/participatory design across the design continuum to produce more meaningful, usable devices.","The paper discusses tension between designers' visions and users' preferences, illustrated by case studies where designers' high-tech solutions were rejected in favor of simpler, user-preferred options. This highlights a debate over technology-driven versus user-driven design approaches and the need to privilege user input."
"Artificial Intelligence in Prosthetics and Orthotics: Challenges, Opportunities and Clinical Implications",2025,Literature review / Discussion paper,"Multiple (design methods, customization, accessibility, user involvement)","The paper identifies major data and generalizability gaps: limited large, high-quality amputee datasets and the absence of global databases, which constrain algorithm generalization and cause variability of performance across users. It also highlights a lack of standardized clinical validation protocols for AI devices.","The paper highlights technical, clinical, and socio-economic limitations: high computational/energy requirements conflicting with wearable constraints, sensor reliability issues causing misclassification, lack of interpretability in black-box models affecting clinical trust, and high costs limiting accessibility especially in low-resource settings.","Recommendations include pursuing clinically scalable and affordable AI systems, developing low-cost solutions for LMIC contexts, leveraging cloud and edge computing for real-time processing and telehealth, and focusing research on clinical validation and translation from lab to practice.",The paper notes tensions between promising laboratory results and inconsistent real-world performance: high reported accuracy in controlled studies contrasts with struggles to generalize and variability in uncontrolled environments. This reflects a debate about readiness for clinical deployment versus experimental performance.
Overcoming Challenges and Innovations in Orthopedic Prosthesis Design: An Interdisciplinary Perspective,2023,literature review/discussion paper,multiple,Not mentioned in source.,Not mentioned in source.,Not mentioned in source.,Not mentioned in source.
"Review of Robotic Prostheses Manufactured with 3D Printing: Advances, Challenges, and Future Perspectives",2025,Literature review (narrative review),Customization and accessibility (with design methods and integration of technologies),"Identified gaps include the need for standardization and regulatory frameworks to ensure safety and quality; material optimization and durability research for 3D-printed materials that can withstand prolonged use; scalable, affordable integration of advanced features (adaptive/customized adjustment systems, sensors, AI, BCIs) which are currently expensive or immature; infrastructural and access gaps in low-resource settings limiting deployment despite lower printing costs. ","Limitations highlighted: economic and infrastructure barriers from high-quality printer and material costs; technical limitations of printing methods (e.g., FDM surface quality/accuracy requiring post-processing); functional/control limitations of current myoelectric and sensor systems (accuracy, sensitivity, latency); poor long-term fit/dynamic fit issues as user bodies change over time. ","Recommendations: develop international standards and regulatory frameworks for 3D-printed prosthetics; invest in materials research and multi-material/4D printing to improve durability, biocompatibility, and adaptive function; foster public–private and international collaboration to expand infrastructure and reduce costs in low-resource settings; pursue research on adaptive/dynamic prostheses and integration with AI and BCIs while ensuring affordability. ","The paper notes a tension: 3D printing democratizes access and lowers costs (e.g., e-NABLE initiatives) but real-world access remains constrained by infrastructure, certification, and regulatory differences across countries; thus claims of democratization are conditional and not universally realized. "
Prosthetic devices: Challenges and implications of robotic implants and biological interfaces,2007,literature review / discussion paper,"multiple (design methods, biological interfaces, customization, user needs)","Identifies gaps in meeting 'ideal' prosthetic requirements (control, comfort, cosmetics); insufficient understanding of biological interfaces and pathophysiological changes at implant sites needed for biocompatible designs; interdisciplinary integration between robotics, biomaterials, tissue engineering, and biomedical sciences is lacking.","Highlights limitations including inability to achieve easy control, comfort, and cosmetic acceptability simultaneously; tissue inflammatory responses at implant interfaces that degrade sensor signal transmission; insufficient consideration of biological interface interactions in design.","Recommends advancing understanding of pathophysiological changes at biological interfaces to inform biocompatible designs; advocates interdisciplinary, holistic collaboration among biomedical, tissue, and biomaterials engineers and scientists to achieve ideal prosthetic designs.",Not mentioned in source.
Adaptation Strategies for Personalized Gait Neuroprosthetics,2021,Perspective / Review (perspective paper summarizing mini-symposium),"multiple (design methods, customization, user involvement, computing architecture/accessibility)","The paper identifies several research gaps: current personalization methods are inadequate and time-consuming (trial-and-error) and do not handle large between- and within-individual variability; neuromusculoskeletal and predictive simulations are insufficiently accurate for individualized paralysis modeling; embedded/on-chip online learning for personalization is lacking; hardware challenges for low-energy real-time computing (e.g., ReRAM integration, variability, multi-bit storage) are unresolved.","Key limitations highlighted include: lack of experimental validation for simulations and inability of simulations to capture temporal variability in muscle responses; neural decoding methods (e.g., motor unit decomposition) are constrained by computational demands and limited to certain contraction types, impeding real-time use; embedded AI currently only supports offline training (no on-chip learning) limiting personalization and adaptability; ReRAM hardware has device variability, endurance and read/write trade-offs that limit reliability for continuous neuroprosthetic use.","Recommendations include: develop automated expert systems and adaptive algorithms for personalization and reduced trial-and-error; extend and validate subject-specific neuromusculoskeletal simulations using experimental data and include paralysis constraints and assistive devices in models; develop advanced algorithms for automated brain-state detection, self-adapting neurofeedback and hybrid interfaces; pursue low-energy embedded AI via in-memory processing and ReRAM, while addressing hardware variability issues; foster interdisciplinary collaboration across engineering, materials, biomechanics and clinical fields.","The paper notes debates and evolving perspectives: some evidence suggests CNS-level stimulation is necessary for motor recovery, while peripheral myoelectric approaches provide alternative, less-invasive control but may be limited by interference and may not drive recovery. Emerging work explores hybrid multi-level interfaces (brain+spinal cord or brain+periphery) as a possible resolution to this debate."
"Evaluating Effectiveness, Safety, and Patient Outcomes of 3D Printing in Orthopedic Implant Design and Customization: A PRISMA-Complaint Systematic Review",2025,Systematic review and meta-analysis,customization (3D-printed implants),"Identifies need for long-term follow-up studies on safety and durability of 3D-printed implants. Highlights economic and production barriers—high costs and need to streamline manufacturing—to improve accessibility. ",Highlights limitations including high costs and uncertainty about long-term durability and performance of 3D-printed implants. Also indicates evidence is based on studies reporting short- to mid-term outcomes (implied by call for long-term follow-up) and variability in measured parameters across studies.,Recommends conducting long-term follow-up studies on safety and durability and research/efforts to reduce production costs and streamline manufacturing to improve accessibility and adoption.,Not mentioned in source.
A review on the use of additive manufacturing to produce lower limb orthoses,2019,literature review,"customization, design methods, materials (multiple)","The review identifies limited technological maturity and exploration of AM techniques for orthoses (only vat photo-polymerisation, powder bed fusion and material extrusion have been explored), constraints on machine build volume preventing single-piece printing of large devices such as exoskeletons, and challenges in producing active exoskeletons including embedding sensors/actuators during fabrication. It also highlights that technological limitations constrained mass customisation and personalisation historically.","Limitations include high data-processing demands and costly imaging/software for digital modelling, material cost and suitability issues (vat photopolymerisation expensive; extrusion affordable but polymer-limited), inability of conventional manufacturing to produce fully customised intricate features, and increased labour/time/cost when multi-part printing and assembly are required due to machine size limits.","Recommendations focus on developing integrated mass-personalisation workflows addressing design, computational modelling/optimisation, and production; adopting design-for-additive-manufacturing practices that consider technique-specific constraints; and pursuing multi-material and embedded-sensor approaches to enable active functionality (embedding sensors/actuators).","The paper reports generally consistent findings that additive-manufactured orthoses can match the clinical performance of conventionally produced devices in small studies, but it also implies limited scale of evidence (single-subject or small cohorts) and material/technique variability, suggesting possible variability in outcomes across studies rather than direct contradictions."
3D Printing in the Creation of Orthopedic Prostheses and Orthoses,2025,Systematic review,customization,The review identifies multiple research gaps: lack of standardized protocols and regulations for 3D printed orthopedic devices; insufficient long-term clinical outcome data and validation studies to confirm durability and long-term integration of 3D printed implants and orthoses; technical barriers and variability in materials and production methods that impede wider clinical adoption.,"The paper highlights these limitations: insufficient mechanical strength of many bio-printed materials compared to native bone; materials and composites often require combinations to achieve necessary structural support, complicating design and production; lack of standardization and technical barriers in manufacturing and clinical workflows.",Recommendations include developing standardized protocols and procedures for 3D printing in orthopedics; conducting long-term clinical studies and randomized trials to validate outcomes and durability; further material research to improve mechanical properties and regenerative capacity of bio-inks.,"The paper notes tensions between the promise of bio-printed/synthetic materials to increase availability and regenerative potential, and concerns about their current limitations such as poor osseointegration or immune responses observed with artificial materials."
3D printing of maxillofacial prosthesis materials: Challenges and opportunities,2023,Review article / literature review,customization; design methods; additive manufacturing (prosthesis materials),"Identifies immaturity of 3D printing for prosthesis materials, including limited compatible materials, printability problems, defects, and low mechanical strength in printed parts; also highlights high cost of manufacturing interfaces and software as a barrier to adoption.","Highlights technical limitations: scarcity of suitable printable prosthetic materials, printability challenges causing defects, and low mechanical strength of printed components; positions the field as early-stage with attendant reliability and scalability concerns.","Calls for further research and development in additive manufacturing for prosthetic materials, focusing on material development, process reliability, and scalability to achieve successful implementation and enable large-scale biomedical applications and scalable customization.",Not mentioned in source.
A scoping review of digital fabrication techniques applied to prosthetics and orthotics: Part 1 of 2—Prosthetics,2024,Scoping literature review,design methods; customization; accessibility; multiple,"The review identifies several research gaps: lack of long-term, larger-scale studies on digital fabrication in prosthetics; insufficient research into training requirements and rectification processes for these technologies; and high variance in production workflows and materials that prevents drawing generalizable conclusions. The review also frames these as barriers to evidence-based decision-making and uptake by clinical teams.","The paper highlights key limitations: paucity of long-term and large-scale studies limiting evidence strength; lack of investigation into training and rectification processes for clinical implementation; and heterogeneity in production workflows and materials that obstructs comparability and consensus. These collectively hinder evidence-based decision-making for clinicians, developers, and policymakers.","The review recommends increased collaboration between academia, industry, and clinical teams across the pathway to market to address identified gaps and support evidence-based uptake.",Not mentioned in source.
A Systematic Review of Individualized Heart Surgery with a Personalized Prosthesis,2023,Systematic review,customization (personalization) and design methods; also touches accessibility/user involvement minimally — multiple,"Sparse and preliminary evidence base for personalized cardiovascular prostheses, with few published studies and heterogeneous small samples; absence of commercially available individualized devices despite clinical need; no consensus on optimal imaging modality for planning personalization (CT vs echocardiography vs TEE/3D-TEE); lack of randomized clinical trials and large-scale clinical studies to establish safety/efficacy; limited use of large animal models reducing translational evidence.","Limitations include reliance on preliminary/experimental data with limited reproducibility; high heterogeneity in procedures and inclusion criteria across studies, limiting comparability; current commercial prostheses limited to few predefined sizes causing patient-prosthesis mismatch (PPM); limited material/technology use (no 3D bioprinting) and varied device designs hindering standardization; widespread use of in silico modelling (FEA) but variability in modeling and validation approaches.","Calls for more randomized controlled trials and large-scale clinical studies to establish safety and effectiveness of personalized prostheses; conduct comparative studies on personalized devices across specific cardiovascular procedures (e.g., valve types); broaden systematic reviews to other cardiovascular areas and surgical subspecialties to build evidence synthesis across fields; standardize/improve imaging protocols (possibly combining CT and echocardiography modalities) to create richer preoperative datasets for personalization.","Debate exists around the optimal imaging modality for planning personalized prostheses (CT vs echocardiography/TEE/3D-TEE) with no consensus. There is tension between the prevailing one-size-fits-all commercial practice and the advocated personalized approach, highlighting a gap between clinical practice and emerging research directions."
"Individualized 3D Printed Orthopaedic and Prosthetic Devices Using AutoMedPrint Technology 

	6 Methodologies and Examples",2024,Literature review / discussion paper,Customization; design methods; accessibility; user involvement (multiple),"The paper identifies low sample sizes and insufficient patient numbers limiting validation of full automation, regulatory hurdles and the need to meet standards like FDA/EMA which impede clinical integration, a lack of standardized design and production protocols affecting adoption and consistent outcomes, unmet needs for devices that are simultaneously customizable, strong, aesthetic and economical, and gaps in QMS and PLM to ensure regulatory compliance and lifecycle management.","Limitations include reliance on operator-controlled scanning stations limiting direct patient control/access, uniqueness of the lifecycle meaning existing literature offers limited guidance for evaluation and implementation, and that the system remains a prototype with limited clinical validation despite promising cost-effectiveness and rapid production claims.","Recommendations include developing automated modeling frameworks to cut costs and time, pursuing material science and manufacturing advances to improve robustness and functionality, conducting further clinical studies and completing QMS/PLM development until ready for clinical implementation, and engaging industry partners to scale automated production for wider adoption.","The paper presents a tension between claiming that the transition to automated 3D-based manufacturing is nearly complete given mature building-block technologies, and acknowledging persistent challenges to clinical integration such as regulation and standardization. This reflects a debate about maturity versus readiness for large-scale clinical adoption."
Additive manufacturing of customized lower limb orthoses – A review,2018,systematic literature review,customization; additive manufacturing (design methods),"The paper identifies research gaps in the high cost of 3D digitizing and additive manufacturing processes used for customized lower limb orthoses, and a need for research into low-cost 3D digitizing and 3D printing technologies for orthoses development.",The review highlights the limitation of current AM-based orthoses workflows related to the cost of 3D digitizing and additive manufacturing processes.,The authors recommend further research into applying low-cost 3D digitizing and 3D printing technologies for developing lower limb orthoses.,Not mentioned in source.
Design Optimization in Lower Limb Prostheses: A Review,2019,Literature review,"design methods, customization, user involvement (multiple)","This review identifies gaps in (1) inconsistent realization of hypothesized biomechanical/clinical outcomes from current prosthesis designs, (2) limited solution space caused by anthropomorphic design focus that ignores altered post-amputation anatomy, (3) under-exploration of how prosthetic joint behavior affects whole-body gait and user experience, and (4) lack of integration between experimental parameterization and model-based simulations to improve real-world performance.","Limitations highlighted include: narrow design approaches centered on anthropomorphism that fail to consider altered anatomy, lack of consistent biomechanical/clinical benefits from current designs, and difficulty translating experimental and simulation advances into improved real-world performance.","Recommendations are: incorporate predictive tools for user performance metrics into early design optimization, and pursue two research paths—experimental parameterization of designs and model-based simulations—to better predict user outcomes and guide design.","The paper notes inconsistent findings in biomechanical analyses, indicating contradictory or non-uniform evidence about whether design hypotheses lead to the expected outcomes."
Ankle and Foot Arthroplasty and Prosthesis: A Review on the Current and Upcoming State of Designs and Manufacturing,2023,Literature review (narrative review),"multiple (design methods, customization, manufacturing/additive manufacturing, user outcomes)","Identified gaps include concerns about the structural and material integrity of AM prosthetics; lack of long-term follow-up and data on durability and functional outcomes for custom AM talus/ankle implants; economic and logistical barriers to adopting AM at scale, including costs and supply-chain/production location decisions; and insufficient research on multi-material AM, automation, and standardized post-processing methods for prosthesis manufacturing.",Limitations highlighted include implant malpositioning causing loosening and altered contact pressures; material failures such as polyethylene deformation and need for large bone resection in early designs; heterogeneity in AM processes and lack of standardized manufacturing/post-processing preventing reliable cost comparisons and possibly affecting device performance; and device bulk/weight and ergonomics affecting user acceptance despite functional benefits.,Recommendations include using patient-specific imaging and 3D-printed bone models to improve surgical planning and implant placement; accelerating prosthesis design workflows to reduce manufacturing lead times for custom AM implants; research and development of multi-material AM and automation of AM processes to improve manufacturability and material performance; and integrating AI and human-in-the-loop optimization for personalized exoskeleton tuning and performance improvement.,"Debates identified include whether neural (myoelectric) control or mechanically intrinsic (time-based/heuristic) control is superior for powered exoskeletons—evidence shows differences in muscle recruitment but no metabolic cost differences, and further research is needed. Another area with comparative findings is prosthetic foot types: ESAR feet outperform SACH in energy return and walking speed but device choice depends on activity level and user needs."
Biotechnology and 3D printing in transforming prosthetic limb manufacturing for personalised healthcare,2025,Narrative review / Literature review,"customization, accessibility, design methods, and ethical/regulatory aspects (multiple)","The review identifies gaps in integrated socio-technical research, specifically that literature often treats technical and clinical/social outcomes separately. It highlights unmet needs in material science and durability research, and the need for AI and automation research to support scalable customisation. The paper also notes gaps in regulatory harmonisation and standardised clinical/market adoption data, citing lack of global adoption statistics and regulatory uncertainty as key gaps.","The paper discusses limitations in current practice including high costs and labour intensity of traditional production methods, material limitations affecting durability and quality (raw material selection), and regulatory and standardisation barriers that impede safe implementation and access (insurance, classification, surveillance).","Recommendations include targeted material science research and development, creation of harmonised regulatory guidelines and clinical trial frameworks for additive manufacturing, and integration of ethical frameworks into development pipelines. The authors also call for interdisciplinary collaboration between academia, industry, and policymakers to implement these changes.","The paper identifies a debate or fragmentation in the literature where technical research and clinical/social outcome studies are siloed and not sufficiently integrated, but does not document direct empirical contradictions in results."
A REVIEW ON PROSTHETICS AND ORTHOTICS FOR AMPUTEES AND DISABLED,2020,literature review / case study review,"multiple (design methods, customization, accessibility, user involvement)",Not mentioned in source.,Not mentioned in source.,Not mentioned in source.,Not mentioned in source.
A review of parameters affecting success of lower-limb prosthetic socket and liners and implementation of 3D printing technologies,2022,literature review,multiple,Not mentioned in source.,Not mentioned in source.,Not mentioned in source.,Not mentioned in source.
The Role of 3D Printing in Customizing Dental Prosthetics and Orthodontic Appliances,2024,Literature review,customization,"Identifies material limitations (strength, color stability, long-term durability), regulatory hurdles and lagging frameworks for patient-specific devices, technical constraints such as printer resolution and post-processing burdens, and adoption barriers in smaller or low-resource clinics limiting access and implementation. Also highlights need for research into new biocompatible materials, AI-driven design optimization, and sustainability/waste reduction.","Highlights material durability and biocompatibility issues in oral environment, stringent regulatory requirements and classification challenges for patient-specific devices, and technical limitations including printer resolution, lengthy print and post-processing times, and post-processing chemical waste.","Recommends research into new biocompatible and durable materials, integration of AI for design optimization and automation, and investigations into sustainable/recyclable materials and processes to reduce waste.","Notes mixed findings on patient satisfaction: some studies find traditional dentures score higher on speech, cleaning, stability and comfort, while others report comparable effectiveness and a portion of patients preferring 3D-printed digital dentures."
Research on prosthesis customization with 3D modeling and printing technology,2024,literature review,customization,"Identifies cost and production time as major gaps limiting wider adoption of 3D-customized prostheses, and lack of long-term clinical data / small sample sizes preventing assessment of long-term impacts and safety.","Highlights material limitations and cost as key practical constraints; notes technological/manufacturing challenges for biologically functional prostheses (complex processing, manufacturing difficulty, expense); and insufficient long-term safety/effectiveness evidence due to short follow-up and small sample sizes.","Recommends industrialization and stronger medical–industrial collaboration, standardized production lines and process verification, and rigorous evaluation of safety/effectiveness including preclinical testing and technical standards. Also recommends systematic patient follow-up and registries to collect long-term outcome data.","Presents contrasting claims about advantages of 3D-customized prostheses (better fit, less harm, added biological function) versus acknowledged issues with traditional prostheses (low cost but harmful) and the remaining concerns about cost, materials, and long-term evidence—indicating an optimistic framing tempered by recognition of unresolved limitations."
A scoping review of digital fabrication techniques applied to prosthetics & orthotics: Part 2 of 2—orthotics,2024,Scoping literature review,design methods; customization; accessibility; user involvement (multiple),"The paper identifies a lack of strong formal evidence underpinning digital fabrication in orthotics, specifically noting the absence of long-term, larger-scale studies and research into training requirements for additive manufacturing, which limits clinical decision-making and wider adoption.","Limitations highlighted include the time- and labor-intensive nature of traditional orthosis manufacturing and, crucially, the insufficient evidence base (lack of large longitudinal studies with diverse evaluation measures) that prevents demonstrating benefits of digital fabrication technologies.","The review recommends increased collaboration among clinicians, patients/service users, academia, and industry, and calls for larger, longitudinal studies using a range of evaluation measures to build the evidence base and support clinical uptake and pathways to market.","The paper notes a mixed evidence landscape: while evidence is strong for certain areas (e.g., CAD/CAM-produced insoles and spinal orthoses), many additive manufacturing applications lack long-term, large-scale evidence, indicating inconsistency and areas of debate regarding readiness for clinical adoption."
Advancements of prosthetic running blades: An in-depth literature review,2025,literature review,multiple,Not mentioned in source.,Not mentioned in source.,Not mentioned in source.,Not mentioned in source.
Transforming P & O Care with 3D Printing–More than Meets the Eye,2023,Discussion paper / literature review,"multiple (design methods, customization, accessibility, user involvement)","Identifies gaps in materials and processes (cost-effective, strong, durable, colourful, thermoformable materials); limited technical standards for safe and durable devices; lack of evidence on patient outcomes and operating costs/economic data for digital workflows and 3D printing; limited scanning solutions for capturing internal socket shapes and size limitations for printers affecting large devices. ","Highlights manufacturing/process limitations: layer weakness in FDM parts leading to fracture risk; limited thermoformability and color/finish changes with MJF Nylon; lack of applicable structural testing standards for many P&O components (ISO gaps); printer build-volume limits for large devices and the need to join parts (risking strength); high capital and operational costs for high-end printers (e.g., MJF).","Recommend collaboration across clinics, researchers, manufacturers, policymakers and funders to share learnings and address technical, regulatory and funding barriers; form special interest groups/networks and global collaboration (e.g., ISPO) to accelerate shared knowledge; gather and use evidence on quality of care and cost-effectiveness to validate adoption and inform reimbursement and policy.","Presents a tension between the promise of 3D printing (greater customization, efficiency, novel device possibilities) and current practical limitations (material/process shortcomings, lack of economic evidence); acknowledges uncertainty whether 3D printing will remain niche for one-off/smaller devices or become mainstream given unresolved technical, economic and regulatory issues."
Robotic prosthetic challenges for clinical applications,2016,literature review / discussion paper,multiple,Not mentioned in source.,Not mentioned in source.,Not mentioned in source.,Not mentioned in source.
"3D Printing in Prosthetics, Orthotics and Assistive Technology: Myth and Reality",2023,Discussion paper / Editorial,additive manufacturing / design methods (multiple),"The paper identifies gaps in empirical data and understanding of structural and mechanical properties of 3D-printed prosthetic and orthotic devices, limited widespread evidence-based outcome measures historically (though improving for lower-limb prosthetics) which constrains objective evaluation of components, ongoing need to demonstrate clinical value to patients and clinicians from additive manufacturing innovations, and lack of comprehensive registries/databases capturing amputee/device data to inform research.","Limitations highlighted include reliance on prototyping without sufficient clinical validation or robust testing of devices, misconception that technology alone (3D printers) can replace clinical expertise leading to fit/safety concerns and potential harm if not paired with skilled clinicians, fragmented skillsets and insufficient interdisciplinary collaboration limiting effective translation, and a historical lack of integrated clinical-engineering expert models to guide practice.","Recommendations include active collaboration between clinicians (prosthetists/orthotists) and researchers/developers throughout research and design processes, clinicians should be open to and engage with digital production chains and additive manufacturing to ensure technologies serve practice rather than supplant it, and pursue interdisciplinary research to generate robust material, biomechanical, structural, and clinical outcome data (implied across text).","The paper notes a debate between public/media optimism that 3D printing would disrupt prosthetics and clinician skepticism regarding robustness and fit of printed components, contrasted with researchers' and industry optimism and funding support for exploring additive manufacturing's potential."
Uso da impressão 3D na personalização de próteses de quadril: uma revisão integrativa,2025,Revisão integrativa (integrative review),customization,Identified gaps: high production costs and limited access to personalized 3D-printed hip prostheses; lack of standardization in manufacturing and clinical protocols; scarcity of long-term clinical studies and follow-up data on outcomes and implant longevity.,"Limitations highlighted: conventional mass-produced prostheses have poor anatomical fit, suboptimal biomechanical stability and limited implant longevity; challenges in material selection for 3D-printed implants affecting biomechanical and biological success; current barriers include high production costs and lack of standardization and long-term evidence.","Recommendations: pursue technological advances, professional training and appropriate regulatory policies to support clinical adoption; promote cost reduction and wider access to democratize the technology; further research into materials and implant designs that enhance osteointegration and mechanical stability, and conduct long-term clinical studies to evaluate outcomes and longevity.",Not mentioned in source.
"Personalised medical product development: methods, challenges and opportunities",2011,Literature review / discussion paper,Customization (personalisation) and design methods,Not mentioned in source.,Not mentioned in source.,Not mentioned in source.,Not mentioned in source.
Emerging Trends in Additive Manufacturing for Prosthesis Applications - A Review,Not mentioned in source.,literature review,customization; design methods; integration of smart technologies (multiple),"Identifies gaps in material performance (material anisotropy), cost barriers for production and adoption, and challenges integrating smart components/sensors and myoelectric systems into AM prostheses.","Highlights limitations including material anisotropy affecting part performance, high production costs limiting accessibility and scalability, and technical difficulties in integrating sensors and smart/myoelectric components into AM-produced prostheses.","Recommends research to improve AM material properties (e.g., address anisotropy), reduce production costs to improve accessibility, and develop methods for effective integration of smart technologies and sensors into AM prostheses.",Not mentioned in source.
Comfort and function remain key factors in upper limb prosthetic abandonment: findings of a scoping review,2020,Scoping review,"user involvement / abandonment (multiple: customization, design methods implied but primary is user involvement/abandonment)","The review identifies a lack of recent, up-to-date research on reasons for abandonment of contemporary upper limb prosthetic devices, noting that recent prosthesis advancements have not been included in existing studies. It also highlights the need to understand how reasons for abandonment have evolved over time.","The paper discusses persistent limitations in prosthetic design affecting adoption: comfort issues (weight, temperature, perspiration) and functional deficits (poor control and lack of sensory feedback) that lead users to feel more functional without devices. It also implies limited scope of past studies covering diverse device types but few recent evaluations.",The review recommends targeted research into abandonment reasons for contemporary prostheses and using those insights to guide device development and clinical practice to mitigate abandonment and better meet user needs.,Not mentioned in source.
Dispositivos de tecnologia assistiva: fatores relacionados ao abandono 1,2015,Literature review (critical review),"user involvement, accessibility, customization (multiple)","The paper identifies the need for more detailed studies on reasons for abandonment to inform selection, prescription, manufacture and use of AT devices, and calls for research into abandonment factors across additional AT application areas beyond those covered in the reviewed studies.","The review notes methodological limitations: it is a critical (non-systematic) review without a predefined protocol; included studies show high heterogeneity in sample sizes, ages, clinical conditions, device types and usage durations, and the review included only nine studies drawn from an initial 49, limiting generalizability.","Recommendations include individualized assessment of abilities, needs and context; interdisciplinary prescription processes; active user participation in device choice; design/manufacture attention to reduce pain, discomfort and noise; professional follow-up for training and adjustments; and research to detail causes of abandonment to inform practice.","The paper notes debates/heterogeneity in definitions of 'rejection' versus 'abandonment' across studies, and contrasting findings where interdisciplinary care reduced abandonment in one study, suggesting interventions can be effective though evidence is variable."
Factors Associated with Assistive Technology Discontinuance among Individuals with Disabilities,2000,Literature review / empirical study (mixed: background literature review and original survey study),user involvement / accessibility (device acceptance and discontinuance),"The paper identifies a lack of consumer-perspective research on reasons for assistive technology discontinuance, and insufficient opportunity for trialability (users rarely able to try devices before purchase) as an unmet need affecting continued use.","The paper highlights limitations in device design and service delivery: high rates of dissatisfaction leading to abandonment, insufficient relative advantage of devices (issues with effectiveness, operability, durability) contributing to discontinuance, and limited trialability/access to try devices prior to acquisition.","The paper recommends researching consumer-reported factors for discontinuance to inform improvements in assistive technology design and service delivery (e.g., enhancing trial opportunities and focusing on device effectiveness, operability, and durability).",Not mentioned in source.
Assistive technology devices: abandonment related factors,2015,Critical literature review,Abandonment / user involvement (multiple: accessibility & user involvement),Not mentioned in source.,Not mentioned in source.,Not mentioned in source.,Not mentioned in source.
Understanding Prosthetic Abandonment,2019,literature review,user involvement,Not mentioned in source.,Not mentioned in source.,Not mentioned in source.,Not mentioned in source.
Predictors of assistive technology abandonment.,1993,survey study / literature review mix,"user involvement, accessibility, customization","The paper identifies gaps in consumer involvement in device selection and long-term needs assessment, and a need for more country-specific studies to understand cultural and service differences affecting abandonment.","Highlights limitations including barriers to access, device misfit/inadequacy, insufficient training and support, stigma, service delivery gaps, and poor device performance; these are summarized as user-, device-, and environment-related limitations.","Recommends increased consumer involvement, ongoing monitoring post-provision, better needs assessment and customization, interdisciplinary assessment teams, improved training/support, and more context-specific research.","Notes variability and conflicting reports on abandonment/non-use rates across studies and contexts, indicating disagreement about the prevalence and timing of abandonment."
"The roles of predisposing characteristics, established need, and enabling resources on upper extremity prosthesis use and abandonment",2007,Literature review (critical review),"multiple (design methods, customization, accessibility, user involvement)","Identifies need for controlled, multifactor studies with standardized outcome measures and detailed population descriptions; unresolved effects of origin of limb loss and medical conditions such as phantom pain; insufficient evidence on efficacy of training protocols and their link to prosthesis use; inability to perform international/cross-cultural comparisons due to lack of standardized measures.","Highlights methodological limitations: heterogenous populations and small sample sizes limiting generalizability; inconsistent definitions (e.g. rejection vs non-use) hindering comparisons; variable evidence quality addressed by including only studies rated ≥2 but overall limited quantitative data; external constraints (funding, access) affect timing of fitting and study outcomes.","Calls for multi-centre trials to increase sample size; adoption of standardized outcome measures and comprehensive documentation of participant/context variables; more controlled, randomized study designs to produce rigorous evidence.","Notes debates where some factors (lifestyle, level of limb loss) have consistent support, whereas age at fitting and training efficacy show conflicting findings across studies. Time-to-fit shows contradictory evidence with studies both supporting and refuting its impact on usage. Training protocols' effect on acceptance/use is also contested."
Abandonment of assistive products: assessing abandonment levels and factors that impact on it,2018,Observational study (not a review),abandonment/usage (accessibility/user involvement),Not mentioned in source.,Not mentioned in source.,Not mentioned in source.,Not mentioned in source.
FACTORS INFLUENCING THE NON-USE AND ABANDONMENT OF ASSISTIVE TECHNOLOGY,2024,Literature review (review of peer-reviewed studies),"multiple (accessibility, user involvement, customization, design methods)","The paper identifies gaps in identifying and quantifying which factors most influence non-use and refusal of AT and which device types are most frequently abandoned. It highlights geographic/research gaps, e.g. limited research on AT use and perceptions in large contexts such as China.","The review highlights limitations in current AT design and practice: widespread multi-factorial causes of non-use (user, device, environment); poor user involvement in design leading to mismatch with needs; systemic implementation barriers including lack of motivation, infrastructure, and shared understanding; and insufficient adaptation/personalisation of devices.","Recommendations include: systematically identifying and understanding factors for non-use as a first step; adopting person-centred approaches and involving people with disabilities in development (“Designed by, not for”); conducting adequate needs assessment and ongoing monitoring to select/adjust AT.","The paper notes variability and contradictions in reported abandonment/non-use rates across studies (some historic ~30% vs widely varying contemporary reports), and highlights divergent findings about device impact and factors (e.g. psychosocial impact varies by device and affects future use)."
The shaping of individual meanings assigned to assistive technology: a review of personal factors,2002,Literature review,user involvement,"The paper identifies gaps in understanding how psychosocial and cultural factors shape personalized meanings and influence AT acceptance and abandonment, and indicates a need for more comprehensive, systematic research synthesizing literature on device use and abandonment since the review aggregated diverse studies across multiple databases but found limited conceptual integration.","The review highlights limitations including reliance on heterogeneous studies addressing varied topics (use, abandonment, coping, values) with limited empirical cohesion, and that theoretical perspectives (e.g., adaptation to disability) are suggested but not strongly empirically established in the reviewed literature.","The paper recommends that future research and practice should focus on understanding and facilitating users' exploration of personal meanings, expectations, social costs, and identity-related aspects to improve AT integration and reduce abandonment.","The paper notes theoretical debates regarding the role of disability adaptation processes in AT integration, indicating discussion rather than empirical consensus on how adaptation influences device meanings and use."
Assistive Technology Abandonment: Research Realities and Potentials,2018,Discussion paper / literature review,"user involvement (use and abandonment), accessibility (deployment barriers), multiple","The paper identifies a lack of real-time, long-term data on everyday AT use beyond clinical settings, high and variable abandonment rates that are insufficiently explained across device types, limited understanding of how changing user needs drive abandonment, and insufficient attention to the fact that devices are often 'needed' (not 'wanted'), which complicates adoption and retention.","The paper highlights limitations including poor configurability and adaptability of AT leading to mismatch and abandonment, physical fit and comfort issues causing non-use, and practical barriers to data-collection tools (app deployment across OS versions, background notifications, power-saving behaviors) that constrain real-time research methods.","The paper recommends collecting real-time, longitudinal experience data (via ESM and problem-reporting apps) combined with retrospective methods to understand use and abandonment, and applying these insights to inform clinician decision-making and device selection processes.","The paper notes a nuanced debate: abandonment can be 'negative' (mismatch, poor fit) or 'positive' (need resolved or replaced by better tech), and challenges the simplistic validation of device selection based solely on lack of abandonment, indicating tensions in how success is measured in AT provision."
Determining patient satisfaction with an upper and lower extremity orthotic intervention using the QUEST 2.0: A systematic review,2019,systematic review,user involvement; customization (patient satisfaction and device factors),The review identifies gaps in understanding reasons for orthotic abandonment and limited evidence on how to improve adherence and patient-centered provision. It calls for further studies to better understand causes of abandonment and to guide clinician approaches to address patient needs in orthotic interventions.,"The paper highlights limitations in orthotic design and service leading to moderate satisfaction scores (QUEST 2.0 ranges reported), and identifies specific device-related problems—pain, discomfort, skin issues—that contribute to abandonment. It also implies limited scope (nine studies) which constrains generalizability.","Recommendations include conducting further research into causes of orthotic abandonment, and implementing more patient-centered clinical practices to address individual needs to reduce abandonment and improve outcomes.",Not mentioned in source.
Upper limb prosthesis use and abandonment: A survey of the last 25 years,2007,Literature review / survey (systematic search of databases),"multiple (design methods, customization, accessibility, user involvement)","Identified gaps include the need for controlled, multifactor studies with standardized outcome measures; limited literature on passive prosthesis use and satisfaction, particularly in pediatric populations; lack of standardized measurement tools and consistent vocabulary hindering comparisons across studies and countries; unclear attribution of wide variance in rejection rates to sample and methodological heterogeneity; and outdated consumer feedback with a need for contemporary data collection to capture changing preferences.","Limitations highlighted are small, single-centre samples limiting generalizability; frequent omission of key methodological details such as follow-up duration (43% not reported); incomplete reporting of prosthesis characteristics (terminal device type, control strategies) preventing subgroup analyses; and fragmented, non-standardized outcome measures producing isolated findings rather than cumulative knowledge.","Recommendations include planning studies to allow subgroup analyses and meta-analytic effect size calculation; developing and adopting standardized outcome measurement tools and validated questionnaires; conducting multifactor (multivariate) analyses to examine interactions among personal, contextual, and technological variables; collecting up-to-date consumer feedback to track evolving preferences; and increasing participatory research and emphasis on consumer satisfaction to align design with user needs.","The paper documents conflicting findings about causes of rejection: some studies attribute most rejections to external/contextual factors (e.g., Kejlaa 1993), while others report that prosthetic-related problems (comfort, function, durability) account for the majority of rejections (e.g., Glynn et al. 1986). It also notes debate over whether electric/myoelectric devices offer superior sensory feedback, function, or comfort compared with body-powered devices, and overall inconclusive evidence linking prosthesis type to acceptance due to heterogeneous methodologies."
Design and assistive technology: a tinder match waiting to happen,2024,Systematic review (PRISMA-guided literature review),"Multiple (design methods, user involvement, accessibility/service delivery, customization implied)","Identifies lack of systematic, consistent engagement between design and AT industry and limited literature combining design methods with AT; limited empirical testing of design-led interventions to reduce abandonment. Highlights need for more research on interdisciplinary collaboration models involving OTs and users, and empirical studies evaluating design approaches in AT outcomes.","Highlights high (~30%) AT abandonment and frames abandonment as a complex 'wicked problem' involving user, environmental, device and service-delivery factors. Notes practical barriers to applying design methods: communication, ethics, time, cost, professional siloing and regulatory/practice differences between designers and OTs.","Recommend increased interdisciplinary collaboration (design + OT + users + policy stakeholders), application of participatory/user-centred design and design management to address service and systemic issues, and more empirical research evaluating design interventions and systemic/policy-level design engagement.",Identifies a tension between design-led solution-focused approaches and traditional health literature; notes contrasting methods and paradigms (design vs healthcare) and a debate about appropriate scope—individual/device-level interventions versus system/policy-level change.
Upper-Limb Prosthetics: Critical Factors in Device Abandonment,2007,Survey-based empirical study with literature review (not a systematic review) / discussion paper,user involvement; customization; design methods; abandonment (multiple),"Identified gaps include: the roles of specific factors such as origin of limb absence, pain incidence, and fitting time frame in determining prosthesis use/nonuse; the effects of prosthesis use or nonuse on overall quality of life and health; understanding interactions and relative importance of predisposing characteristics, established need, and enabling resources in rejection decisions; need for improved technology (comfort and function) especially for high-level or bilateral absence; and insufficient information/support for specialty groups (bilateral, acquired, high-level).","Limitations noted: self-selection and sampling bias limiting generalizability; potential exclusion of low-income individuals by Internet-based methods possibly underestimating cost concerns; authors caution against generalizing results to the entire population. The study also highlights limited satisfaction with healthcare services (fitting, follow-up, repair, training, information) among rejecters as a contextual limitation impacting outcomes.","Recommendations: prioritize development of more comfortable and functional prostheses, especially for high-level and bilateral limb absence; increase client involvement in prosthesis selection to match personal goals/needs; provide resources for peer support and clear information about prosthetic and nonprosthetic options; improve targeted information/support for specialty groups (bilateral, acquired, high-level).","Debates/contradictions: the paper posits that established need and device satisfaction predominantly drive use/rejection, and reports that enabling resources (availability, cost, training) generally do not strongly influence rejection except for fitting time frame and user involvement. However, the authors acknowledge potential sampling bias that may understate the role of cost, introducing uncertainty and a possible contradiction in the relative importance of enabling resources."
A Framework for the Adoption of Assistive Technology,2002,Framework paper / literature review / discussion paper,"user involvement, customization, accessibility (multiple)","Identifies high rates of abandonment of assistive technologies as a central unmet need; notes lack of synthesis on recurring features leading to abandonment and the need for research into attributes required across stakeholders (users, caregivers, designers, specialists) to support adoption.","Highlights limitations in current practice stemming from complexity of collaborative processes required for adoption (designing, selecting, personalizing, learning, integrating) and insufficient alignment of attributes/roles among users, caregivers, designers and specialists.","Recommends using a framework-based, multi-stakeholder approach that synthesizes empirical evidence and observations to identify features that lead to abandonment and strategies to avoid them; implies emphasis on personalization and aligning stakeholder attributes during design and implementation.",Not mentioned in source.
Function or feelings: factors in abandonment of assistive devices,1999,Discussion paper / Literature review,user involvement / abandonment / psychosocial factors,"Identifies a gap in explanations for assistive device abandonment: literature focuses on training/follow-up and user skill/confidence, but neglects psychosocial factors such as self-perception and identity which may drive abandonment. Also implies limited research on device abandonment across different client groups and device types where high levels occur.","Highlights limitation that prevailing practice and research overemphasize technical/training solutions and under-recognize psychosocial dimensions (self-perception, identity) influencing acceptance and continued use of devices. Also limited empirical evidence presented in paper itself (discussion-based) — full_text not available to verify empirical data..","Recommends clinicians and researchers incorporate psychosocial factors (identity, self-perception) and consumer-research insights into assessment, device selection, training and follow-up; suggests broadening interventions beyond skills training to address identity-related barriers.",Identifies a debate/contradiction between dominant explanations attributing abandonment to skill/ training deficits and the author's position that psychosocial factors (self-identity) are equally or more important; suggests conflicting perspectives in literature about causes of abandonment.
Assistive Technology for Individuals with Disabilities: A Review and Synthesis of the Literature,2006,literature review / systematic analysis,multiple,Not mentioned in source.,Not mentioned in source.,Not mentioned in source.,Not mentioned in source.
"A scoping review on upper extremity prostheses: Satisfaction, barriers, and their implications in resource-limited countries",2024,Scoping review,accessibility; customization; user involvement,"The review identifies limited evidence on prosthetic abandonment rates in resource-limited countries, a small number of studies meeting inclusion criteria indicating sparse research (only 7 cross-sectional studies included), and specific unexplored areas around how prosthesis characteristics (type, comfort, weight, functionality, price, availability) and individual factors (user recency, amputation level, cause, pain, time to fitting) affect long-term adherence and satisfaction.","The paper highlights limited understanding of abandonment rates in low-resource settings, the dominance of low-level evidence (cross-sectional studies only; 7 studies) limiting causal inference, and practical design and access limitations such as prosthesis comfort, weight, functionality, cost, and availability as barriers to use.",The review recommends tailored prosthetic design and improved funding to enhance adherence and satisfaction with upper limb prostheses.,Not mentioned in source.
Assistive technology device use in patients with rheumatic disease: a literature review.,1992,literature review,multiple,Not mentioned in source.,Not mentioned in source.,Not mentioned in source.,Not mentioned in source.
Prosthesis rejection in individuals with limb amputation: a narrative review with respect to rehabilitation.,2021,Narrative literature review,"user involvement (acceptance/rejection), rehabilitation/psychosocial factors",Not mentioned in source.,Not mentioned in source.,Not mentioned in source.,Not mentioned in source.
Fatores relacionados ao abandono de dispositivos de Tecnologia Assistiva: uma revisão da literatura,2023,Integrative literature review,abandonment/assistive device use (accessibility/user involvement/design) - multiple,"The review highlights a lack of recent research on assistive-technology abandonment (few studies 2018–2023), insufficient interdisciplinary practice and limited user participation in prescription and follow-up (need for active user involvement and interdisciplinary teams), and limited use/widespread adoption of standardized assessment tools to predict fit and follow-up (mentions ATD PA and QUEST 2.0 but implies limited uptake).","The paper discusses limitations including inadequate prescription processes and lack of user training, poor follow-up and absence of adjustments leading to discomfort or injury and abandonment, overemphasis on functionality without considering appearance/design and social stigma, and cultural/social barriers (e.g., stigma) affecting use.","Recommendations include adopting interdisciplinary care teams with active user participation across prescription, provisioning and follow-up to reduce abandonment, greater use of validated assessment tools (ATD PA, QUEST 2.0) to guide prescribing and monitoring, and involving users in choice and design to ensure devices meet needs and preferences.","The paper notes some tensions rather than direct contradictions: while new technologies (e.g., 3D-printed prostheses, eSight) promise customization and lighter, cheaper devices, abandonment still occurs (e.g., 3D-printed hand unused) indicating that improved technology alone does not eliminate abandonment. No explicit conflicting findings in the literature are reported beyond these observations."
Sociotechnical Environments and Assistive Technology Abandonment,2010,Discussion paper / chapter (literature review),user involvement; design methods; accessibility (multiple),"Identifies the persistent high rate of abandonment of complex assistive technologies as a central unmet issue. Highlights gaps in applying socio-technical system (STS) methods to voluntary, everyday AT contexts and the need for adapted tools and practices for participatory design and long-term adoption evaluation.","Notes limitations of conventional STS approaches when transferred directly to AT: conventional methods focus on workplace contexts and may not account for voluntary, functional motivations driving AT use and abandonment. Also points out limited empirical follow-through from prototype adoption to long-term use, implying gaps in longitudinal evaluation.","Recommends adapting socio-technical tools for AT contexts (e.g., using MAPS as a model) and emphasizing participant selection, participatory design, and tracking adoption through deployment to learn lessons for design practice. Calls for further work to formalize comparative analyses between traditional STE studies and AT-focused studies.",Not mentioned in source.
A literature review of the challenges encountered in the adoption of assistive technology (AT) and training of healthcare professionals,2019,Narrative literature review,"multiple (accessibility, user involvement, training/education, adoption barriers)","The review identifies gaps in definitional clarity of AT across disciplines, widespread lack of knowledge among healthcare professionals and users about AT, and communication shortfalls between professionals and users that impede appropriate provision and uptake. It highlights weak and inconsistent training provision for healthcare professionals, including lack of evaluation of training programmes, shortage of qualified trainers, and insufficient resources/funding to support training and keep pace with rapid technology development. The review also notes a fragmented evidence base drawn from diverse sources and study types, suggesting gaps in high-quality, consolidated research on AT adoption and training (e.g., varied source types and geographic distribution).","The paper highlights that device obtrusiveness and stigma, lack of knowledge, and poor communication contribute to abandonment of AT devices. It implies limitations of the existing literature and practice: reliance on narrative synthesis rather than systematic evaluation (the authors used a narrative review approach) which may limit generalizability, and insufficient emphasis on evaluation and ongoing assessment of training and support programmes in practice.","Recommend comprehensive, ongoing education and training for prescribers, distributors, users and carers, with embedded assessment, updates and evaluation of training programmes to improve AT adoption and reduce abandonment <citations>0,1</citations]. (Note: the source emphasizes training design informed by the review.)",Not mentioned in source.
Assistive Technology Accessibility and Abandonment: Challenges for Occupational Therapists,2016,Literature review / Discussion paper,accessibility; abandonment; user involvement; policy (multiple),"Identifies gaps around inadequate monitoring and follow-up after device provision; insufficient integration of environmental and policy considerations affecting device use and abandonment; persistent neglect of user preferences in design and provision processes, procurement and performance issues as long-standing contributors to abandonment.",Highlights limitations including environmental barriers and inadequate public accessibility that limit device usefulness; challenges in measuring and assessing accessibility across diverse users; weak post-provision monitoring and absence of required professional prescription reducing appropriate fit and follow-up.,"Recommends stronger practitioner advocacy for accessibility and social participation; promote collaborative, patient–therapist decision-making in device selection to improve fit and reduce abandonment; implicit recommendation for policy and monitoring improvements to ensure provision and follow-up (advocacy-related).","No explicit contradictions or debates within the paper; instead the paper synthesizes prior findings and underscores consensus on the importance of prescription, follow-up, advocacy, and collaborative decision-making."
"Assistive devices non-use, abandonment, or non-adherence? Toward standard terminology for assistive devices outcomes",2024,Narrative literature review,user involvement,"The paper identifies inconsistent terminology around assistive device non-use (nonuse, abandonment, noncompliance, non-adherence) and a lack of standardized definitions as a major gap. It notes limited use of conceptual models and operational definitions across studies (only 10/27 provided definitions), indicating a need for clearer conceptualization and measurement of device use outcomes.",The review highlights that inconsistent and interchangeable use of terminology limits comparability across studies and weakens the evidence base. It points out lack of theoretical grounding and standardized outcome measures as limitations hindering synthesis and generalization.,The authors recommend adopting standardized terminology and providing explicit operational definitions tied to conceptual models in future research to improve comparability and cumulative knowledge. They advocate for researchers to align chosen terms with theoretical frameworks and contextual relevance.,"The paper documents inconsistency and interchangeability of terms across studies, reflecting a debate or lack of consensus on definitions rather than direct contradictory empirical findings."
Effectiveness Evaluation of Prosthesis and Orthosis as Assistive Technology: A Narrative Overview,2023,Narrative overview / literature review,"multiple (accessibility, user involvement, effectiveness, availability/cost)","The paper identifies large global access gaps to prosthetic and orthotic assistive technologies, especially in low- and middle-income countries where ""limited access"" is driven by lack of education, health care, and social support; it notes that ""only one in ten people currently have access to assistive products"" and that a substantive portion of the population (""2-4%"") have severe needs for assistive devices. It also highlights gaps in availability, affordability, training, clinical services and follow-up care as unmet needs affecting device use and outcomes.","The paper highlights limitations in service delivery and system-level support: constrained availability, high cost, limited access, lack of training, inadequate services and poor follow-up in low- and middle-income settings. Although users report ""high satisfaction levels"" with devices where available, systemic limitations restrict broader impact and sustained use.",The paper recommends prioritizing consumer involvement and equal participation in evaluation and selection of assistive technologies to improve availability and affordability and thereby quality of life for users.,Not mentioned in source.
The Visible and the Invisible,2018,Discussion / book chapter (literature review / critical discussion),user involvement; design methods (multiple),"Identifies a gap in critical scholarship on the social interplay between assistive technology and disability, specifically a lack of attention to users' lived, subjective experiences and how social stigma influences acceptance or rejection of prosthetics. Also highlights the unmet need for meaningful user involvement in design processes.",Highlights conceptual and practical limitations: dominance of the medical model that overlooks social/phenomenological aspects; poor fit of designs with users' lived experiences; and social stigma driving modification or nonuse of prosthetics.,"Recommend prioritizing phenomenological, user-centred research into nonuse and lived experience, and increasing user involvement in design and healthcare decision-making to address mismatch and stigma-driven rejection.","Identifies a conceptual debate: tension between medical-model framings of prosthetic technology and social/phenomenological perspectives that view technology through stigma, identity, and lived experience."
Analysis of Factors Influencing Outcomes of Full and Partial Hand Multi-articulating Prostheses,2016,literature review,multiple,"Identifies gaps in understanding specific factors influencing function and satisfaction with multi-articulating full and partial hand prostheses, particularly how device type, training, fit/comfort, function, user expectations, and control contribute to abandonment and acceptance. Also notes limited ability to address factors outside clinical control (e.g. level of limb loss, comorbidities) indicating a gap in interventions for these areas.","Highlights limitations including uncontrollable patient factors (level of limb loss, medical complications) and modifiable design/practice issues: device selection/type, inadequate training, poor fit/comfort, limited device function, mismatched expectations, and control difficulties; suggests current practice may lack comprehensive team-based approaches to fully address these issues.","Recommends further study to better understand factors influencing function and satisfaction with multi-articulating hand prostheses and advocates team-based care to address modifiable causes of abandonment (device choice, training, fit, function, expectation management, control).",Not mentioned in source.
Comparisons of Lower Limb Prosthesis Components and Long-Term Continued Use of Prostheses: A Systematic Review,2017,Systematic review,multiple,Not mentioned in source.,Not mentioned in source.,Not mentioned in source.,Not mentioned in source.
A Literature Review of Children's Use of and Satisfaction with Upper Limb Prostheses,2017,Literature review,user involvement; customization; functionality (multiple),Not mentioned in source.,Not mentioned in source.,Not mentioned in source.,Not mentioned in source.
Implementation of Speech Generating Devices: Facilitating Function,2013,Not mentioned in source.,user involvement,"Identifies multiple gaps related to implementation and continued use of speech generating devices, specifically: lack of support, lack of training, lack of knowledge, difficulty troubleshooting technical issues, and opportunity and access barriers.","Highlights limitations in practice that lead to device abandonment: insufficient ongoing support and training, limited user knowledge, technical troubleshooting challenges, and broader opportunity/access barriers.",Not mentioned in source.,Not mentioned in source.
Assistive technology - World Health Organization (WHO),2024,Discussion/position paper / Fact sheet,accessibility; policy and provision (multiple),"Significant unmet need and inequitable access to assistive products globally, with extremely low coverage in some low-income countries and large disparities between countries. Specific gaps include insufficient supply for key products (e.g., wheelchairs and hearing aids) and systemic barriers such as low awareness, high cost, limited physical access, inadequate product range, procurement and workforce capacity issues, weak policy and funding, sector fragmentation and sociodemographic obstacles.","Limitations highlighted include severe supply shortfalls for specific devices (hearing aids, wheelchairs), and systemic limitations such as workforce capacity gaps, inadequate policy and funding, fragmented sector and procurement challenges that impede effective delivery and appropriate product range.","WHO/UNICEF recommendations: multi-sectoral access improvement, ensuring safe/affordable products, workforce strengthening, involving users/families across the pathway, awareness and stigma reduction, data-driven policy, research and innovation, enabling environments, inclusion in humanitarian responses, and international cooperation.",Not mentioned in source.
Global Report on Assistive Technology,2022,Discussion paper / policy report,"Accessibility, customization, user involvement, design methods (multiple)","Identifies a large, global unmet need for assistive technology and insufficient access worldwide; highlights gaps in policy attention, funding, and availability evidenced by the need for a global roadmap and comprehensive dataset to inform governments and stakeholders.",Discusses limitations in current systems: fragmented service provision and lack of coordinated policy and funding mechanisms (implied by emphasis on policy and multi-stakeholder roadmap).,"Recommends a ten-point global strategy including policy action, scaling access, integration with UHC, and alignment with international conventions; calls for coordinated government action and stakeholder engagement.",Not mentioned in source.
Global Report on Assistive Technology,2022,Policy report / Global report (not a systematic review),accessibility,Not mentioned in source.,Not mentioned in source.,Not mentioned in source.,Not mentioned in source.
Global Disparities in Access to Assistive Technology - 3DA,2025,Discussion paper / policy review,"accessibility (global access, policy) and user involvement (co-design)","The paper identifies large unmet global need for AT, with nearly one billion denied access despite 2.5 billion needing products; gaps in product coverage particularly for cognition and communication AT; lack of longitudinal and representative datasets on AT use, limiting policy-making; and absence of cohesive national AT policies and integration into health/social systems.",The paper highlights inequitable access across income levels; financial barriers due to out-of-pocket costs and self-funding; workforce and supply shortages including scarce trained personnel and uneven geographic distribution; and poor fit of off-the-shelf products to local contexts.,"Recommendations include national AT policies aligned with WHO APL and dedicated funding, workforce development, and supply chain strengthening; promote user-centered co-design and local adaptation to improve cultural and contextual fit; and expand longitudinal datasets (e.g., rATA, cohorts) to monitor access and outcomes.",The paper notes tensions rather than formal contradictions: dominant guidance and evidence stem from high-income contexts focusing on certain product types while innovations like DIY user-modified AT fill local needs but raise questions about sustainability and formalization.
The Global Report on Assistive Technology,2022,Policy report / global review (WHO & UNICEF report),"accessibility, customization, user involvement, design methods (multiple)","The report identifies a massive global unmet need for assistive products (2.5 billion people in need) with nearly one billion denied access and extremely low access rates in low-income settings (as low as 3%). It highlights specific gaps in service provision and trained workforce across 70 countries, and systemic barriers including lack of awareness, unaffordable prices, inadequate product quality, limited range and quantity, and procurement/supply-chain problems.","Limitations highlighted include affordability and high out-of-pocket costs for users, inadequate service provision and workforce capacity leading to poor access and quality of provision, challenges specific to children (need for frequent adjustments/replacements as they grow), and a projected rise in demand that current systems may not meet (3.5 billion by 2050).","Key recommendations include integrating assistive technology into education, health and social care systems; actively involving users and families in design and delivery; investing in data and evidence-based policy; and investing in research, innovation and enabling ecosystems to expand access and quality.",Not mentioned in source.
Global availability of guidelines related to assistive technology,2025,Scoping review,"accessibility, design methods, user involvement (multiple)","The review identifies several research and guidance gaps: lack of guidelines for cognition and communication assistive products; generally weak evidence supporting recommendations for assistive products, limiting evidence-informed provision; and workforce and service delivery gaps that impede guideline implementation and appropriate provision.",The paper highlights limitations including its own language restriction to English which may miss local guidelines; a general paucity of high-quality evidence underpinning assistive product recommendations; and contextual implementation barriers such as supply-chain constraints and governance fragmentation that limit guideline applicability.,"Recommendations include harmonizing terminology and standards across ISO, WHO APL and ICF to reduce ambiguity; investing in systematic research and diverse methodologies to fill evidence gaps for assistive products; and adopting living guidelines to keep recommendations current with technology and evidence.","The paper documents debates and contradictions around terminology and classification (ISO 9999 vs WHO APL) creating ambiguity for stakeholders, and discusses tensions between static standards and rapidly evolving digital/consumer technologies that blur assistive technology boundaries."
Not mentioned in source.,Not mentioned in source.,Not mentioned in source.,Not mentioned in source.,Not mentioned in source.,Not mentioned in source.,Not mentioned in source.,Not mentioned in source.
Global report on assistive technology,2022,Discussion paper / Global report (synthesis of evidence and consultations),"multiple (accessibility, customization, design methods, user involvement)","Identifies large gaps in access to assistive technology worldwide and broader knowledge gaps despite available evidence: unmet need for adequate quantities of safe, effective and affordable products. Specifies research gaps in: outcomes (human rights, quality of life), affordability and availability, service delivery and financing models, cost-effectiveness, enabling environments, and assistive technology in humanitarian crises.","Highlights system-level limitations: weak regulatory and standards frameworks, insufficiently trained workforce and provider capacity, high costs and affordability barriers, uneven provision and procurement systems, and lack of quality standards and service models across countries.","Recommends national strategies and plans including integration into health/social sectors, strengthening regulation and standards, building workforce capacity, active user involvement and co-design, investing in data collection and research, establishing essential assistive products lists and procurement mechanisms, and ensuring affordability via financing and reduced taxes.",Not mentioned in source.
Global report on assistive technology: summary,2022,Summary report (policy/global report summary),accessibility (assistive technology access),"The report identifies a large global unmet need for assistive products, noting that many people who could benefit lack access and that availability, affordability and awareness are significant gaps.","It highlights limitations in service provision (weak or absent assessment, provision and follow-up) and fragmented, under-resourced supply chains as barriers to effective assistive technology delivery.",It provides ten recommendations for strengthening systems to improve access to assistive technology and directs readers to the full report for detailed actions and data.,Not mentioned in source.
Global report on assistive technology,2022,Global report / policy synthesis (comprehensive review and analysis),multiple,"Identifies large global access gaps: majority in need lack access; inconsistent availability across countries with access varying from 3% to 90% (surveys across 29 countries); workforce and service provision shortfalls in many countries; multiple system-level barriers including awareness, affordability, product quality/range, procurement and supply-chain failures.","Notes major limitations: unmet population need across surveyed countries; acknowledges methodological limitations in modelled prevalence estimates due to limited training data, non-nationally-representative surveys, and mismatched years of variables; highlights systemic limitations such as workforce capacity gaps and low policy prioritization.","Provides concrete recommendations: ensure safe, effective and affordable products with standards and regulatory systems; actively involve users and families in design, provision and evaluation; invest in data collection and evidence-based policy (use rATA) to track need and coverage; invest in research, innovation and enabling ecosystems including manufacturing, market-shaping and start-up support.","Does not present direct contradictions but highlights tensions/debates: individualized solutions versus standardization/standards (one-size does not fit all); the clear economic case for investment contrasts with persistent access inequities, especially in low- and middle-income countries; scope limitations (no product-specific guidance) constrain technical debates."
Global report on assistive technology,2022,Discussion / policy report,"accessibility, customization, user involvement, design methods (multiple)",Not mentioned in source.,Not mentioned in source.,Not mentioned in source.,Not mentioned in source.
Global report on assistive technology,2022,Discussion paper / Global report,accessibility; customization; user involvement; design methods (multiple),"The report identifies large unmet needs for assistive products, noting that ""More than 2.5 billion people are estimated to need one or more assistive products, yet many lack access to them"". It highlights critical gaps across service delivery, workforce capacity, supply systems and data for planning and financing assistive technology. The report also notes limited evidence on effectiveness, long-term outcomes and cost-effectiveness of many assistive products, especially in low- and middle-income countries, and insufficient documentation and integration of user preferences, cultural acceptability and participation in design and provision.","The report discusses limitations including widespread unaffordability and unavailability of assistive products, fragmented supply chains and limited local manufacturing capacity, and shortages of trained personnel for assessment, prescription, fitting and follow-up within health and social systems.","Key recommendations include integrating assistive technology into national health and social policies and financing, investing in workforce training, strengthening supply systems and improving data collection and research, and ensuring active involvement of people who need assistive products in policy-making, procurement and service delivery.","The report notes there is limited and sometimes equivocal evidence regarding effectiveness and cost-effectiveness of many assistive products, indicating debate or uncertainty in the literature particularly for low- and middle-income country contexts."
Global Report on Assistive Technology (GReAT),2022,Report (comprehensive global report / policy report),accessibility,"The report highlights large global gaps in access to assistive technology, noting that ""Almost one billion...in need of assistive technology [are] denied access"". It indicates insufficient availability and uptake of assistive technologies and frames the need for improved data and analysis on access to inform policy and investment decisions. The existence of ten recommendations implies identified unmet needs across policy, service provision, and financing to achieve UHC and SDGs.","The report notes limitations in current global systems for assistive technology, including insufficient policy implementation and limited access that undermine potential return on investment and achievement of UHC and SDGs. Specific technical or design limitations are not detailed in the provided text.","The report issues ten high-level recommendations aimed at improving access to assistive technology to support SDGs, UHC, and the CRPD; the specific recommendations are not contained in the provided text and thus not extractable here.",Not mentioned in source.
Global priority research agenda for improving access to high-quality affordable assistive technology,2017,Discussion paper / Research agenda,"accessibility; research priorities across multiple areas (design methods, customization, user involvement)","Identifies a major global access gap: only one in ten people who need assistive technology currently have access, despite >1 billion in need, signalling unmet needs for scale-up and access worldwide. It calls for prioritized research and innovation to address barriers to access and affordability.","Highlights system-level limitations: lack of access leads to exclusion, poverty, and amplified health/societal impacts, indicating limitations in delivery systems, affordability, and policy frameworks. Specific methodological or design limitations are not detailed in the provided text beyond broad system and access constraints.",Recommends establishing coordinated global efforts (GATE) and prioritizing research and innovation to improve access and affordability; suggests research agenda and policy action though specific research topics/recommendations are not present in the provided excerpt.,Not mentioned in source.
Improving access to assistive technology,2018,Discussion paper / WHO report,"accessibility (multiple: policy, products, service provision, personnel, procurement)","The report identifies very low global access to assistive products due to high costs, lack of financing, availability, awareness and trained personnel. It highlights that R&D has been concentrated in high-income contexts and not driven by diverse user needs or service provision priorities, indicating a gap in context-appropriate research and workforce-focused studies. It also notes lack of awareness among providers and users about available products as a barrier to access.","The report discusses limitations including weak regulation and standards for safety and effectiveness, manufacturing issues leading to non-replaceable parts and poor repairability that increase abandonment, and fragmented service provision lacking assessment, fitting, training and follow-up.","Recommendations include developing national policies and strategic plans with WHO technical support, adopting the WHO priority assistive products list as a model for national lists, strengthening workforce capacity via training packages, and publishing guidance on service provision models and procurement to improve access and quality.",Not mentioned in source.
Policy brief: Access to assistive technology,2021,Policy brief / discussion paper,accessibility,"Identifies lack of prioritisation and fragmented investment in assistive technology at policy and system levels; highlights persistent challenges to equitable access and specific unmet needs across policy, products, personnel and provision (5P) indicating gaps in comprehensive service delivery and systems-level integration.",Notes growing unmet need driven by ageing and NCDs; limited and fragmented investment and low prioritisation in health and development agendas are key limitations; current service provision is insufficiently integrated into UHC and primary health care systems.,"Recommends people-centred actions across the 5P framework (policy, products, personnel, provision) to improve access; advocates inclusion of assistive technology within universal health coverage and strengthening provision through primary health care.",Not mentioned in source.
Policy brief: Access to assistive technology,2021,Policy brief / discussion paper,"accessibility (policy, provision)","Identifies lack of prioritization and fragmented/limited investment in assistive technology as a major gap, and the absence of integration within universal health coverage and primary health care systems.",Highlights that current systems suffer from limited and fragmented funding and weak provision pathways that impede equitable access to assistive products and services.,"Recommends a people-centred 5P approach (policy, products, personnel, provision, people) and integration of assistive technology into universal health coverage and primary health care; calls for concrete actions for policymakers to strengthen provision and investment.",Not mentioned in source.
Advancing prosthesis design: ontology driven multi-disciplinary framework for evolving amputee needs,2025,discussion paper / conceptual framework (conference proceedings article),design methods; user involvement; customization,"Identifies fragmentation of current design practice and a lack of integrated, lifecycle-wide stakeholder collaboration and real-time data integration as major gaps in prosthesis design. These gaps include isolated digital tools that are not part of decision-support and the absence of systematic evaluation frameworks to capture stakeholder experiential knowledge.","Highlights limitations: reliance on manual, experience-based design; siloed stakeholders leading to reactive rather than proactive optimisation; and isolated digital tools not integrated into lifecycle decision-making.","Recommends adopting an ontology-driven, multidisciplinary framework (adProLiSS/ODCMM) that integrates stakeholder knowledge, real-time smart-prosthetic data and AI-driven decision-support; and further work to integrate KICAD/digital modelling and validate the framework across diverse users.",Not mentioned in source.
Failure mode effect analysis use and limitations in medical device ...,2024,Qualitative study / literature review (discussion paper),design methods (risk analysis techniques) and user involvement? multiple,"Identified gaps include limited peer-reviewed literature on FMEA application in medical devices, widespread overreliance on FMEA with insufficient use of complementary/top-down tools like Fault Tree Analysis or Preliminary Hazard Analysis, and a newly reported gap concerning integrating risk assessments across outsourced processes where differing rating systems impede consistent risk evaluation.","The paper highlights key limitations of FMEA: inability to address multiple-failure or normal-condition hazards, subjectivity and inconsistency in Severity/Occurrence/Detection scoring, and practical burdens such as time-consuming maintenance and scalability issues for large analyses.","Recommendations: adopt multiple complementary RM techniques (e.g., Preliminary Hazard Analysis, Fault Tree Analysis) alongside FMEA to cover top-down and normal-condition hazards; use ISO/TR 24971 guidance and device characterization/GSPR checklists as inputs; and improve organizational competence via dedicated Risk Management roles and enhanced training.","The paper notes tensions: practitioners and regulators favor established FMEA practices despite acknowledged methodological shortcomings, and there is debate about regulatory oversight competence—Notified Bodies often accept FMEA-based evidence even when it may not meet ISO 14971's top-down hazard framing."
Impact of Design on Medical Device Safety - PMC,2019,Literature review / Discussion paper,design methods; human factors; risk management (multiple),Identifies gaps in post-market surveillance and regulatory response timing; insufficient end-user identification and involvement during design inputs leading to misaligned devices; lack of industry capacity for self-evaluation and real-time safety monitoring due to costs and audit fear.,Highlights regulatory and approval pressures that prioritize performance over safety; inadequate integration of complex socio-technical user-device-system contexts in design leading to unsafe products; critical vulnerabilities from software defects in devices.,Advocates early integration of Quality and Risk Management in design (design control/HFE); adoption of harmonized regulations and HFE principles to improve safety and market access; develop Coordinated Registry Networks for improved post-market surveillance.,"Notes tension between economic constraints on manufacturers (ALARP) and regulatory expectations for maximal risk reduction, creating debate over how far safety must be pursued given costs; highlights disagreement/gap in timing and effectiveness between premarket authorization and post-market surveillance."
Applying Human Factors and Usability Engineering to Medical Devices: Guidance for Industry and Food and Drug Administration Staff,2016,Guidance document / Discussion paper (regulatory guidance),"design methods (human factors/usability), user involvement, accessibility (use environments)",Not mentioned in source.,The guidance highlights limitations including that many use errors are unpredictable without simulated or actual use testing; analytical methods alone are insufficient because they omit real users and realistic contexts; reliance on labeling and training is limited since labeling may be unavailable during use and training decays over time; and that residual risk cannot be fully eliminated—devices cannot be made error-proof.,"Recommendations include conducting comprehensive preliminary analyses to identify anticipated and unanticipated use-related hazards, applying design modifications as the preferred risk control (inherent safety by design) and protective measures when design changes are impractical, and performing human factors validation testing (simulated-use or actual-use when necessary) with representative participants and critical tasks to demonstrate safety and effectiveness.","The document notes debates about terminology and scope (e.g., differences between ""human factors validation testing"" and ""summative usability testing"") and emphasizes that mitigation via training or labeling is not acceptable without evidence of effectiveness, reflecting a tension between design-based and training/labeling-based risk controls."
Co-creation and User Perspectives for Upper Limb Prosthetics,2021,Original research (co-creation workshop with survey) — not a systematic review or meta-analysis; classified as a discussion/participant-research paper,"multiple (user involvement, design methods, clinical service, collaboration, accessibility/awareness, customization/aesthetics)","Identified gaps include: failure of current devices to meet user needs (function, sensory feedback) leading to high abandonment rates; a mismatch between laboratory metrics and real-world/clinical outcomes indicating lack of ecological validation; lack of longitudinal, in-home, live-data studies to assess real-world prosthesis value and usage patterns; and insufficient multi-stakeholder focus on priorities (need for collaboration, clinical service improvements, and media/awareness).","Limitations discussed: academic focus on early-stage/laboratory results that may not reflect real-life use; ethical and regulatory barriers complicating in-home and participatory research; logistical barriers to co-creation (geography, digital access) and potential loss of academic freedom in industry partnerships (implicit in discussion) — and limited generalisability due to UK-only participant sample.","Recommendations: use co-creation/co-design to embed users throughout research and development; conduct long-term, in-home, real-world data collection and trials to evaluate prosthesis use and outcomes; address ethics/regulatory processes by adopting ongoing consent and adapting governance for participatory studies; improve transparency and multi-stakeholder collaboration including policy engagement to influence funding and clinical pathways.","The paper notes contradictions in the literature: devices that technically meet user-identified requirements may still be rejected by users, indicating complex acceptance factors beyond design specs. There is discussion/debate over trade-offs such as aesthetics vs function and whether high-tech solutions are always preferred versus simple solutions that work for individuals (implied by workshop quotes). "
The Role of Neuroergonomics in the Design of Personalized Prosthesis: Deepening the Centrality of Human Being,2022,Opinion / Discussion paper,design methods; user involvement; customization,"The paper identifies gaps in: the sufficiency of neuro-based approaches for designing human-friendly prostheses; lack of integration of first-person subjective experience in personalization processes; insufficient direct user involvement during design, impacting prosthesis acceptance.","Limits highlighted include over-reliance on neurophysiological/functionality metrics while neglecting experiential dimensions, and methodological weaknesses in handling subjective reports (either treating them as secondary or lacking rigorous methods).","Recommend adopting a 'quanto-qualitative' mixed methodology integrating neurophysiological measures with first-person phenomenological data, focus on measuring phenomenological elements (naturalness, perceived ability, embodiment), and use multimodal data integration to evaluate embodiment and improve design outcomes.","The paper frames a debate between neuro-centric/designs emphasizing neurophysiological measures and phenomenological/user-centered perspectives, arguing they are complementary and that overemphasis on neuro methods alone is inadequate."
A scoping review of digital fabrication techniques applied...,2024,Scoping review,"design methods, customization, accessibility, user involvement (multiple)","Key gaps identified include lack of long-term, large-scale studies, paucity of formal peer-reviewed studies for mature/commercial systems despite market use, minimal research on training and maintenance requirements for personnel using digital fabrication equipment, scarce research specifically on modification/rectification practices post-fabrication, and unclear data on the numbers, outcomes, and geographic distribution of clinical use of digital technologies.","Limitations highlighted: predominance of low TRL proof-of-concept studies with limited real-world/long-term testing; frequent omission of critical postprocessing and adjustments in methods reporting; sparse qualitative outcome data and ON-patient long-term evaluations; concerns about material properties, strength and durability of AM-produced devices; and incomplete reporting of materials used.","Recommendations: conduct larger, long-term, and higher-TRL clinical studies and translate in-house/industry R&D into peer-reviewed trials; increase collaboration between academia, industry and clinical teams across the pathway to market; improve visibility and reporting of clinical use, outcomes and geographic spread of digital fabrication systems.","Contradictions/debates: tension between authors advocating low-cost FDM scaling and lack of scaled implementation; mixed comparative outcomes between printed and conventional devices across different sites (e.g., Tanzania vs other sites) indicating inconsistent effectiveness findings; discrepancy between commercial market readiness claims and paucity of peer-reviewed longitudinal evidence."
A scoping review of digital fabrication techniques applied to prosthetics and orthotics: Part 1 of 2—Prosthetics,2024,Scoping literature review,design methods; customization; accessibility; user involvement (multiple),"The review identifies several research gaps: lack of long-term, larger-scale studies on digitally fabricated prosthetics; insufficient research into training requirements and necessary rectification processes for clinical teams adopting these technologies; and high variability in production workflows and materials that prevents synthesis and clear conclusions across studies.","The paper highlights limitations in the existing literature: predominance of small, short-term studies and absence of larger longitudinal research; lack of evidence on training and rectification processes needed for clinical implementation; and heterogeneity of workflows and materials complicating comparison and evidence synthesis. These limitations hinder evidence-based decision-making for clinicians, developers, and policymakers.","Recommendations include fostering increased collaboration between academia, industry, and clinical teams across the pathway to market to address identified gaps and support maturation of digital fabrication technologies for prosthetics.",Not mentioned in source.
An Interdisciplinary Approach and Advanced Techniques for Enhanced 3D-Printed Upper Limb Prosthetic Socket Design: A Literature Review,2023,Literature review,"Multiple (design methods, customization, accessibility, user involvement, interdisciplinary collaboration)","The paper identifies gaps in: interdisciplinary collaboration processes and evaluation methods; materials science for 3D-printed prosthetics, including durability and suitable printing materials; quality control and standardization for 3D-printed sockets; regulatory and reimbursement frameworks for additive-manufactured prostheses; empirical evidence on long-term functionality, durability and rates/reasons of prosthesis rejection/abandonment for 3D-printed ULPs.","Limitations highlighted include material properties and durability shortcomings of printed sockets; need for laborious post-processing to achieve acceptable finish and comfort; absence of standardized processes leading to variable quality and functional performance; workforce skill and training gaps for CAD, AM and digital workflows.","Recommendations include developing and validating quality control and standardization methodologies for 3D-printed sockets; targeted interdisciplinary research on materials, durability and long-term outcomes including abandonment rates; fostering interdisciplinary collaboration through institutional innovation, shared language and evidence-based evaluation; training and workforce development in AM/CAD techniques (implied across discussion).","The paper notes tensions/debates such as claims of 3D printing being low-cost versus material and post-processing costs that reduce affordability, and optimism about customization/accessibility versus practical limitations (materials, durability, standards) that temper expectations."
Repairing the prosthetic science-policy rift: Challenges to improved access to and translation of prosthetic technologies,2023,Review (policy/discussion review),accessibility; policy and translation of prosthetic technologies (multiple),"Identifies gaps in access to prosthetic care, including preventative and post-amputation services and racial and socioeconomic disparities in access to prosthetic technologies. Also highlights a gap between advancing prosthetic technologies and health coverage/policy that limits translation and patient access.","Highlights policy and regulatory limitations that determine provision and access to prosthetic technologies, leading to restricted mobility and function for users. Emphasizes existing health disparities that limit adoption and equitable distribution of prosthetic devices.","Recommends bridging the gap between emerging prosthetic technologies and health coverage—i.e., aligning policy/coverage with technological advancement to expand patient access.",Not mentioned in source.
Advances in prosthetic technology: a perspective on ethical considerations for development and clinical translation,2024,Perspective / Discussion paper,multiple,Identified gaps: limited research on prospective user perspectives for guiding new prosthetic designs; poor reporting of participant sociodemographic data (race/ethnicity) limiting equity analyses; underexamined knowledge translation/implementation research to bring innovations into clinical practice; need for studies on integrating digital/AI technologies into clinical decision-making and long-term care pathways.,"Limitations highlighted: technical and commercialization barriers for active prostheses (weight, bulk, inefficiency); training and usability gaps causing device abandonment; reimbursement and coverage structures that exclude cosmetic or high-cost devices; regulatory/education gaps for fabrication and fitters (lack of certification); practical barriers to integrating digital/AI tools including privacy, maintenance, cost-effectiveness, and clinician scope.",Recommendations: adopt user-centered and participatory design methods and usability/acceptance frameworks in development studies; collect and report socioeconomic/demographic data to address equity; generate high-quality evidence of clinical benefit before commercialization and advocate for reimbursement changes; develop decision-support tools and knowledge translation work to help clinicians adopt new tech.,"Debates: conflicting user preferences—some prefer incremental, non-invasive improvements while others would accept invasive/novel technologies for large functional gains; trade-offs between regulatory rigor/high-quality evidence and affordability/accessibility of devices."
Designing a Digital Toolchain for Prosthetics: A Retrospective,2021,retrospective discussion paper,"design methods, customization, accessibility, user involvement",Identifies a gap between tech developers and clinical/user needs and a need for co-design and equal-status partnerships to ensure appropriate technology and stakeholder-defined value propositions.,"Highlights limitations including entrenched manual casting practices, clinical resistance or difficulty adopting full digital workflows, and practical barriers to implementing digital toolchains in LMIC clinical settings.","Recommends technology pull (user/clinical needs drive development), stakeholder mapping of value propositions, stakeholder consultation on benefits/risks, and designing choices informed by health-economic frameworks and multi-level stakeholder concerns.","Identifies a debate between the optimistic claims about digital manufacturing benefits and the clinical reality/resistance where full digital conversion is not straightforward, indicating conflicting perspectives on readiness and appropriateness of 3D/digital methods."
Human factors considerations of Interaction between wearers ... - NIH,2024,literature review / discussion paper,design methods; user involvement; usability (accessibility/usability); customization (UCIs),"Identifies gaps in usability-focused research (usability under-studied compared to functionality), lack of standardized testing/evaluation methods across cognitive and biomechanical measures, limited research on user-centred design of UCIs and tuning interfaces for wearers (novices), unclear objectives for human-in-the-loop optimization and which parameters to optimize, and need to study transparency, trust, and interplay of wearer/device/task characteristics.","Highlights limitations of existing evaluation methods: traditional evaluations inadequate for intelligent LLPs and lack standardization; physiological workload measures face practical limitations (cost, noise, sensitivity); reliance on subjective self-report can be misleading and not align with objective measures.","Recommend adopting the proposed human-factors framework and Nielsen's five usability requirements to guide evaluation and design; standardize testing methods and reporting (e.g., dual-task instructions) to allow cross-study comparisons; focus on designing wearer-friendly UCIs with error prevention and recovery mechanisms and training supports for novices; investigate transparency, trust, and human-in-the-loop optimization goals and impacted wearer characteristics; apply new tasks/measures like SWAVF to assess visuospatial attention during walking.","Notes contradictions between subjective preferences and objective performance measures (self-report vs objective data), and mixed evidence on the utility of physiological measures for cognitive workload during walking due to methodological challenges."
3D printed transtibial prosthetic sockets: A systematic review,2022,systematic review,"design methods, customization, accessibility, user involvement (multiple)","The review identifies several research gaps: clinical evidence is limited and short-term (2–6 weeks); a lack of research on ultimate force and long-term durability/fatigue testing of 3D-printed sockets; heterogeneous and poorly-justified material choices across studies, limiting comparability and material-selection guidance; insufficient evidence addressing safety, durability, and comfort that impede clinical adoption; and a need for research into factors that drive clinical utilization (implementation barriers).",Key limitations highlighted include large methodological heterogeneity across studies that prevents meta-analysis and clear comparisons; reliance on ISO 10328 which concentrates stress at the distal end and may miss proximal failure risks; poor study designs such as lack of sample size justification and single-sample testing limiting statistical power; and variability in manufacturing processes and limb/test setups causing inconsistent socket geometry and strength outcomes.,"Recommendations include design modifications to strengthen the distal end and pyramid attachment and use emerging printing technologies (e.g., annealing, composite filaments) to improve strength; research into printing parameters and distal reinforcement (stronger layer around pin holes); standardization and development of socket testing methods beyond ISO 10328 to assess other regions; and studies demonstrating durability/fatigue and investigating barriers to clinical adoption to increase utilization.","There are nuanced, partially conflicting findings: on one hand, cumulative analyses suggest 3DS and LCS have similar failure probabilities at P5-P7 loads; on the other hand, averaged measures and observations indicate 3DS (PLA/PP) are generally weaker than LCS unless reinforced with composites, and at high loads (>4500 N/P8) 3DS may be more likely to fail. These differences reflect heterogeneity in materials, testing alignments, and manufacturing methods and lead to debate about equivalence of 3DS and LCS."
A Review of Recent Applications of 3D Printing in Healthcare Research and Development,2025,Literature review (review paper / narrative review),"multiple (custom prosthetics, design methods, customization, accessibility, regulatory and user-related issues)","The paper identifies gaps in regulatory frameworks and quality control for 3D-printed medical products, a limited library of suitable biomaterials that are biocompatible, sterilisable, and durable, and unmet needs around equity, cost, and healthcare infrastructure that limit access in low-resource settings.","The paper highlights limitations including regulatory and quality-control complexity for individualized 3D-printed devices, unresolved material biocompatibility and long-term durability issues, and insufficient interdisciplinary training and workforce capacity to implement 3DP clinically.","The paper recommends advancing material science and bioprinting technologies and pursuing regulatory harmonization to enable clinical translation of 3DP applications, and calls for efforts to address equity, cost, and infrastructure to improve access in low-resource settings. It also suggests continued research toward bioprinting capabilities for tissue and organ fabrication.",Not mentioned in source.
Perceived barriers and opportunities to the use of 3D printing in a healthcare system with low adoption: A semi-structured interview study,2025,Qualitative interview study (not a review),additive manufacturing in healthcare — design methods/customization/accessibility/user involvement (multiple),"Identifies lack of large-scale clinical effectiveness and safety studies for 3D printing in healthcare, a paucity of technology assessment research on 3D printing and its impacts on adoption, and limited generalisability from single-region studies indicating need for broader, international research.","Highlights low awareness among HCPs and limited access to printers and expertise, shortages of specialist staffing and infrastructure in many facilities, systemic pressures and competing priorities that deprioritise innovation, and potential role disruption, regulatory and quality concerns from shifting production in-house.",Recommend raising awareness and implementing education/interventions for HCPs about 3D printing benefits and uses; consider hub-and-spoke models with point-of-care facilities acting as regional hubs to share expertise and resources; and conduct broader international and technology-assessment research to establish evidence of effectiveness and safety.,"Documents debates among HCPs about education (whether 3D printing belongs in undergraduate curricula), tensions between innovation and resource-constrained priorities—innovation seen as a 'luxury' vs potential adjunct to care, and concerns about role displacement and disruption of existing supply relationships and regulatory/legal implications."
A Case Study: Can 3D printers be used to address the prosthetic needs of amputees in the Dominican Republic?,2020,Thesis / case study with literature review (not a formal systematic review),"multiple (additive manufacturing/3D printing, customization, accessibility, user involvement)","Identifies limited formal research and lack of standardized procedures for 3D-printed lower-limb prosthetics, gaps in published evidence representing field practice, and limited data on long-term device lifespan and repairs.","Highlights systemic limitations: fragmented institutional responsibilities and accountability, resulting monetary and transport barriers to access, and limited technical education/information among practitioners and decision-makers.","Recommends adopting 3D printing (or hybrid) for cost reduction and decentralization, streamlining government infrastructure or establishing a public-private alliance (PPA) with ADR as lead, partnering with experienced NGOs for training/transition, and promoting technical education and assessment protocols.","Notes tension between promising pilot/NGO-driven results and limited formal research/standards, especially for lower-limb devices; i.e., enthusiasm from case studies contrasts with lack of standardized evidence and long-term evaluation."
The Current State of 3D-Printed Prostheses Clinical Outcomes: A Systematic Review,2025,Systematic review,Customization; design methods; accessibility; user involvement (multiple),"Identified gaps include small sample sizes and limited high-quality evidence, lack of randomized controlled trials and rigorous study designs, heterogeneous and non-standardized outcome measures and assessment tools hindering comparability, and absence of studies on certain prosthetic types (e.g., above-knee devices).","Key limitations highlighted are frequent device durability and component breakage issues, heterogeneity and lack of standardized assessment tools for patient-reported outcomes, technical/process limitations in digital workflows such as limited tactile feedback, post-processing needs, and printer variability, and generally low methodological quality across studies with most rated fair or poor.","Recommendations include conducting well-designed, larger clinical trials with standardized outcome measures and long-term follow-up, developing standardized evaluation protocols and studying long-term durability and broader prosthetic applications, and addressing regulatory, material, and technical barriers to facilitate clinical adoption.","The paper notes conflicting findings: in some studies able-bodied users performed better with 3D-printed hands while users with amputations performed better with traditional hooks, indicating variability in device effectiveness across user populations. It also highlights a debate over durability versus accessibility—3D-printed devices improve access and customization but face durability and evidence-quality concerns."
3D-printed prostheses in developing countries: A systematic review,2022,Systematic Review,customization; accessibility; design methods,"The review identifies a lack of clear evidence on sustainability and scalability of 3D-printed prostheses in lower-income and lower-middle-income countries, noting uncertainty about whether 3D-printing can provide a sustainable solution. It also highlights insufficient and heterogeneous published data on outcomes (costs, weight, technology, user satisfaction, failure rates), indicating a need for more rigorous, standardized research and reporting to build broader knowledge for LLMIC contexts.","The paper highlights limitations including material scarcity and high cost barriers in LLMICs that impede prosthesis availability. It also notes that while 3D-printing can lower costs and provide patient-specific components, practical limitations remain in manufacturing and postprocessing capacity and in the evidence base because included studies were limited to interventions in LLMICs and varied in measures reported.","Recommend more rigorous, standardized scientific research and publication on 3D-printed prostheses in LLMICs, including consistent reporting on cost, weight, printing technologies, user satisfaction, and failure rates to assess effectiveness and scalability.",Not mentioned in source.
A scoping review of digital fabrication techniques applied...,2024,Scoping review,"design methods, customization, accessibility, user involvement (multiple)","Key gaps identified include lack of long-term, large-scale studies, paucity of formal peer-reviewed studies for mature/commercial systems despite market use, minimal research on training and maintenance requirements for personnel using digital fabrication equipment, scarce research specifically on modification/rectification practices post-fabrication, and unclear data on the numbers, outcomes, and geographic distribution of clinical use of digital technologies.","Limitations highlighted: predominance of low TRL proof-of-concept studies with limited real-world/long-term testing; frequent omission of critical postprocessing and adjustments in methods reporting; sparse qualitative outcome data and ON-patient long-term evaluations; concerns about material properties, strength and durability of AM-produced devices; and incomplete reporting of materials used.","Recommendations: conduct larger, long-term, and higher-TRL clinical studies and translate in-house/industry R&D into peer-reviewed trials; increase collaboration between academia, industry and clinical teams across the pathway to market; improve visibility and reporting of clinical use, outcomes and geographic spread of digital fabrication systems.","Contradictions/debates: tension between authors advocating low-cost FDM scaling and lack of scaled implementation; mixed comparative outcomes between printed and conventional devices across different sites (e.g., Tanzania vs other sites) indicating inconsistent effectiveness findings; discrepancy between commercial market readiness claims and paucity of peer-reviewed longitudinal evidence."
3D Printing in the Creation of Orthopedic Prostheses and Orthoses,2025,systematic review,"customization, design methods, materials (multiple)","The review identifies major research gaps including lack of standardization in 3D printing protocols, insufficient long-term clinical outcome data to validate durability and safety, and technical barriers to wider clinical adoption. It also calls for the creation of systematized data, protocols and standards of conduct, and further research to better understand and implement 3D printing in clinical practice.","The paper highlights limitations including lack of standardized study protocols and clinical procedures, limited long-term safety and performance data, and technical constraints of materials (e.g., insufficient mechanical strength of some bioinks/bioceramics) that prevent standalone use in load-bearing applications.","Recommendations include developing standardized protocols and reporting, conducting long-term clinical validation studies, and focused research to improve material mechanical properties and biocompatibility to enable load-bearing applications and broader clinical adoption.","The review notes ambiguous and sometimes conflicting results: while many studies report benefits of 3D printing (customization, comfort, reduced costs), some evidence suggests conventional materials remain superior in certain load-bearing or durability contexts, indicating debate over where 3D-printed solutions are preferable."
3D-printed prostheses in developing countries: A systematic review,2022,Systematic Review,customization; accessibility; design methods,"The paper identifies a lack of clear evidence that 3D-printing can sustainably address low prosthesis availability in lower-income countries, and highlights insufficient and non-homogeneous published data on 3D-printed prostheses for LLMICs, indicating a need for more scientific research and consistent reporting.","The review notes limitations in the current evidence base: studies are heterogeneous and limited in scope, reporting primarily descriptive outcomes such as cost, weight, satisfaction and failure rate rather than long-term effectiveness or sustainability. While 3D-printed prostheses show promise due to low material costs, aesthetics and personalization, the review implies these advantages are not yet proven at scale or over time.","The authors recommend more (scientific) published research with standardized, homogeneous data on 3D-printed prostheses in LLMICs to assess sustainability and broader applicability, and continued use of systematic search approaches across major databases to capture evidence.",Not mentioned in source.
3D-printed orthoses and prostheses for people with physical disability in rehabilitation centers: a scoping review,2024,Scoping review,Customization; design methods; accessibility; user involvement (multiple),"Identifies gaps in clinical evidence and validation: lack of long-term follow-up data on efficacy, safety, durability, comfort, weight, and dimensions of 3D-printed devices; inadequate sample sizes/participant representation and need for broader amputee validation of CAD/3DP methods.","Highlights material and performance limitations: problems with force transmission, rigidity, resistance, durability, weight (heavier/bulkier designs to match resistance), and task performance (grip slipping).","Recommends: larger clinical studies with long-term follow-up assessing efficacy, safety, durability, comfort, weight, dimensions, and ease of use; broaden participant validation (more amputees) for CAD/3DP methods; collaboration between clinical and research communities to develop useful digital tools.","Identifies a tension: while many studies report successful, time-efficient manufacture and positive functional outcomes, persistent material and performance limitations (rigidity, force, resistance) create conflicting impressions about readiness for clinical adoption."
"3D Printing in Prosthetics, Orthotics and Assistive Technology: Myth and Reality",2023,Discussion paper / Editorial,design methods; additive manufacturing (customization overlap),"The paper identifies gaps in evidence and data supporting objective design decisions in prosthetics/orthotics, stressing that 3D printing is a tool not a solution and that interdisciplinary collaboration is lacking and needed to translate AM developments into clinical value.","The paper highlights limitations including concerns over mechanical robustness of 3D-printed components and fit-related harms, and emphasizes that technology alone (printers) cannot substitute for clinical expertise.","Recommendations focus on interdisciplinary collaboration and inclusion of prosthetists/orthotists throughout research and development, and on clinicians engaging with digital production chains to ensure clinical relevance and safe adoption.","The paper notes a debate between public/enthusiast expectations that 3D printing would disrupt prosthetics and clinician skepticism about robustness and fit, but does not present conflicting empirical findings; rather it frames a tension between optimism and clinical caution."
Overcoming Challenges and Innovations in Orthopedic Prosthesis Design: An Interdisciplinary Perspective,2023,Literature review / discussion paper,Multiple,"The paper highlights gaps in access and equity for prosthetic devices in developing countries, challenges in technology/materials and R&D for upper-limb prostheses affecting user suitability, and limited evidence on biomechanical and clinical outcomes for patient-specific/customized implants.","The paper discusses limitations including potential toxicity and emissions from additive manufacturing materials used in prosthetics, insufficient and inconsistent methods for measuring interface stresses within prosthetic sockets, and fragmented practice due to lack of multidisciplinary, user-centred approaches in design and deployment.","Recommendations emphasise adopting multidisciplinary, user-centred design practices to improve access and suitability of prosthetics, and further research into patient-specific/customized implants to establish biomechanical and clinical benefits.","The paper references areas with differing viewpoints, such as the effectiveness and readiness of virtual reality and computational tools for training and rehabilitation versus practical control strategies for active prosthetics, indicating debates on technology readiness and translational gaps in clinical adoption."
An Interdisciplinary Approach and Advanced Techniques for Enhanced 3D-Printed Upper Limb Prosthetic Socket Design: A Literature Review,2023,Literature review,"Multiple (design methods, customization, accessibility, user involvement, interdisciplinary collaboration)","The paper identifies gaps in: interdisciplinary collaboration processes and evaluation methods; materials science for 3D-printed prosthetics, including durability and suitable printing materials; quality control and standardization for 3D-printed sockets; regulatory and reimbursement frameworks for additive-manufactured prostheses; empirical evidence on long-term functionality, durability and rates/reasons of prosthesis rejection/abandonment for 3D-printed ULPs.","Limitations highlighted include material properties and durability shortcomings of printed sockets; need for laborious post-processing to achieve acceptable finish and comfort; absence of standardized processes leading to variable quality and functional performance; workforce skill and training gaps for CAD, AM and digital workflows.","Recommendations include developing and validating quality control and standardization methodologies for 3D-printed sockets; targeted interdisciplinary research on materials, durability and long-term outcomes including abandonment rates; fostering interdisciplinary collaboration through institutional innovation, shared language and evidence-based evaluation; training and workforce development in AM/CAD techniques (implied across discussion).","The paper notes tensions/debates such as claims of 3D printing being low-cost versus material and post-processing costs that reduce affordability, and optimism about customization/accessibility versus practical limitations (materials, durability, standards) that temper expectations."
The Current State of 3D-Printed Prostheses Clinical Outcomes - NIH,2025,Systematic review,multiple,"The review identifies several research gaps: small sample sizes and limited high-quality evidence limiting generalizability; lack of studies on certain prosthetic types, notably above-knee devices; and heterogeneity in outcome measures and assessment tools that impede cross-study comparisons.","The paper highlights key limitations: frequent device durability issues (component breakage); predominance of small, low-quality studies lacking randomized controlled trials and rigorous designs; and heterogeneity in outcome measures reducing comparability and generalizability.","Recommendations include: conduct well-designed clinical trials with larger sample sizes and long-term follow-up, develop and adopt standardized outcome measures and evaluation protocols, investigate long-term durability and wider prosthetic types (e.g., above-knee devices), and address regulatory and material challenges to support clinical translation.","The review notes conflicting performance findings: some studies report 3D-printed devices outperforming conventional devices in able-bodied or inexperienced users, while others report conventional hooks outperforming 3D-printed hands for experienced amputee users, indicating mixed evidence and user-dependent effectiveness. The overall interpretation is cautious due to limited study quality and heterogeneity."
"Review of Robotic Prostheses Manufactured with 3D Printing: Advances, Challenges, and Future Perspectives",2025,Literature review (review article),multiple,"Identifies gaps in: standardization and regulation for 3D-printed prostheses; material optimization and lack of durable, biocompatible materials for long-term use; limited functionality and control (precision, sensor interpretation, integration with biological systems such as BCIs); economic and infrastructural barriers limiting global access and affordability; need for methods for dynamic/custom adaptive fit over time and standard methods for measuring/manufacturing custom prostheses.",Highlights limitations: material durability and mechanical weaknesses of common printing materials; limited control accuracy and lack of sensory feedback in prostheses (myoelectric signal interpretation); economic barriers including equipment and material costs and limited infrastructure for production and distribution; regulatory variability and lack of standardization affecting safety and certification (implied elsewhere).,"Recommends: research into novel, biocompatible and durable materials and multi-material/4D printing techniques; development of global standards and regulatory frameworks for safety and quality testing; investment in infrastructure and policies to improve access and reduce costs, including public–private and international collaborations; further integration of AI, BCIs, AR/VR for control and rehabilitation research.","Notes a tension: 3D printing is presented as both a democratizing, low-cost solution and as limited by infrastructure, regulatory barriers, and upfront equipment/material costs—creating a debate about real-world accessibility and scalability. No explicit conflicting study findings are reported; rather the paper highlights trade-offs and implementation challenges."
Sculpting the future: a narrative review of 3D printing in plastic surgery and prosthetic devices,2024,Narrative review,multiple,"The paper identifies gaps in suitable biomaterials and their long-term biocompatibility; a lack of robust economic analyses comparing 3D printing to traditional methods; insufficient large-cohort or randomized evidence to validate efficacy and safety, with most data from small case series; and needs for optimization of design processes and assessment of long-term outcomes and cost-effectiveness.","Limitations highlighted include limited high-quality comparative studies and randomized trials; material and manufacturing constraints (material selection, mechanical properties, bio-ink limitations); time and cost trade-offs for CAD-based/custom implants versus simpler guides; and regulatory, legal, and ethical challenges including lack of standardized frameworks.","Recommendations include research to refine materials and design processes and to study long-term outcomes and cost-effectiveness; regulatory reform and coordinated frameworks for safety and legal clarity; expanded training and interdisciplinary collaboration between surgeons, engineers, and manufacturers; and economic strategies such as collaborative funding and open-source approaches to improve affordability.","The paper notes debates over cost-effectiveness and patient acceptance: while 3D printing can reduce long-term costs and improve planning, some patients still prefer traditional prosthetics for perceived durability, indicating conflicting perspectives on economic value and user preference."